index	question	answer	contexts	ground_truth	rag_question	rag_label	kg_consistency	claim_entailment	response_entailment	latency	vram_usage	action	params	failure_label	bandit_reward
0	Colin Kaepernick became a starting quarterback during the 49ers 63rd season in the National Football League.	The provided context does not contain any specific information about Colin Kaepernick becoming a starting quarterback for the San Francisco 49ers during their 63rd season.	"[""Kaepernick began his professional career as a backup to Alex Smith , but became the 49ers ' starter in the middle of the 2012 season after Smith suffered a concussion . He remained the team 's starting quarterback for the rest of the season and went on to lead the 49ers to their first Super Bowl appearance since 1994 , losing to the Baltimore Ravens . During the 2013 season , his first full season as a starter , Kaepernick helped the 49ers reach the NFC Championship , losing to the Seattle Seahawks .""
 'Colin Rand Kaepernick ( [ ` kæpərnɪk ] ; born November 3 , 1987 ) is an American football quarterback who is currently a free agent . Kaepernick played collegiate football at the University of Nevada where he was named the Western Athletic Offensive Player of the Year twice and was the Most Valuable Player of the 2008 Humanitarian Bowl . Kaepernick was selected by the San Francisco 49ers in the second round of the 2011 NFL Draft .'
 'In the following seasons , Kaepernick lost and won back his starting job , with the 49ers missing the playoffs for three years consecutively .   In 2016 , Kaepernick gained national attention when he began protesting by not standing while the United States national anthem was being performed before the start of games , motivated by what he viewed as the oppression of non-white races in the U.S. His actions prompted a wide variety of responses , including additional athletes in the NFL and other U.S. sports leagues protesting the anthem in various ways .'
 'He was released by the Falcons shortly before leaving prison .   After serving his sentence , Vick signed with the Eagles in 2009 . As a member of the Eagles for five years , he enjoyed the greatest statistical season of his career and was named to a fourth Pro Bowl in 2010 , but left the team after being unable to match his prior success . In his final two seasons , Vick played for the New York Jets and Pittsburgh Steelers for one year each , primarily as a backup .'
 'Michael Dwayne Vick ( born June 26 , 1980 ) is a former American football quarterback who played 13 seasons in the National Football League , primarily with the Atlanta Falcons and the Philadelphia Eagles . He played college football at Virginia Tech and was selected by the Falcons as the first overall pick in the 2001 NFL Draft . During his six years with the Falcons , Vick was regarded as having transformed the quarterback position with his rushing abilities and was named to three Pro Bowls .'
 ""He holds the record for the most career rushing yards by a quarterback ( 6,109 ) and the most rushing yards by a quarterback in a season ( 1,039 ) .   Vick 's NFL career came to a halt in 2007 after he pled guilty for his involvement in a dog fighting ring and spent 21 months in federal prison . His arrest and subsequent conviction garnered Vick notoriety with the general public , which lasted throughout the rest of his career . He was released by the Falcons shortly before leaving prison .""
 'He then played college basketball for the Miami Hurricanes of the University of Miami , where he was a three-year starter and finished his career averaging 11 points per game . He was named Third Team All-Big East his junior year and Second Team Verizon Academic All-American his senior year . He was inducted into the University of Miami Sports Hall of Fame in 2014 .   Jones was drafted by the Indiana Pacers in the second round of the 2003 NBA Draft .'
 'He officially retired from professional football in 2017 after spending the entirety of the 2016 season in free agency .'
 'Jack Ryan Falahee ( born February 20 , 1989 ) is an American actor . He is known for his role as Connor Walsh on the ABC television legal drama How to Get Away with Murder , and for playing Benjamin Stringfellow on the PBS historical drama Mercy Street .'
 ""He appeared as a judge on the first two seasons of the U.S. version of the television show The X Factor , but in December 2012 announced he would not be back for the show 's third season , saying he wanted to focus on his leadership at Epic Records .""]"	NOTENOUGHINFO	Did Colin Kaepernick become a starting quarterback for the San Francisco 49ers during their 63rd season in the National Football League?	NOTENOUGHINFO	MISSING	ENTAILMENT	CONTRADICTION	7.489972711000064	292.54345703125	-1	{'retriever': 'dense', 'topk': 10, 'reranker': False, 'prompt_edit': False, 'reindex': False}	WRONG_RESPONSE_FAILURE	{'total_reward': -0.0, 'failure_reward': 0.0, 'prediction_reward': 1.0, 'consistency_reward': 0.0, 'factuality_reward': 0.0, 'latency_budget_strict': 0.0, 'vram_budget_strict': 1.0, 'latency_rate': 1.4979945422000127, 'vram_rate': 0.0}
0	Colin Kaepernick became a starting quarterback during the 49ers 63rd season in the National Football League.	The provided context does not contain any specific information about Colin Kaepernick becoming a starting quarterback for the San Francisco 49ers during their 63rd season.	"[""Kaepernick began his professional career as a backup to Alex Smith , but became the 49ers ' starter in the middle of the 2012 season after Smith suffered a concussion . He remained the team 's starting quarterback for the rest of the season and went on to lead the 49ers to their first Super Bowl appearance since 1994 , losing to the Baltimore Ravens . During the 2013 season , his first full season as a starter , Kaepernick helped the 49ers reach the NFC Championship , losing to the Seattle Seahawks .""
 'Colin Rand Kaepernick ( [ ` kæpərnɪk ] ; born November 3 , 1987 ) is an American football quarterback who is currently a free agent . Kaepernick played collegiate football at the University of Nevada where he was named the Western Athletic Offensive Player of the Year twice and was the Most Valuable Player of the 2008 Humanitarian Bowl . Kaepernick was selected by the San Francisco 49ers in the second round of the 2011 NFL Draft .'
 'In the following seasons , Kaepernick lost and won back his starting job , with the 49ers missing the playoffs for three years consecutively .   In 2016 , Kaepernick gained national attention when he began protesting by not standing while the United States national anthem was being performed before the start of games , motivated by what he viewed as the oppression of non-white races in the U.S. His actions prompted a wide variety of responses , including additional athletes in the NFL and other U.S. sports leagues protesting the anthem in various ways .']"	NOTENOUGHINFO	Did Colin Kaepernick become a starting quarterback for the San Francisco 49ers during their 63rd season in the National Football League?	NOTENOUGHINFO	MISSING	ENTAILMENT	CONTRADICTION	5.4049250299999585	103.9296875	0	{'reranker': True}	WRONG_RESPONSE_FAILURE	{'total_reward': -0.0, 'failure_reward': 0.0, 'prediction_reward': 1.0, 'consistency_reward': 0.0, 'factuality_reward': 0.0, 'latency_budget_strict': 0.0, 'vram_budget_strict': 1.0, 'latency_rate': 1.0809850059999917, 'vram_rate': 0.0}
0	Tilda Swinton is a vegan.	The provided context does not contain any information about Tilda Swinton's dietary habits or consumption of animal products.	"[""Katherine Matilda `` Tilda '' Swinton ( born 5 November 1960 ) is a British actress , performance artist , model , and fashion muse , known for her roles in independent and Hollywood films . She is the recipient of two BAFTA Awards , one BIFA Award , an Academy Award for Best Supporting Actress and has received three nominations for a Golden Globe Award .""
 ""She began her career in films directed by Derek Jarman , starting with Caravaggio ( 1986 ) , followed by The Last of England ( 1988 ) , War Requiem ( 1989 ) and The Garden ( 1990 ) . Swinton won the Volpi Cup for Best Actress at the Venice Film Festival for her performance as Isabella of France in Edward II ( 1991 ) . She next starred in Sally Potter 's Orlando ( 1992 ) , and was nominated for the European Film Award for Best Actress .""
 ""Trainwreck ( 2015 ) , A Bigger Splash ( 2015 ) and Doctor Strange '' ( 2016 ) .   In 2005 , Swinton was given the Richard Harris Award by the British Independent Film Awards in recognition of her contributions to the British film industry . In 2013 she was given a special tribute by the Museum of Modern Art .""
 ""Swinton later starred in the dark romantic fantasy drama , Only Lovers Left Alive ( 2014 ) . She is also known for her performances as the White Witch in the Chronicles of Narnia series ( 2005 -- 10 ) . Swinton won the Academy Award for Best Supporting Actress and the BAFTA Award for Best Actress in a Supporting Role for her performance as lawyer Karen Crowder in Michael Clayton ( 2007 ) . Her other film appearances include Female Perversions ( 1996 ) , Tim Roth 's The War Zone ( 1998 ) ,""
 ""Bullock 's greatest commercial success is the animated comedy film Minions ( 2015 ) , which grossed over US$ 1 billion at the box office . In 2007 , she was one of Hollywood 's highest-paid actresses . She was also named `` Most Beautiful Woman '' by People magazine in 2015 .   In addition to her acting career , Bullock is the founder of the production company Fortis Films .""
 'Swinton was nominated for a Golden Globe Award for her performance in The Deep End ( 2001 ) . She followed this with appearances in Vanilla Sky ( 2001 ) , Adaptation ( 2002 ) , Young Adam ( 2003 ) , and Constantine ( 2005 ) . She then starred in the crime drama Julia ( 2008 ) , I Am Love ( 2009 ) , and the psychological thriller We Need to Talk About Kevin ( 2011 ) .'
 ""Her debut album , Animal , and her first extended play , Cannibal , were released in 2010 . Kesha 's music and image propelled her to immediate commercial success , with Animal debuting as the number-one album in the United States . She also achieved 3 more number-one singles , `` Tik Tok '' and `` We R Who We R '' as a solo artist , and `` Timber '' as a featured artist , and a string of top-ten singles from the album and its re-release .""
 'Giselle Loren has lent her voice to the character in both the Buffy video games and an unproduced animated series , while Kelly Albanese lent her voice to the character in the Buffy the Vampire Slayer Season Eight motion comics .   Buffy is the protagonist of the story , and the series depicts her life and adventures as she grows up . In the film , she is a high school cheerleader who learns that she is the Slayer ( a Chosen One gifted with the strength and skills to fight vampires , demons , and the forces of darkness ) .'
 ""The first such movie , Briana Loves Jenna ( with Briana Banks ) , was named at the 2003 AVN Awards as the best-selling and best-renting pornographic title for 2002 . By 2005 , ClubJenna had revenues of US$ 30 million with profits estimated at half that . Advertisements for her site and films , often bearing her picture , have towered on a 48-foot-tall billboard in New York City 's Times Square .""
 ""Noah Lindsey Cyrus ( born January 8 , 2000 ) is an American actress and singer . She voiced the title role in the English version of the 2009 animated feature film Ponyo . In 2016 , she released her debut single `` Make Me ( Cry ) '' , featuring vocals from Labrinth . Her debut album is set to be released in late 2017 . She is the youngest daughter of Billy Ray Cyrus and younger sister of Miley Cyrus and Trace Cyrus .""]"	NOTENOUGHINFO	Is it true that Tilda Swinton does not consume animal products?	NOTENOUGHINFO	MISSING	NEUTRAL	NEUTRAL	4.74492694699984	338.22509765625	-1	{'retriever': 'dense', 'topk': 10, 'reranker': False, 'prompt_edit': False, 'reindex': False}	NOTENOUGHINFO_FAILURE	{'total_reward': 0.01700487020001066, 'failure_reward': 0.0, 'prediction_reward': 1.0, 'consistency_reward': 0.0, 'factuality_reward': 0.0, 'latency_budget_strict': 1.0, 'vram_budget_strict': 1.0, 'latency_rate': 0.948985389399968, 'vram_rate': 0.0}
0	Tilda Swinton is a vegan.	The provided context does not contain any information about Tilda Swinton's dietary habits or consumption of animal products.	"[""Katherine Matilda `` Tilda '' Swinton ( born 5 November 1960 ) is a British actress , performance artist , model , and fashion muse , known for her roles in independent and Hollywood films . She is the recipient of two BAFTA Awards , one BIFA Award , an Academy Award for Best Supporting Actress and has received three nominations for a Golden Globe Award .""
 ""She began her career in films directed by Derek Jarman , starting with Caravaggio ( 1986 ) , followed by The Last of England ( 1988 ) , War Requiem ( 1989 ) and The Garden ( 1990 ) . Swinton won the Volpi Cup for Best Actress at the Venice Film Festival for her performance as Isabella of France in Edward II ( 1991 ) . She next starred in Sally Potter 's Orlando ( 1992 ) , and was nominated for the European Film Award for Best Actress .""
 ""Trainwreck ( 2015 ) , A Bigger Splash ( 2015 ) and Doctor Strange '' ( 2016 ) .   In 2005 , Swinton was given the Richard Harris Award by the British Independent Film Awards in recognition of her contributions to the British film industry . In 2013 she was given a special tribute by the Museum of Modern Art .""
 ""Swinton later starred in the dark romantic fantasy drama , Only Lovers Left Alive ( 2014 ) . She is also known for her performances as the White Witch in the Chronicles of Narnia series ( 2005 -- 10 ) . Swinton won the Academy Award for Best Supporting Actress and the BAFTA Award for Best Actress in a Supporting Role for her performance as lawyer Karen Crowder in Michael Clayton ( 2007 ) . Her other film appearances include Female Perversions ( 1996 ) , Tim Roth 's The War Zone ( 1998 ) ,""
 ""Bullock 's greatest commercial success is the animated comedy film Minions ( 2015 ) , which grossed over US$ 1 billion at the box office . In 2007 , she was one of Hollywood 's highest-paid actresses . She was also named `` Most Beautiful Woman '' by People magazine in 2015 .   In addition to her acting career , Bullock is the founder of the production company Fortis Films .""]"	NOTENOUGHINFO	Is it true that Tilda Swinton does not consume animal products?	NOTENOUGHINFO	MISSING	NEUTRAL	NEUTRAL	4.219973384000241	149.14892578125	0	{'retriever': 'dense', 'topk': 5, 'reindex': False}	NOTENOUGHINFO_FAILURE	{'total_reward': 0.05200177439998395, 'failure_reward': 0.0, 'prediction_reward': 1.0, 'consistency_reward': 0.0, 'factuality_reward': 0.0, 'latency_budget_strict': 1.0, 'vram_budget_strict': 1.0, 'latency_rate': 0.8439946768000481, 'vram_rate': 0.0}
0	Fox 2000 Pictures released the film Soul Food.	Fox 2000 Pictures released the film Soul Food.	"['In 2015 , it was announced that 20th Century Fox is planning a sequel for film called More Soul Food , written by Tillman , Jr. .'
 ""Soul Food is a 1997 American comedy-drama film produced by Kenneth `` Babyface '' Edmonds , Tracey Edmonds and Robert Teitel and released by Fox 2000 Pictures . Featuring an ensemble cast , the film stars Vanessa L. Williams , Vivica A. Fox , Nia Long , Michael Beach , Mekhi Phifer , Jeffrey D. Sams , Irma P. Hall , Gina Ravera and Brandon Hammond . Written and directed by George Tillman , Jr.""
 'Written and directed by George Tillman , Jr. -- in his major studio debut -- the film centers on the trials of an extended African-American family , held together by longstanding family traditions which begin to fade as serious problems take center stage .   Tillman based the family in the film on his own and Soul Food was widely acclaimed for presenting a more positive image of African-Americans than is typically seen in Hollywood films . In 2000 , Showtime premiered a one-hour television series based upon the film .'
 ""The film focuses on the amnesiac fish Dory , who journeys to be reunited with her parents .   The film premiered at the El Capitan Theatre in Los Angeles on June 8 , 2016 , and was released in the United States on June 17 , 2016 . Upon release , the film was a critical and commercial success , grossing over $ 1 billion worldwide , becoming the second Pixar film to cross this mark after 2010 's Toy Story 3 .""
 'It was financed by Sony , LStar Capital and Village Roadshow Pictures and also produced by Original Film and Scholastic Entertainment .   The film premiered on June 24 , 2015 at the CineEurope fair in Barcelona , Spain , and was theatrically released on October 16 , 2015 in the United States by Sony Pictures Entertainment under its Columbia Pictures and Sony Pictures Animation labels . Goosebumps grossed $ 150 million against its $ 84 million budget .'
 ""Penn directed one of the 11 segments of 11 ' 09 `` 01 September 11 ( 2002 ) , a compilation film made in response to the September 11 attacks . His fourth feature film , the biographical drama survival movie Into the Wild ( 2007 ) , garnered critical acclaim and two Academy Award nominations .""
 'Shot at Screen Gems studios and in Ojai , California , the film was released on September 17 , 2010 , received positive reviews and grossed $ 75 million worldwide .'
 "", which was a box office hit . In 2003 , Kutcher appeared in romantic comedies Just Married and My Boss 's Daughter and , the same year , he created , produced , and hosted Punk 'd which aired on MTV for five seasons until its revival in 2012 . In 2004 , Kutcher starred in the lead role of the psychological film The Butterfly Effect and gained public recognition .""
 ""Four of Ellis 's works have been made into films . Less Than Zero was rapidly adapted for screen , leading to the release of a starkly different film of the same name in 1987 . Mary Harron 's adaptation of American Psycho was released to generally positive reviews in 2000 and went on to achieve cult status . Roger Avary 's 2002 adaptation The Rules of Attraction made modest box office returns but went on to attract a cult following .""
 'The film set numerous records , including the highest-grossing animated film opening of all time in North America .']"	SUPPORTS	Did Fox 2000 Pictures release the film Soul Food?	SUPPORTS	CONSISTENT	ENTAILMENT	ENTAILMENT	4.181509624000228	248.60546875	-1	{'retriever': 'dense', 'topk': 10, 'reranker': False, 'prompt_edit': False, 'reindex': False}	NO_FAILURE	{'total_reward': 0.1636980751999545, 'failure_reward': 1.0, 'prediction_reward': 1.0, 'consistency_reward': 1.0, 'factuality_reward': 1.0, 'latency_budget_strict': 1.0, 'vram_budget_strict': 1.0, 'latency_rate': 0.8363019248000455, 'vram_rate': 0.0}
0	Anne Rice was born in New Jersey.	The provided context does not contain any information about Anne Rice's place of birth.	"['Her writing style and the literary content of her works have been deeply analyzed by literary commentators . She was married to poet and painter Stan Rice for 41 years , from 1961 until his death from brain cancer in 2002 at age 60 . She and Stan had two children , Michele , who died of leukemia at age five , and Christopher , who is also an author .'
 ""The following year , Caroline , her mother , and brother settled on the Upper East Side of Manhattan , where she attended school . Kennedy graduated from Radcliffe College and worked at Manhattan 's Metropolitan Museum of Art , where she met her future husband , exhibit designer Edwin Schlossberg . She went on to receive a J.D. degree from Columbia Law School . Most of Kennedy 's professional life has spanned law and politics , as well as education reform and charitable work .""
 ""Several years later she distanced herself from organized Christianity , citing disagreement with the Church 's stances on social issues but pledging that faith in God remained `` central to [ her ] life . '' However , she now considers herself a secular humanist .   Rice 's books have sold nearly 100 million copies , placing her among the most popular authors in recent American history . While reaction to her early works was initially mixed , she became more popular with critics and readers in the 1980s .""
 'She was raised in an observant Catholic family , but became an agnostic as a young adult . She began her professional writing career with the publication of Interview with the Vampire in 1976 , while living in California , and began writing sequels to the novel in the 1980s . In the mid-2000s , following a publicized return to Catholicism , Rice published the novels Christ the Lord : Out of Egypt and Christ the Lord : The Road to Cana , fictionalized accounts of certain incidents in the life of Jesus .'
 ""Anne Rice ( born Howard Allen Frances O'Brien ; October 4 , 1941 ) is an American author of gothic fiction , Christian literature , and erotica . She is perhaps best known for her popular and influential series of novels , The Vampire Chronicles , revolving around the central character of Lestat . Books from The Vampire Chronicles were the subject of two film adaptations , Interview with the Vampire in 1994 , and Queen of the Damned in 2002 .   Born in New Orleans , Rice spent much of her early life there before moving to Texas , and later to San Francisco .""
 'Jennifer Lynn Lopez ( born July 24 , 1969 ) , also known as JLo , is an American singer , actress , dancer , fashion designer , author , and producer . Lopez gained her first high-profile job as a Fly Girl dancer on In Living Color in 1991 , where she remained a regular until she decided to pursue an acting career in 1993 . She received her first leading role in the Selena biopic of the same name in 1997 , a portrayal that earned her a Golden Globe nomination .'
 ""Apart from her group 's activities , she has established herself as an actress , notably through her participation in the original and Korean versions of stage musicals including Moon Embracing the Sun , Gone with the Wind and Mamma Mia . She also starred in the drama `` Moon Lovers : Scarlet Heart Ryeo '' . She debuted as a solo artist with her debut mini album , Do n't Say No , on January 17 , 2017 , making her the third Girls ' Generation member to debut as a solo artist .""
 'Janelle Monáe Robinson ( born December 1 , 1985 ) ( [ dʒəˈnɛl_moʊˈneɪ ] ) is an American singer , songwriter , actress , and model signed to her own imprint , Wondaland Arts Society , and Atlantic Records . After making a mark with her first unofficial studio album , The Audition , she publicly debuted with a conceptual EP titled Metropolis : Suite I ( The Chase ) , which peaked at number 115 on the Billboard 200 in the United States .'
 ""Seo Ju-hyun ( born June 28 , 1991 ) , known professionally as Seohyun , is a South Korean singer and actress . She debuted as a member of girl group Girls ' Generation ( and later its subgroup TTS ) in August 2007 , who went on to be one of the best-selling artists in South Korea and one of South Korea 's most popular girl groups worldwide .""
 'In addition to her vampire novels , Rice has authored books such as The Feast of All Saints ( adapted for television in 2001 ) and Servant of the Bones , which formed the basis of a 2011 comic book miniseries . Several books from The Vampire Chronicles have been adapted as comics by various publishers . Rice has also authored erotic fiction under the pen names Anne Rampling and A. N. Roquelaure , including Exit to Eden , which was later adapted into a 1994 film .']"	NOTENOUGHINFO	Was Anne Rice born in New Jersey?	NOTENOUGHINFO	NOTRIPLETS	CONTRADICTION	CONTRADICTION	4.662301815000319	334.43359375	-1	{'retriever': 'dense', 'topk': 10, 'reranker': False, 'prompt_edit': False, 'reindex': False}	WRONG_RESPONSE_FAILURE	{'total_reward': 0.02251321233331205, 'failure_reward': 0.0, 'prediction_reward': 1.0, 'consistency_reward': 0.0, 'factuality_reward': 0.0, 'latency_budget_strict': 1.0, 'vram_budget_strict': 1.0, 'latency_rate': 0.9324603630000639, 'vram_rate': 0.0}
0	Anne Rice was born in New Jersey.	Anne Rice was born in New Orleans.	"['Her writing style and the literary content of her works have been deeply analyzed by literary commentators . She was married to poet and painter Stan Rice for 41 years , from 1961 until his death from brain cancer in 2002 at age 60 . She and Stan had two children , Michele , who died of leukemia at age five , and Christopher , who is also an author .'
 ""The following year , Caroline , her mother , and brother settled on the Upper East Side of Manhattan , where she attended school . Kennedy graduated from Radcliffe College and worked at Manhattan 's Metropolitan Museum of Art , where she met her future husband , exhibit designer Edwin Schlossberg . She went on to receive a J.D. degree from Columbia Law School . Most of Kennedy 's professional life has spanned law and politics , as well as education reform and charitable work .""
 ""Several years later she distanced herself from organized Christianity , citing disagreement with the Church 's stances on social issues but pledging that faith in God remained `` central to [ her ] life . '' However , she now considers herself a secular humanist .   Rice 's books have sold nearly 100 million copies , placing her among the most popular authors in recent American history . While reaction to her early works was initially mixed , she became more popular with critics and readers in the 1980s .""
 'She was raised in an observant Catholic family , but became an agnostic as a young adult . She began her professional writing career with the publication of Interview with the Vampire in 1976 , while living in California , and began writing sequels to the novel in the 1980s . In the mid-2000s , following a publicized return to Catholicism , Rice published the novels Christ the Lord : Out of Egypt and Christ the Lord : The Road to Cana , fictionalized accounts of certain incidents in the life of Jesus .'
 ""Anne Rice ( born Howard Allen Frances O'Brien ; October 4 , 1941 ) is an American author of gothic fiction , Christian literature , and erotica . She is perhaps best known for her popular and influential series of novels , The Vampire Chronicles , revolving around the central character of Lestat . Books from The Vampire Chronicles were the subject of two film adaptations , Interview with the Vampire in 1994 , and Queen of the Damned in 2002 .   Born in New Orleans , Rice spent much of her early life there before moving to Texas , and later to San Francisco .""
 'Jennifer Lynn Lopez ( born July 24 , 1969 ) , also known as JLo , is an American singer , actress , dancer , fashion designer , author , and producer . Lopez gained her first high-profile job as a Fly Girl dancer on In Living Color in 1991 , where she remained a regular until she decided to pursue an acting career in 1993 . She received her first leading role in the Selena biopic of the same name in 1997 , a portrayal that earned her a Golden Globe nomination .'
 ""Apart from her group 's activities , she has established herself as an actress , notably through her participation in the original and Korean versions of stage musicals including Moon Embracing the Sun , Gone with the Wind and Mamma Mia . She also starred in the drama `` Moon Lovers : Scarlet Heart Ryeo '' . She debuted as a solo artist with her debut mini album , Do n't Say No , on January 17 , 2017 , making her the third Girls ' Generation member to debut as a solo artist .""
 'Janelle Monáe Robinson ( born December 1 , 1985 ) ( [ dʒəˈnɛl_moʊˈneɪ ] ) is an American singer , songwriter , actress , and model signed to her own imprint , Wondaland Arts Society , and Atlantic Records . After making a mark with her first unofficial studio album , The Audition , she publicly debuted with a conceptual EP titled Metropolis : Suite I ( The Chase ) , which peaked at number 115 on the Billboard 200 in the United States .'
 ""Seo Ju-hyun ( born June 28 , 1991 ) , known professionally as Seohyun , is a South Korean singer and actress . She debuted as a member of girl group Girls ' Generation ( and later its subgroup TTS ) in August 2007 , who went on to be one of the best-selling artists in South Korea and one of South Korea 's most popular girl groups worldwide .""
 'In addition to her vampire novels , Rice has authored books such as The Feast of All Saints ( adapted for television in 2001 ) and Servant of the Bones , which formed the basis of a 2011 comic book miniseries . Several books from The Vampire Chronicles have been adapted as comics by various publishers . Rice has also authored erotic fiction under the pen names Anne Rampling and A. N. Roquelaure , including Exit to Eden , which was later adapted into a 1994 film .']"	NOTENOUGHINFO	Was Anne Rice born in New Jersey?	REFUTES	CONSISTENT	CONTRADICTION	ENTAILMENT	4.594137880000289	423.59228515625	1	{'prompt_edit': 'WP'}	NO_FAILURE	{'total_reward': 0.05411494933329471, 'failure_reward': 1.0, 'prediction_reward': 0.0, 'consistency_reward': 1.0, 'factuality_reward': 1.0, 'latency_budget_strict': 1.0, 'vram_budget_strict': 1.0, 'latency_rate': 0.9188275760000579, 'vram_rate': 0.0}
0	Telemundo is a English-language television network.	The provided context does not contain any explicit information about Telemundo being an English-language television network.	"['Telemundo ( [ teleˈmundo ] ) is an American Spanish-language terrestrial television network owned by Comcast through the NBCUniversal division NBCUniversal Telemundo Enterprises . It is the second largest provider of Spanish content nationwide behind American competitor Univision , with programming syndicated worldwide to more than 100 countries in over 35 languages .   The channel broadcasts programs and original content aimed at Hispanic and Latino American audiences in the United States and worldwide , consisting of telenovelas , sports , reality television , news programming , and films -- either imported or Spanish-dubbed .'
 'In addition , Telemundo operates NBC Universo , a separate channel directed towards young Hispanic audiences ; Telemundo Digital Media , which distributes original programming content across mass media , the Telemundo and NBC Universo websites ; Puerto Rico telestation WKAQ-TV ; and international distribution arm Telemundo Internacional .   Telemundo is headquartered in the Miami suburb of Hialeah , Florida , and has 1,900 employees worldwide .'
 ""The majority of Telemundo 's programs are filmed at an operated studio facility in Miami , where 85 % of the network 's telenovelas were filmed during 2011 . The average hourly primetime drama costs $ 70K to produce .""
 'As of July 2015 , the A&E network is available to approximately 95,968,000 pay television households ( 82.4 % of households with television ) in the United States .   The channel is headquartered in New York City and operates offices in Atlanta , Georgia ; Chicago , Illinois ; Detroit , Michigan ; London , United Kingdom ; Los Angeles , California and Stamford , Connecticut . The U.S. version of the channel is shown in Canada while international versions exist for Australia , Latin America , and Europe .'
 ""AMGTV is an American family-oriented television network featuring television programming consisting of drama , sports , movies , entertainment , how-to , hunting and fishing , children 's shows , and other features . The network is owned by the American company Access Media Group .   AMGTV provides programming to television stations in the United States , and is a competitor of Youtoo America and similar networks . AMGTV also syndicates several movie packages and music specials to stations outside their affiliate base .   The president of AMGTV is Terry Elaqua .""
 'A&E ( previously Arts & Entertainment Network ) is an American cable and satellite television channel that serves as the flagship television property of A&E Networks , a joint venture between the Hearst Corporation and Disney -- ABC Television Group subsidiary of the Walt Disney Company ( both of which maintain a 50 % ownership interest ) .   The channel originally focused programming on biographies , documentaries , and drama series ( especially crime dramas and mysteries ) but has later expanded to include reality television programming .'
 ""Murdoch 's News Corporation acquired Twentieth Century Fox ( 1985 ) , HarperCollins ( 1989 ) , and The Wall Street Journal ( 2007 ) . Murdoch formed the British broadcaster BSkyB in 1990 , and during the 1990s expanded into Asian networks and South American television . By 2000 , Murdoch 's News Corporation owned over 800 companies in more than 50 countries , with a net worth of over $ 5 billion .""
 'In July 2011 , Murdoch faced allegations that his companies , including the News of the World , owned by News Corporation , had been regularly hacking the phones of celebrities , royalty , and public citizens . Murdoch faces police and government investigations into bribery and corruption by the British government and FBI investigations in the U.S. On 21 July 2012 , Murdoch resigned as a director of News International . On 1 July 2015 , Murdoch left his post as CEO of 21st Century Fox .'
 ""Formerly , Penguin Group was wholly owned by Pearson PLC , the global media company which also owned the Financial Times , but it now retains only a minority holding of 47 % of the stock against Random House owner Bertelsmann which controls the majority stake . It is one of the largest English-language publishers , formerly known as the `` Big Six '' , now the `` Big Five '' .""
 'The vast majority of its videos are free to view , but there are exceptions , including subscription-based premium channels , film rentals , as well as YouTube Red , a subscription service offering ad-free access to the website and access to exclusive content made in partnership with existing users . , there are more than 400 hours of content uploaded to YouTube each minute , and one billion hours of content is watched on YouTube every day . , the website is ranked as the second most popular site in the world by Alexa Internet , a web traffic analysis company .']"	REFUTES	Is it true that Telemundo is an English-language television network?	NOTENOUGHINFO	MISSING	CONTRADICTION	ENTAILMENT	5.07264190900014	313.96875	-1	{'retriever': 'dense', 'topk': 10, 'reranker': False, 'prompt_edit': False, 'reindex': False}	NO_FAILURE	{'total_reward': -0.0, 'failure_reward': 1.0, 'prediction_reward': 0.0, 'consistency_reward': 0.0, 'factuality_reward': 1.0, 'latency_budget_strict': 0.0, 'vram_budget_strict': 1.0, 'latency_rate': 1.014528381800028, 'vram_rate': 0.0}
0	Damon Albarn's debut album was released in 2011.	Damon Albarn's debut album, 'Everyday Robots,' was released in 2014.	"[""His debut solo studio album Everyday Robots -- co-produced by XL Recordings CEO Richard Russell -- was released on 28 April 2014 and featured collaborations with Brian Eno , Natasha Khan and the Leytonstone City Pentecostal Mission Church Choir as well as sampling several rants by Lord Buckley .   In 2008 , The Daily Telegraph ranked Albarn number 18 in their list of the `` 100 most powerful people in British culture '' . In a 2010 UK poll for Q magazine Albarn was voted the fourth-greatest frontman of all time .""
 ""Drawing influences from alternative rock , trip hop , hip hop , electronica , dub , reggae and pop music , the band released their self-titled debut album in 2001 to worldwide success . Although Albarn is the only permanent musical contributor , the albums feature collaborations from a wide range of artists . Gorillaz are cited by the Guinness Book of World Records as the `` Most Successful Virtual Band '' .""
 ""Raised in Leytonstone , East London and around Colchester , Essex , Albarn attended the Stanway School , where he met Graham Coxon and eventually formed Blur , whose debut album Leisure was released in 1991 to mixed reviews . After spending long periods of time touring the US , Albarn 's songwriting became increasingly influenced by British bands from the 1960s . The result of these influences came in the form of Modern Life Is Rubbish ( 1993 ) , Parklife ( 1994 ) and The Great Escape ( 1995 ) .""
 'The album was released in June 2013 .'
 'Damon Albarn , OBE ( [ ˈdeɪmən_ˈælbɑrn ] born 23 March 1968 ) is an English musician , singer , songwriter , multi-instrumentalist and record producer . He is the lead singer of the British rock band Blur and co-founder , vocalist , instrumentalist and principal songwriter of the virtual band Gorillaz .'
 ""All three albums received critical acclaim while Blur gained mass popularity in the UK , aided by a Britpop rivalry with Oasis . Subsequent albums such as Blur ( 1997 ) , 13 ( 1999 ) , Think Tank ( 2003 ) and The Magic Whip ( 2015 ) contained influences from lo-fi , electronic and hip hop music .   Along with Tank Girl creator Jamie Hewlett , Albarn formed the `` virtual band '' Gorillaz in 1998 .""
 'He was appointed Officer of the Order of the British Empire ( OBE ) in the 2016 New Year Honours for services to music .'
 'The album debuted at number 4 on the Billboard 200 . On September 23 , 2008 , the album was certified Gold by the RIAA . The album has also been released on vinyl . The band supported the album with a tour , beginning a day before the release of the album and ending in 2009 .   Although critical reception to the album was mixed compared to previous releases , Avenged Sevenfold won the Kerrang ! Award for Best Album in 2008 .'
 ""Avenged Sevenfold is the eponymous fourth studio album by American heavy metal band Avenged Sevenfold , released on October 30 , 2007 by Warner Bros. . Records . The album , originally slated for an October 16 release , was delayed by two weeks in order to provide more time to complete bonus material and production for the record , including the making of the animated music video for the song `` A Little Piece of Heaven '' . The album debuted at number 4 on the Billboard 200 .""
 'Other projects include working with African musicians in aid of the charity Oxfam , writing and performing lead vocals on The Good , the Bad & the Queen as part of an unnamed supergroup and composing film soundtracks . He has also ventured into the world of opera with Dr Dee and Monkey : Journey to the West .']"	REFUTES	Was Damon Albarn's debut album released in the year 2011?	REFUTES	MISSING	CONTRADICTION	ENTAILMENT	4.197621195000011	269.59765625	-1	{'retriever': 'dense', 'topk': 10, 'reranker': False, 'prompt_edit': False, 'reindex': False}	NO_FAILURE	{'total_reward': 0.13372980083333152, 'failure_reward': 1.0, 'prediction_reward': 1.0, 'consistency_reward': 0.0, 'factuality_reward': 1.0, 'latency_budget_strict': 1.0, 'vram_budget_strict': 1.0, 'latency_rate': 0.8395242390000022, 'vram_rate': 0.0}
0	There is a capital called Mogadishu.	Mogadishu is described as the capital and most populous city of Somalia.	"['Mogadishu ( [ ˌmɔːɡəˈdiːʃuː ] Muqdisho [ mʉqdɪʃɔ ] ; مقديشو [ maqadiːʃuː ] ) , known locally as Hamar , is the capital and most populous city of Somalia . Located in the coastal Banaadir region on the Indian Ocean , the city has served as an important port for millennia .'
 ""With a change in administration in late 2010 , government troops and their military partners had succeeded in forcing out Al-Shabaab by August 2011 . Mogadishu has subsequently experienced a period of intense reconstruction .   As Somalia 's capital city , many important national institutions are based in Mogadishu . It is the seat of the Federal Government of Somalia established in August 2012 , with the Somalia Federal Parliament serving as the government 's legislative branch . Thabit Abdi Mohammed has been the Mayor of Mogadishu since April 2017 .""
 ""Villa Somalia is the official residential palace and principal workplace of the President of Somalia , Mohamed Abdullahi Mohamed . In May 2012 , the First Somali Bank was established in the capital , which organized Mogadishu 's first ever Technology , Entertainment , Design ( TEDx ) conference . The establishment of a local construction yard has also galvanized the city 's real-estate sector . Arba'a Rukun Mosque is one of the oldest Islamic places of worship in the capital , built circa 667 ( 1268/9 AD ) .""
 ', it has a population of 2,425,000 residents .   Tradition and old records assert that southern Somalia , including the Mogadishu area , was historically inhabited by hunter-gatherers . These were later joined by Cushitic-speaking agro-pastoralists , who would go on to establish local aristocracies . During its medieval Golden Age , Mogadishu was ruled by the Muzaffar dynasty , a vassal of the Ajuran Sultanate .'
 'It subsequently fell under the control of an assortment of local Sultanates and polities , most notably the Sultanate of the Geledi . The city later became the capital of Italian Somaliland ( 1889 -- 1936 ) in the colonial period . After the Somali Republic became independent in 1960 , Mogadishu became known and promoted as the White Pearl of the Indian Ocean .'
 ""Various national sporting bodies have their headquarters in Mogadishu , including the Somali Football Federation and the Somali Olympic Committee . Mogadishu Stadium was constructed in 1978 during the Siad Barre administration , with the assistance of Chinese engineers . It hosts football matches with teams from the Somali First Division and the Somalia Cup . Additionally , the Port of Mogadishu serves as a major national seaport and is the largest harbour in Somalia . Mogadishu International Airport , the capital 's main airport , is the hub of the national carrier Somali Airlines .""
 ""Mogadishu is home to a number of scholastic and media institutions . As part of the municipality 's urban renewal program , 100 schools across the capital are scheduled to be refurbished and reopened . The Somali National University ( SNU ) was established in the 1950s , and professors from the university later founded the non-governmental Mogadishu University ( MU ) . Benadir University ( BU ) was established in 2002 with the intention of training doctors .""
 'The Mosque of Islamic Solidarity in Mogadishu is the largest masjid in the Horn region . Mogadishu Cathedral was built in 1928 by the colonial authorities in Italian Somaliland in a Norman Gothic style , and served as the traditional seat of the Roman Catholic Diocese of Mogadiscio . The National Museum of Somalia is based in Mogadishu and holds many culturally important artefacts . The National Library of Somalia is undergoing a $ 1 million Somali federal government funded renovation , including a new library complex .'
 ""In January 2016 , it had a population of 17,316 , making it one of the smallest capital cities in the world by population .   Nuuk is the Kalaallisut word for `` cape '' . It is so named because of its position at the end of the Nuup Kangerlua fjord on the eastern shore of the Labrador Sea . Its latitude , at 64 ° 10 ' N , makes it the world 's northernmost capital , located only a few kilometres farther north than the Icelandic capital Reykjavík .""
 'After the ousting of the Siad Barre regime in 1991 and the ensuing Somali Civil War , various militias fought for control of the city , later to be replaced by the Islamic Courts Union in the mid-2000s . The ICU thereafter splintered into more radical groups , notably al-Shabaab , which fought the Transitional Federal Government ( 2004 -- 2012 ) and its African Union Mission to Somalia allies .']"	SUPPORTS	Is there a capital city named Mogadishu?	SUPPORTS	CONSISTENT	ENTAILMENT	ENTAILMENT	4.877708720000101	341.3095703125	-1	{'retriever': 'dense', 'topk': 10, 'reranker': False, 'prompt_edit': False, 'reindex': False}	NO_FAILURE	{'total_reward': 0.02445825599997986, 'failure_reward': 1.0, 'prediction_reward': 1.0, 'consistency_reward': 1.0, 'factuality_reward': 1.0, 'latency_budget_strict': 1.0, 'vram_budget_strict': 1.0, 'latency_rate': 0.9755417440000201, 'vram_rate': 0.0}
0	Savages was exclusively a German film.	The provided context does not contain any information specifically addressing whether the film 'Savages' was solely a German production.	"['For the 2007 film , see The Savages   Savages is a 2012 American crime thriller film directed by Oliver Stone . It is based on the novel of the same name by Don Winslow . The screenplay was written by Shane Salerno , Stone , and Winslow .'
 'The screenplay was written by Shane Salerno , Stone , and Winslow . The film was released on July 6 , 2012 , and stars Taylor Kitsch , Blake Lively , Aaron Taylor-Johnson , Demian Bichir , Benicio del Toro , Salma Hayek , John Travolta and Emile Hirsch .'
 'Films for which the unit is known include Resisting Enemy Interrogation , Memphis Belle : A Story of a Flying Fortress and The Last Bomb -- all of which were released in theatres . Veteran actors such as Clark Gable , William Holden , Clayton Moore , and future President Ronald Reagan and directors such as John Sturges served with the FMPU . The unit also produced training films and trained combat cameramen . FMPU personnel served with distinction during World War II .'
 'Hedda Gabler ( [ ˈˈhɛdːɑ ˈɡɑːbləɾ ] ) is a play written by Norwegian playwright Henrik Ibsen . Ibsen was present at the world premiere , which took place on 31 January 1891 at the Residenztheater in Munich . It is recognized as a classic of realism , nineteenth century theatre , and world drama . The title character , Hedda , is considered one of the great dramatic roles in theatre .'
 'The film is a character story , set between 1939 and 1942 against a dramatised backdrop of events across northern Australia at the time , such as the bombing of Darwin during World War II . Production took place in Sydney , Darwin , Kununurra , and Bowen . The film was released to cinemas on 26 November 2008 in both the United States and Australia , with subsequent worldwide release dates throughout late December 2008 and January and February 2009 .'
 ""( 2001 ) . His 2008 film Australia is an epic historical romantic drama film starring Hugh Jackman and Nicole Kidman . His 2013 drama The Great Gatsby , based on F. Scott Fitzgerald 's 1925 novel of the same name , stars Leonardo DiCaprio ( whom he also used in Romeo + Juliet ) and Tobey Maguire .""
 ""Four of Ellis 's works have been made into films . Less Than Zero was rapidly adapted for screen , leading to the release of a starkly different film of the same name in 1987 . Mary Harron 's adaptation of American Psycho was released to generally positive reviews in 2000 and went on to achieve cult status . Roger Avary 's 2002 adaptation The Rules of Attraction made modest box office returns but went on to attract a cult following .""
 'Early in her career , she appeared in popular films spanning a wide variety of genres , including Act of Violence ( 1948 ) , Little Women ( 1949 ) , Angels in the Outfield ( 1951 ) , Scaramouche ( 1952 ) , The Naked Spur ( 1953 ) and Living It Up ( 1954 ) .'
 'Her breakthrough role was in the film Demolition Man ( 1993 ) . She subsequently starred in several successful films including Speed ( 1994 ) , While You Were Sleeping ( 1995 ) , The Net ( 1995 ) , A Time to Kill ( 1996 ) , Hope Floats ( 1998 ) , and Practical Magic ( 1998 ) .'
 ""and Terry Southern ; it was Lardner 's first major studio work since his 1947 blacklisting as one of The Hollywood Ten . The film was directed by Norman Jewison and stars Steve McQueen in the title role and Edward G. Robinson as Howard . Jewison , who replaced original director Sam Peckinpah shortly after filming began , describes The Cincinnati Kid as his `` ugly duckling '' film . He considers it the film that allowed him to transition from the lighter comedic films he had previously been making and take on more serious films and subjects .""]"	REFUTES	"Was it solely a German film called ""Savages""?"	NOTENOUGHINFO	MISSING	CONTRADICTION	ENTAILMENT	5.130866027999673	300.16650390625	-1	{'retriever': 'dense', 'topk': 10, 'reranker': False, 'prompt_edit': False, 'reindex': False}	NO_FAILURE	{'total_reward': -0.0, 'failure_reward': 1.0, 'prediction_reward': 0.0, 'consistency_reward': 0.0, 'factuality_reward': 1.0, 'latency_budget_strict': 0.0, 'vram_budget_strict': 1.0, 'latency_rate': 1.0261732055999346, 'vram_rate': 0.0}
0	Happiness in Slavery is a gospel song by Nine Inch Nails.	The provided context does not contain any information specifically addressing whether 'Happiness in Slavery' by Nine Inch Nails is a gospel song.	"[""Tenacious D 's music showcases Black 's theatrical vocal delivery and Gass ' acoustic guitar playing abilities . Critics have described their fusion of vulgar absurdist comedy with rock music as `` mock rock '' . Their songs discuss the duo 's purported musical and sexual prowess , as well as their friendship and cannabis usage in a style that music critics have compared with the storyteller-style lyrics of rock opera .""
 'St. Anger was originally intended for release on June 10 , 2003 , but was released five days earlier due to concerns over unlicensed distribution through peer-to-peer file sharing networks . The St. Anger sessions also mark the only time Rock played when the music was being recorded , filling in for the departed bassist Jason Newsted .   Newsted left the band prior to the initial sessions for the album , and the band decided to wait until the album was recorded before finding a new permanent member .'
 ""Recording of the album started initially on April 23 , 2001 , but was postponed indefinitely when rhythm guitarist and singer James Hetfield entered rehab for `` alcoholism and other addictions '' . St. Anger is often recognized for being a radical musical departure from Metallica 's earlier work ; it features a modern heavy metal style , raw production , and no guitar solos . The artwork was created by Pushead , who had previously collaborated with the band .   Metallica spent the next couple of years touring to promote the album . St.""
 ""Perry stated its lyrics are `` about the magical beauty of a woman '' . The song sparked controversy for its homosexual themes .   The song topped the Billboard Hot 100 chart for seven consecutive weeks , becoming the 1,000 th number-one song of the rock era . The single has sold over 4.7 million digital copies in the US alone .""
 ""Despite their San Francisco Bay Area origins , they played in a Southern rock style , with lyrics about bayous , catfish , the Mississippi River , and other popular elements of Southern United States iconography , as well as political and socially-conscious lyrics about topics including the Vietnam War . The band performed at 1969 's famed Woodstock Festival .   After four years of chart-topping success , the group disbanded acrimoniously in late 1972 .""
 ""It also reached number one on the Z100 Top 100 songs of 2002 countdown . This song also ranked at # 121 in Blender magazine 's The 500 Greatest Songs Since You Were Born . The song is Billboards second most played rock song of the decade . It was also remixed on Reanimation as `` Enth E ND '' . The music video of the song , directed by Nathan Cox and the band 's turntablist Joe Hahn , featured the band in a fantasy setting .""
 ""She is best known for her song , `` Love or Lust , '' featured in Bill Duke 's film , Deep Cover , as well as for singing choruses to many classic West Coast rap songs such as Snoop Dogg 's `` Gin and Juice '' and Dr. Dre 's `` Let Me Ride '' .""
 ""St. Anger debuted at the top of sales charts in 14 countries , including the US Billboard 200 . Upon its release , it received mixed reviews . In 2004 , the album 's lead single , `` St. Anger '' , won a Grammy Award for Best Metal Performance . The album was certified double platinum by the Recording Industry Association of America ( RIAA ) for shipping two million copies in the US . St. Anger has sold nearly six million copies worldwide .""
 ""Some critics praised the track 's production while others felt that its lyrics contained `` clichés '' . The song was a commercial success , becoming Perry 's eighth non-consecutive number one song on the U.S. Billboard Hot 100 , and also topping charts in Australia , Canada , Ireland , New Zealand , and the United Kingdom . It also reached the top five in most international charts , including France , Germany , Italy , Japan , and Switzerland .""
 ""The album 's lead single was the Academy Awards-nominated `` Happy '' ( from the Despicable Me 2 soundtrack ) , which was a huge worldwide success , selling more than 13.9 million units ( sales plus equivalent streams ) worldwide and becoming one of the best-selling singles of all time . Follow-up singles `` Marilyn Monroe '' , `` Come Get It Bae '' and `` Gust of Wind '' have achieved moderate success .""]"	NOTENOUGHINFO	Is happiness in slavery by nine inch nails a gospel song?	NOTENOUGHINFO	MISSING	CONTRADICTION	ENTAILMENT	4.30850383500001	299.82421875	-1	{'retriever': 'dense', 'topk': 10, 'reranker': False, 'prompt_edit': False, 'reindex': False}	NO_FAILURE	{'total_reward': 0.1152493608333316, 'failure_reward': 1.0, 'prediction_reward': 1.0, 'consistency_reward': 0.0, 'factuality_reward': 1.0, 'latency_budget_strict': 1.0, 'vram_budget_strict': 1.0, 'latency_rate': 0.8617007670000021, 'vram_rate': 0.0}
0	Andrew Kevin Walker is only Chinese.	The provided context does not contain any information about Andrew Kevin Walker's nationality.	"[""Named by Ebony magazine as one of America 's most influential black businessmen in 2009 , Johnson has numerous business interests , and was a part-owner of the Lakers for several years . Johnson also is part of a group of investors that purchased the Los Angeles Dodgers in 2012 and the Los Angeles Sparks in 2014 .""
 ""In addition to his film work , Penn is known for his political and social activism , including his criticism of the George W. Bush administration , his contact with the Presidents of Cuba and Venezuela , and his humanitarian work in the aftermath of Hurricane Katrina ( 2005 ) and the 2010 Haiti earthquake . In January 2016 , Penn published an interview ( conducted in October 2015 ) with Mexican drug lord Joaquín `` El Chapo '' Guzmán in Rolling Stone .""
 'Rick Yune ( born August 22 , 1971 ) is an American actor , screenwriter , producer , martial artist and former model . His most notable roles have been in the movies Snow Falling on Cedars , the first Fast and Furious film The Fast and the Furious , and in the James Bond movie Die Another Day . He was part of the main cast of the Netflix original series Marco Polo until the series was cancelled on December 12 , 2016 .'
 'James Andrew Jones ( born October 4 , 1980 ) is an American professional basketball player for the Cleveland Cavaliers of the National Basketball Association ( NBA ) . He currently serves as the secretary-treasurer of the National Basketball Players Association .   Jones was a four-year letterman at American High School in Hialeah , Florida . He averaged 25 points per game as a senior , earning Class 6A Player of the Year and First Team All-State honors .'
 ""Bentley has also appeared on stage and in The Bill and London 's Burning . Although he rarely makes public appearances , his public profile has been raised since Big Brothers revival on Channel 5 .""
 ""Not to be confused with the Canadian musician , Drake .   Jared Drake Bell ( born June 27 , 1986 ) is an American actor , voice actor , and musician . Born in Newport Beach , California , he began his career as an actor in the early 1990s at the age of five with his first televised appearance on Home Improvement . Bell also appeared in several commercials , such as one for Pokémon Red and Blue , but is best known for his starring roles on Nickelodeon 's The Amanda Show , and its spin-off , Drake & Josh .""
 'Bret Easton Ellis ( born March 7 , 1964 ) is an American author , screenwriter , and short story writer . His works have been translated into 27 languages . He was at first regarded as one of the so-called literary Brat Pack , which also included Tama Janowitz and Jay McInerney . He is a self-proclaimed satirist , whose trademark technique , as a writer , is the expression of extreme acts and opinions in an affectless style . Ellis employs a technique of linking novels with common , recurring characters .'
 'Andrew Kevin Walker ( born August 14 , 1964 ) is an American BAFTA-nominated screenwriter . He is known for having written Seven ( 1995 ) , for which he earned a nomination for the BAFTA Award for Best Original Screenplay , as well as several other films , including 8mm ( 1999 ) , Sleepy Hollow ( 1999 ) and many uncredited script rewrites .'
 ""Marcus Morgan Bentley ( born 4 October 1967 ) is a British actor , broadcaster and voice-over artist . Bentley is most famous for narrating the United Kingdom 's version of the Dutch reality television programme Big Brother since its inception in 2000 . He also did other continuity announcements for Channel 4 until he left in July 2011 to continue narrating the revived Big Brother on Channel 5 . Bentley 's voice-over work and Geordie accent has led to him becoming one of Britain 's most recognised voices .""
 'He is the subject of the 2016 Todd Phillips drama-comedy film War Dogs , in which he is portrayed by Miles Teller . Packouz has a cameo in the film as a guitarist and singer at an elderly home .   Packouz went on to invent a guitar pedal drum machine , the BeatBuddy , and is currently the CEO of music technology company Singular Sound .']"	REFUTES	Is it true that Andrew Kevin Walker is only Chinese?	NOTENOUGHINFO	MISSING	CONTRADICTION	CONTRADICTION	4.526531042999977	295.509765625	-1	{'retriever': 'dense', 'topk': 10, 'reranker': False, 'prompt_edit': False, 'reindex': False}	WRONG_RESPONSE_FAILURE	{'total_reward': 0.0, 'failure_reward': 0.0, 'prediction_reward': 0.0, 'consistency_reward': 0.0, 'factuality_reward': 0.0, 'latency_budget_strict': 1.0, 'vram_budget_strict': 1.0, 'latency_rate': 0.9053062085999954, 'vram_rate': 0.0}
0	Andrew Kevin Walker is only Chinese.	The context does not provide any information about Andrew Kevin Walker being Chinese. Instead, it discusses various actors and their backgrounds, none of whom are identified as Chinese.	"[""Named by Ebony magazine as one of America 's most influential black businessmen in 2009 , Johnson has numerous business interests , and was a part-owner of the Lakers for several years . Johnson also is part of a group of investors that purchased the Los Angeles Dodgers in 2012 and the Los Angeles Sparks in 2014 .""
 ""In addition to his film work , Penn is known for his political and social activism , including his criticism of the George W. Bush administration , his contact with the Presidents of Cuba and Venezuela , and his humanitarian work in the aftermath of Hurricane Katrina ( 2005 ) and the 2010 Haiti earthquake . In January 2016 , Penn published an interview ( conducted in October 2015 ) with Mexican drug lord Joaquín `` El Chapo '' Guzmán in Rolling Stone .""
 'Rick Yune ( born August 22 , 1971 ) is an American actor , screenwriter , producer , martial artist and former model . His most notable roles have been in the movies Snow Falling on Cedars , the first Fast and Furious film The Fast and the Furious , and in the James Bond movie Die Another Day . He was part of the main cast of the Netflix original series Marco Polo until the series was cancelled on December 12 , 2016 .'
 'James Andrew Jones ( born October 4 , 1980 ) is an American professional basketball player for the Cleveland Cavaliers of the National Basketball Association ( NBA ) . He currently serves as the secretary-treasurer of the National Basketball Players Association .   Jones was a four-year letterman at American High School in Hialeah , Florida . He averaged 25 points per game as a senior , earning Class 6A Player of the Year and First Team All-State honors .'
 ""Bentley has also appeared on stage and in The Bill and London 's Burning . Although he rarely makes public appearances , his public profile has been raised since Big Brothers revival on Channel 5 .""
 ""Not to be confused with the Canadian musician , Drake .   Jared Drake Bell ( born June 27 , 1986 ) is an American actor , voice actor , and musician . Born in Newport Beach , California , he began his career as an actor in the early 1990s at the age of five with his first televised appearance on Home Improvement . Bell also appeared in several commercials , such as one for Pokémon Red and Blue , but is best known for his starring roles on Nickelodeon 's The Amanda Show , and its spin-off , Drake & Josh .""
 'Bret Easton Ellis ( born March 7 , 1964 ) is an American author , screenwriter , and short story writer . His works have been translated into 27 languages . He was at first regarded as one of the so-called literary Brat Pack , which also included Tama Janowitz and Jay McInerney . He is a self-proclaimed satirist , whose trademark technique , as a writer , is the expression of extreme acts and opinions in an affectless style . Ellis employs a technique of linking novels with common , recurring characters .'
 'Andrew Kevin Walker ( born August 14 , 1964 ) is an American BAFTA-nominated screenwriter . He is known for having written Seven ( 1995 ) , for which he earned a nomination for the BAFTA Award for Best Original Screenplay , as well as several other films , including 8mm ( 1999 ) , Sleepy Hollow ( 1999 ) and many uncredited script rewrites .'
 ""Marcus Morgan Bentley ( born 4 October 1967 ) is a British actor , broadcaster and voice-over artist . Bentley is most famous for narrating the United Kingdom 's version of the Dutch reality television programme Big Brother since its inception in 2000 . He also did other continuity announcements for Channel 4 until he left in July 2011 to continue narrating the revived Big Brother on Channel 5 . Bentley 's voice-over work and Geordie accent has led to him becoming one of Britain 's most recognised voices .""
 'He is the subject of the 2016 Todd Phillips drama-comedy film War Dogs , in which he is portrayed by Miles Teller . Packouz has a cameo in the film as a guitarist and singer at an elderly home .   Packouz went on to invent a guitar pedal drum machine , the BeatBuddy , and is currently the CEO of music technology company Singular Sound .']"	REFUTES	Is it true that Andrew Kevin Walker is only Chinese?	REFUTES	MISSING	CONTRADICTION	ENTAILMENT	5.422035961999882	316.90576171875	2	{'prompt_edit': 'WR'}	NO_FAILURE	{'total_reward': -0.0, 'failure_reward': 1.0, 'prediction_reward': 1.0, 'consistency_reward': 0.0, 'factuality_reward': 1.0, 'latency_budget_strict': 0.0, 'vram_budget_strict': 1.0, 'latency_rate': 1.0844071923999763, 'vram_rate': 0.0}
0	Shooter is about an expert marksman who tries to stop the assassination of the president.	The provided context does not contain any information specifically addressing whether Shooter is a movie about an expert marksman trying to prevent the assassination of the president.	"[""Kyle was honorably discharged from the U.S. Navy in 2009 and published his bestselling autobiography , American Sniper , in 2012 .   An eponymous film adaptation of Kyle 's book , directed by Clint Eastwood , was released two years later . On February 2 , 2013 , Kyle was murdered by Eddie Ray Routh at a shooting range near Chalk Mountain , Texas . A former Marine with PTSD , Routh was found guilty and sentenced to life in prison without parole .""
 'Her breakthrough role was in the film Demolition Man ( 1993 ) . She subsequently starred in several successful films including Speed ( 1994 ) , While You Were Sleeping ( 1995 ) , The Net ( 1995 ) , A Time to Kill ( 1996 ) , Hope Floats ( 1998 ) , and Practical Magic ( 1998 ) .'
 ""The film , starring Gary Oldman as George Smiley , along with Colin Firth , Tom Hardy , John Hurt , Toby Jones , Mark Strong , Benedict Cumberbatch , and Ciarán Hinds , is set in London in the early 1970s and follows the hunt for a Soviet double agent at the top of the British secret service .   The film was produced through the British company Working Title Films and financed by France 's StudioCanal .""
 ""Tinker Tailor Soldier Spy is a 2011 Cold War espionage film directed by Tomas Alfredson . The screenplay was written by Bridget O'Connor and Peter Straughan , based on John le Carré 's 1974 novel of the same name .""
 ""Brubaker is a 1980 American prison drama film directed by Stuart Rosenberg . It stars Robert Redford as newly arrived prison warden Henry Brubaker , who attempts to clean up a corrupt and violent penal system . The screenplay by W.D. Richter is a fictionalized version of the 1969 book , Accomplices to the Crime : The Arkansas Prison Scandal by Tom Murton and Joe Hyams , detailing Murton 's uncovering of the 1967 prison scandal .""
 ""( 2001 ) . His 2008 film Australia is an epic historical romantic drama film starring Hugh Jackman and Nicole Kidman . His 2013 drama The Great Gatsby , based on F. Scott Fitzgerald 's 1925 novel of the same name , stars Leonardo DiCaprio ( whom he also used in Romeo + Juliet ) and Tobey Maguire .""
 'Despite the fact that John was murdered in Saw III , the films continue to focus on the posthumous influence of the Jigsaw Killer and his apprentices by exploring his character via flashbacks .   The film series as a whole has received mostly mixed to negative reviews by critics , but has been a financial success at the box office and is one of the highest grossing horror film franchies of all time .'
 'Films for which the unit is known include Resisting Enemy Interrogation , Memphis Belle : A Story of a Flying Fortress and The Last Bomb -- all of which were released in theatres . Veteran actors such as Clark Gable , William Holden , Clayton Moore , and future President Ronald Reagan and directors such as John Sturges served with the FMPU . The unit also produced training films and trained combat cameramen . FMPU personnel served with distinction during World War II .'
 ""Penn directed one of the 11 segments of 11 ' 09 `` 01 September 11 ( 2002 ) , a compilation film made in response to the September 11 attacks . His fourth feature film , the biographical drama survival movie Into the Wild ( 2007 ) , garnered critical acclaim and two Academy Award nominations .""
 ""In addition to his film work , Penn is known for his political and social activism , including his criticism of the George W. Bush administration , his contact with the Presidents of Cuba and Venezuela , and his humanitarian work in the aftermath of Hurricane Katrina ( 2005 ) and the 2010 Haiti earthquake . In January 2016 , Penn published an interview ( conducted in October 2015 ) with Mexican drug lord Joaquín `` El Chapo '' Guzmán in Rolling Stone .""]"	NOTENOUGHINFO	Is it true that Shooter is a movie about an expert marksman trying to prevent the assassination of the president?	NOTENOUGHINFO	MISSING	CONTRADICTION	ENTAILMENT	5.812373936000313	295.509765625	-1	{'retriever': 'dense', 'topk': 10, 'reranker': False, 'prompt_edit': False, 'reindex': False}	NO_FAILURE	{'total_reward': -0.0, 'failure_reward': 1.0, 'prediction_reward': 1.0, 'consistency_reward': 0.0, 'factuality_reward': 1.0, 'latency_budget_strict': 0.0, 'vram_budget_strict': 1.0, 'latency_rate': 1.1624747872000625, 'vram_rate': 0.0}
0	House is a sitcom.	The provided context does not contain any information about a house being a sitcom.	"[""Jessica Adams ( Odette Annable ) and Dr. Chi Park ( Charlyne Yi ) join House 's team .   House was among the top 10 series in the United States from its second through fourth seasons . Distributed to 66 countries , House was the most-watched television program in the world in 2008 . The show received numerous awards , including five Primetime Emmy Awards , two Golden Globe Awards , a Peabody Award , and nine People 's Choice Awards .""
 ""House ( also called House , M.D. ) is an American television medical drama that originally ran on the Fox network for eight seasons , from November 16 , 2004 to May 21 , 2012 . The series ' main character is Dr. Gregory House ( Hugh Laurie ) , an unconventional , misanthropic medical genius who , despite his dependence on pain medication , leads a team of diagnosticians at the fictional Princeton -- Plainsboro Teaching Hospital ( PPTH ) in New Jersey .""
 'On February 8 , 2012 , Fox announced that the eighth season , then in progress , would be its last . The series finale aired on May 21 , 2012 , following an hour-long retrospective .'
 'Giada at Home is a television show hosted by Giada De Laurentiis . It first aired on October 18 , 2008 on the Food Network .   The show was nominated for two Daytime Emmys in 2009 : for Outstanding Culinary Program and Outstanding Directing in a Lifestyle/Culinary Program , and won for the latter award .'
 ""The series ' premise originated with Paul Attanasio , while David Shore , who is credited as creator , was primarily responsible for the conception of the title character . The series ' executive producers included Shore , Attanasio , Attanasio 's business partner Katie Jacobs , and film director Bryan Singer . It was filmed largely in Century City .   House often clashes with his fellow physicians , including his own diagnostic team , because many of his hypotheses about patients ' illnesses are based on subtle or controversial insights .""
 ""His flouting of hospital rules and procedures frequently leads him into conflict with his boss , hospital administrator and Dean of Medicine Dr. Lisa Cuddy ( Lisa Edelstein ) . House 's only true friend is Dr. James Wilson ( Robert Sean Leonard ) , head of the Department of Oncology . During the first three seasons , House 's diagnostic team consists of Dr. Robert Chase ( Jesse Spencer ) , Dr. Allison Cameron ( Jennifer Morrison ) , and Dr. Eric Foreman ( Omar Epps ) .""
 'The show was nominated for four Daytime Emmys in 2010 for Outstanding Multi-Camera Editing , Outstanding Directing in a Lifestyle/Culinary Program , Outstanding Lifestyle/Culinary Host ( Giada De Laurentiis ) and Outstanding Culinary Program . It won in the categories of Outstanding Directing in a Lifestyle/Culinary Program ( 2nd year in a row ) and Outstanding Culinary Program .   An episode on April 19 , 2015 rated 641,000 U.S. viewers .'
 ""The show premiered in 1999 and has since aired episodes . He also directed The SpongeBob SquarePants Movie ( 2004 ) , for which he received a nomination for an Annie Award for Directing in a Feature Production . Hillenburg 's decision was to end the television series once the film was completed ; however , Nickelodeon wanted to produce more episodes , so he resigned as the showrunner . He returned to making animated short films , with Hollywood Blvd. , USA ( 2013 ) .""
 ""With the current climate of how television shows are written and produced , The Good Wife is considered by several critics to be network television 's last great drama producing a full 22 episode season while other and future acclaimed shows are in favor of shorter 6 -- 12 episode seasons . CBS announced in a promo aired during Super Bowl 50 , on February 7 , 2016 , that the show was ending with its seventh season . The final episode aired on May 8 , 2016 .""
 ""Eric Foreman ( Omar Epps ) . At the end of the third season , this team disbands . Rejoined by Foreman , House gradually selects three new team members : Dr. Remy `` Thirteen '' Hadley ( Olivia Wilde ) , Dr. Chris Taub ( Peter Jacobson ) , and Dr. Lawrence Kutner ( Kal Penn ) . Kutner makes an appearance late in season five and then reappears in season 8 episode 22 .""]"	NOTENOUGHINFO	Is it true that a house is a sitcom?	NOTENOUGHINFO	MISSING	CONTRADICTION	ENTAILMENT	4.627944404000118	313.2373046875	-1	{'retriever': 'dense', 'topk': 10, 'reranker': False, 'prompt_edit': False, 'reindex': False}	NO_FAILURE	{'total_reward': 0.06200926599998029, 'failure_reward': 1.0, 'prediction_reward': 1.0, 'consistency_reward': 0.0, 'factuality_reward': 1.0, 'latency_budget_strict': 1.0, 'vram_budget_strict': 1.0, 'latency_rate': 0.9255888808000237, 'vram_rate': 0.0}
0	The Cretaceous ended.	The Cretaceous period came to an end with the mass extinction event known as the Cretaceous-Paleogene extinction.	"['The Cretaceous ( [ pronkrᵻˈteɪʃəs ] , ) is a geologic period and system that spans 79 million years from the end of the Jurassic Period million years ago ( Mya ) to the beginning of the Paleogene Period Mya . It is the last period of the Mesozoic Era . The Cretaceous Period is usually abbreviated K , for its German translation Kreide ( chalk ) .'
 'The Cretaceous was a period with a relatively warm climate , resulting in high eustatic sea levels that created numerous shallow inland seas . These oceans and seas were populated with now-extinct marine reptiles , ammonites and rudists , while dinosaurs continued to dominate on land . During this time , new groups of mammals and birds , as well as flowering plants , appeared . The Cretaceous ended with a large mass extinction , the Cretaceous -- Paleogene extinction event , in which many groups , including non-avian dinosaurs , pterosaurs and large marine reptiles died out .'
 'The end of the Cretaceous is defined by the abrupt Cretaceous -- Paleogene boundary ( K -- Pg boundary ) , a geologic signature associated with the mass extinction which lies between the Mesozoic and Cenozoic eras .'
 'The Archean and Proterozoic eons follow ; they produced the abiogenesis of life on Earth and then the evolution of early life . The succeeding eon is the Phanerozoic , which is represented by its three component eras : the Palaeozoic ; the Mesozoic , which spanned the rise , reign , and climactic extinction of the huge dinosaurs ; and the Cenozoic , which presented the subsequent development of dominant mammals on Earth .'
 'Life remained mostly small and microscopic until about 580 million years ago , when complex multicellular life arose , developed over time , and culminated in the Cambrian Explosion about 541 million years ago . This event drove a rapid diversification of life forms on Earth that produced most of the major phyla known today ; and it marked the end of the Proterozoic Eon and the beginning of the Cambrian Period of the Paleozoic Era .'
 ""Hominins , the earliest direct ancestors of the human clade , rose sometime during the latter part of the Miocene epoch ; the precise time marking the first hominins is broadly debated over a current range of 13 to 4 mya . The succeeding Quaternary period is the time of recognizable humans , i.e. , the genus Homo , but that period 's two million-year-plus term of the recent times is too small to be visible at the scale of the GTS graphic .""
 'Over time , the Earth cooled , causing the formation of a solid crust , and allowing liquid water to exist on the surface .   The geological time scale ( GTS ) clock ( see graphic ) depicts the larger spans of time from the beginning of the Earth as well as a chronology of some definitive events of Earth history . The Hadean Eon represents time before the reliable ( fossil ) record of life beginning on Earth ; it began with the formation of the planet and ended at 4.0 billion years ago as defined by international convention .'
 ""Geological change has been a constant of Earth 's crust since the time of its formation , and biological change since the first appearance of life . Species continue to evolve , taking on new forms , splitting into daughter species or going extinct in the process of adapting or dying in response to ever-changing physical environments . The process of plate tectonics continues to play a dominant role in the shaping of Earth 's oceans and continents and the living species they harbor .""
 ""( Notes re the graphic : Ga means `` billion years '' ; Ma , `` million years '' . )   The earliest undisputed evidence of life on Earth dates at least from 3.5 billion years ago , during the Eoarchean Era after a geological crust started to solidify following the earlier molten Hadean Eon . There are microbial mat fossils such as stromatolites found in 3.48 billion-year-old sandstone discovered in Western Australia .""
 ""The history of Earth concerns the development of the planet Earth from its formation to the present day . Nearly all branches of natural science have contributed to the understanding of the main events of the Earth 's past . The age of Earth is approximately one-third of the age of the universe . An immense amount of geological change has occurred in that timespan , accompanied by the emergence of life and its subsequent evolution .   Earth formed around 4.54 billion years ago by accretion from the solar nebula .""]"	SUPPORTS	Did the Cretaceous period come to an end?	SUPPORTS	MISSING	ENTAILMENT	NEUTRAL	4.155472115000066	296.75732421875	-1	{'retriever': 'dense', 'topk': 10, 'reranker': False, 'prompt_edit': False, 'reindex': False}	WRONG_RESPONSE_FAILURE	{'total_reward': 0.05630185899999558, 'failure_reward': 0.0, 'prediction_reward': 1.0, 'consistency_reward': 0.0, 'factuality_reward': 0.0, 'latency_budget_strict': 1.0, 'vram_budget_strict': 1.0, 'latency_rate': 0.8310944230000132, 'vram_rate': 0.0}
0	The Cretaceous ended.	The context does not provide any information about whether the Cretaceous period came to an end or not.	"['The Cretaceous ( [ pronkrᵻˈteɪʃəs ] , ) is a geologic period and system that spans 79 million years from the end of the Jurassic Period million years ago ( Mya ) to the beginning of the Paleogene Period Mya . It is the last period of the Mesozoic Era . The Cretaceous Period is usually abbreviated K , for its German translation Kreide ( chalk ) .'
 'The Cretaceous was a period with a relatively warm climate , resulting in high eustatic sea levels that created numerous shallow inland seas . These oceans and seas were populated with now-extinct marine reptiles , ammonites and rudists , while dinosaurs continued to dominate on land . During this time , new groups of mammals and birds , as well as flowering plants , appeared . The Cretaceous ended with a large mass extinction , the Cretaceous -- Paleogene extinction event , in which many groups , including non-avian dinosaurs , pterosaurs and large marine reptiles died out .'
 'The end of the Cretaceous is defined by the abrupt Cretaceous -- Paleogene boundary ( K -- Pg boundary ) , a geologic signature associated with the mass extinction which lies between the Mesozoic and Cenozoic eras .'
 'The Archean and Proterozoic eons follow ; they produced the abiogenesis of life on Earth and then the evolution of early life . The succeeding eon is the Phanerozoic , which is represented by its three component eras : the Palaeozoic ; the Mesozoic , which spanned the rise , reign , and climactic extinction of the huge dinosaurs ; and the Cenozoic , which presented the subsequent development of dominant mammals on Earth .'
 'Life remained mostly small and microscopic until about 580 million years ago , when complex multicellular life arose , developed over time , and culminated in the Cambrian Explosion about 541 million years ago . This event drove a rapid diversification of life forms on Earth that produced most of the major phyla known today ; and it marked the end of the Proterozoic Eon and the beginning of the Cambrian Period of the Paleozoic Era .'
 ""Hominins , the earliest direct ancestors of the human clade , rose sometime during the latter part of the Miocene epoch ; the precise time marking the first hominins is broadly debated over a current range of 13 to 4 mya . The succeeding Quaternary period is the time of recognizable humans , i.e. , the genus Homo , but that period 's two million-year-plus term of the recent times is too small to be visible at the scale of the GTS graphic .""
 'Over time , the Earth cooled , causing the formation of a solid crust , and allowing liquid water to exist on the surface .   The geological time scale ( GTS ) clock ( see graphic ) depicts the larger spans of time from the beginning of the Earth as well as a chronology of some definitive events of Earth history . The Hadean Eon represents time before the reliable ( fossil ) record of life beginning on Earth ; it began with the formation of the planet and ended at 4.0 billion years ago as defined by international convention .'
 ""Geological change has been a constant of Earth 's crust since the time of its formation , and biological change since the first appearance of life . Species continue to evolve , taking on new forms , splitting into daughter species or going extinct in the process of adapting or dying in response to ever-changing physical environments . The process of plate tectonics continues to play a dominant role in the shaping of Earth 's oceans and continents and the living species they harbor .""
 ""( Notes re the graphic : Ga means `` billion years '' ; Ma , `` million years '' . )   The earliest undisputed evidence of life on Earth dates at least from 3.5 billion years ago , during the Eoarchean Era after a geological crust started to solidify following the earlier molten Hadean Eon . There are microbial mat fossils such as stromatolites found in 3.48 billion-year-old sandstone discovered in Western Australia .""
 ""The history of Earth concerns the development of the planet Earth from its formation to the present day . Nearly all branches of natural science have contributed to the understanding of the main events of the Earth 's past . The age of Earth is approximately one-third of the age of the universe . An immense amount of geological change has occurred in that timespan , accompanied by the emergence of life and its subsequent evolution .   Earth formed around 4.54 billion years ago by accretion from the solar nebula .""]"	SUPPORTS	Did the Cretaceous period come to an end?	NOTENOUGHINFO	CONSISTENT	ENTAILMENT	CONTRADICTION	4.521874921999824	381.2744140625	1	{'prompt_edit': 'WP'}	WRONG_RESPONSE_FAILURE	{'total_reward': 0.01593750260000585, 'failure_reward': 0.0, 'prediction_reward': 0.0, 'consistency_reward': 1.0, 'factuality_reward': 0.0, 'latency_budget_strict': 1.0, 'vram_budget_strict': 1.0, 'latency_rate': 0.9043749843999649, 'vram_rate': 0.0}
0	Murda Beatz's real name is Marshall Mathers.	The provided context does not contain any information about Murda Beatz's real name.	"[""Shane Lee Lindstrom ( born February 11 , 1994 ) , professionally known as Murda Beatz , is a Canadian hip hop record producer from Fort Erie , Ontario . He is noted for producing songs such as `` No Shopping '' by rapper French Montana , `` Back on Road '' by rapper Gucci Mane , Lindstrom has also produced several tracks for various artists such as Drake , Migos , Travis Scott and PartyNextDoor , among others .""
 ""David Mordechai Packouz ( [ pækhaʊs ] born February 16 , 1982 ) is an American former arms dealer , musician , inventor and entrepreneur .   In 2005 , Packouz ( 23 years old at the time ) joined Efraim Diveroli ( 19 years old at the time ) in Diveroli 's arms company AEY Inc. . By the end of 2006 , the company had won 149 contracts worth around $ 10.5 million .""
 'Over the course of his career he has worked with artists including Fifth Harmony , Kenneth Babyface Edmonds , Bobby Brown , Johnny Gill , Boyz II Men , Outkast , Toni Braxton , TLC , Mariah Carey , Avril Lavigne , Paula Abdul , Pink , Justin Bieber , Meghan Trainor , Rihanna , Kanye West , Usher , Ne-Yo , 21 Savage , Young Jeezy , Ciara , Zara Larsson , Jidenna , Jennifer Lopez , Future , Travis Scott and Rick Ross .'
 ""A former high school drop-out , he attended Seattle University 's Albers School of Business and Economics in the early 2000s , and subsequently founded the wealth management firm Meridian Rock . He was a high school honor student , but dropped out early to pursue a career in music .""
 'Damon Albarn , OBE ( [ ˈdeɪmən_ˈælbɑrn ] born 23 March 1968 ) is an English musician , singer , songwriter , multi-instrumentalist and record producer . He is the lead singer of the British rock band Blur and co-founder , vocalist , instrumentalist and principal songwriter of the virtual band Gorillaz .'
 ""Between 2002 and 2008 , he played bass in the supergroup Velvet Revolver with his former Guns N ' Roses bandmates Slash and Matt Sorum . He briefly performed with Jane 's Addiction in 2010 and joined the supergroup Hollywood Vampires in 2016 .   In addition to his musical career , McKagan has established himself as a writer . He has written weekly columns on a wide variety of topics for SeattleWeekly.com , Playboy.com , and ESPN.com .""
 'Loudwire listed him as one of the Top 50 Hard Rock + Metal Drummers Of All Time , with Dolmayan being ranked at # 22 .'
 ""Kesha Rose Sebert ( [ ˈkɛʃə_roʊz_ˈsɛbərt ] ; born March 1 , 1987 ; formerly stylized as Ke $ ha ) is an American singer , songwriter , and rapper . In 2005 , at age 18 , Kesha was signed to producer Dr. Luke 's label Kemosabe Records . Her breakthrough came in early 2009 after appearing on American rapper Flo Rida 's number-one single `` Right Round '' .""
 ""Bentley has also appeared on stage and in The Bill and London 's Burning . Although he rarely makes public appearances , his public profile has been raised since Big Brothers revival on Channel 5 .""
 ""All three albums received critical acclaim while Blur gained mass popularity in the UK , aided by a Britpop rivalry with Oasis . Subsequent albums such as Blur ( 1997 ) , 13 ( 1999 ) , Think Tank ( 2003 ) and The Magic Whip ( 2015 ) contained influences from lo-fi , electronic and hip hop music .   Along with Tank Girl creator Jamie Hewlett , Albarn formed the `` virtual band '' Gorillaz in 1998 .""]"	REFUTES	Is it true that Murda Beatz's real name is Marshall Mathers?	NOTENOUGHINFO	MISSING	CONTRADICTION	CONTRADICTION	4.8731802390002485	271.24755859375	-1	{'retriever': 'dense', 'topk': 10, 'reranker': False, 'prompt_edit': False, 'reindex': False}	WRONG_RESPONSE_FAILURE	{'total_reward': 0.0, 'failure_reward': 0.0, 'prediction_reward': 0.0, 'consistency_reward': 0.0, 'factuality_reward': 0.0, 'latency_budget_strict': 1.0, 'vram_budget_strict': 1.0, 'latency_rate': 0.9746360478000498, 'vram_rate': 0.0}
0	Murda Beatz's real name is Marshall Mathers.	The provided context does not contain any information about Murda Beatz's real name.	"[""Shane Lee Lindstrom ( born February 11 , 1994 ) , professionally known as Murda Beatz , is a Canadian hip hop record producer from Fort Erie , Ontario . He is noted for producing songs such as `` No Shopping '' by rapper French Montana , `` Back on Road '' by rapper Gucci Mane , Lindstrom has also produced several tracks for various artists such as Drake , Migos , Travis Scott and PartyNextDoor , among others .""
 ""David Mordechai Packouz ( [ pækhaʊs ] born February 16 , 1982 ) is an American former arms dealer , musician , inventor and entrepreneur .   In 2005 , Packouz ( 23 years old at the time ) joined Efraim Diveroli ( 19 years old at the time ) in Diveroli 's arms company AEY Inc. . By the end of 2006 , the company had won 149 contracts worth around $ 10.5 million .""
 'Damon Albarn , OBE ( [ ˈdeɪmən_ˈælbɑrn ] born 23 March 1968 ) is an English musician , singer , songwriter , multi-instrumentalist and record producer . He is the lead singer of the British rock band Blur and co-founder , vocalist , instrumentalist and principal songwriter of the virtual band Gorillaz .']"	REFUTES	Is it true that Murda Beatz's real name is Marshall Mathers?	NOTENOUGHINFO	MISSING	CONTRADICTION	CONTRADICTION	3.10009083299974	94.9501953125	0	{'reranker': True}	WRONG_RESPONSE_FAILURE	{'total_reward': 0.0, 'failure_reward': 0.0, 'prediction_reward': 0.0, 'consistency_reward': 0.0, 'factuality_reward': 0.0, 'latency_budget_strict': 1.0, 'vram_budget_strict': 1.0, 'latency_rate': 0.620018166599948, 'vram_rate': 0.0}
0	Nicholas Brody is a character on Homeland.	Nicholas Brody is a fictional character on the American television series Homeland.	"[""GySgt . Nicholas `` Nick '' Brody , played by actor Damian Lewis , is a fictional character on the American television series Homeland on Showtime , created by Alex Gansa and Howard Gordon . Brody was a USMC Sergeant who was held as a prisoner of war by al-Qaeda terrorists for eight years . Following his rescue and return home , Brody is hailed as a war hero and promoted to gunnery .""
 'However , a CIA officer , Carrie Mathison , suspects that Brody was turned by al-Qaeda , and tries to stop him from potentially committing a terrorist act . Between the first and second season , he was elected to Congress . In the third season , he was executed by Iranian authorities after completing a CIA plot against the Iranian Revolutionary Guard .'
 'Jack Ryan Falahee ( born February 20 , 1989 ) is an American actor . He is known for his role as Connor Walsh on the ABC television legal drama How to Get Away with Murder , and for playing Benjamin Stringfellow on the PBS historical drama Mercy Street .'
 ""Edgar Howard Wright ( born 18 April 1974 ) is an English director , screenwriter , producer , and actor . He is best known for his comedic Three Flavours Cornetto film trilogy consisting of Shaun of the Dead ( 2004 ) , Hot Fuzz ( 2007 ) , and The World 's End ( 2013 ) , made with recurrent collaborators Simon Pegg , Nira Park and Nick Frost . He also collaborated with them as the director of the television series Spaced .""
 'Danielle Cormack ( born 26 December 1970 ) is a stage and screen actress from New Zealand . She was one of the original core cast of the long-running soap opera Shortland Street , though she is also known for her role as the Amazon Ephiny in the television series Xena : Warrior Princess , Cynthia Ross in The Cult , and Shota in Legend of the Seeker . Other works include the 2009 film , Separation City , and the Australian series Rake . She also portrayed notorious Sydney underworld figure Kate Leigh in Underbelly : Razor .'
 'Boyhood is a 2014 American independent coming-of-age drama film written and directed by Richard Linklater , and starring Patricia Arquette , Ellar Coltrane , Lorelei Linklater , and Ethan Hawke . Filmed from 2002 to 2013 , Boyhood depicts the childhood and adolescence of Mason Evans , Jr. ( Coltrane ) from ages six to eighteen as he grows up in Texas with divorced parents ( Arquette and Hawke ) .'
 ""In addition to his film work , Penn is known for his political and social activism , including his criticism of the George W. Bush administration , his contact with the Presidents of Cuba and Venezuela , and his humanitarian work in the aftermath of Hurricane Katrina ( 2005 ) and the 2010 Haiti earthquake . In January 2016 , Penn published an interview ( conducted in October 2015 ) with Mexican drug lord Joaquín `` El Chapo '' Guzmán in Rolling Stone .""
 'Kelly Preston ( born October 13 , 1962 ) is an American actress and former model . She has appeared in more than sixty television and film productions , most notably including Mischief , Twins and Jerry Maguire . She is married to John Travolta , with whom she collaborated on the fantasy film Battlefield Earth . She also starred in the films The Cat in the Hat , Old Dogs , and Broken Bridges .'
 ""Kyle was honorably discharged from the U.S. Navy in 2009 and published his bestselling autobiography , American Sniper , in 2012 .   An eponymous film adaptation of Kyle 's book , directed by Clint Eastwood , was released two years later . On February 2 , 2013 , Kyle was murdered by Eddie Ray Routh at a shooting range near Chalk Mountain , Texas . A former Marine with PTSD , Routh was found guilty and sentenced to life in prison without parole .""
 'He also won the BAFTA Award for Best Original Screenplay for Manchester by the Sea at the 70th British Academy Film Awards .']"	SUPPORTS	Is Nicholas Brody a character on Homeland?	SUPPORTS	MISSING	ENTAILMENT	ENTAILMENT	4.356205485000373	270.2607421875	-1	{'retriever': 'dense', 'topk': 10, 'reranker': False, 'prompt_edit': False, 'reindex': False}	NO_FAILURE	{'total_reward': 0.10729908583327111, 'failure_reward': 1.0, 'prediction_reward': 1.0, 'consistency_reward': 0.0, 'factuality_reward': 1.0, 'latency_budget_strict': 1.0, 'vram_budget_strict': 1.0, 'latency_rate': 0.8712410970000747, 'vram_rate': 0.0}
0	Charles Manson has been proven innocent of all crimes.	The provided context does not contain any information regarding Charles Manson's legal status or innocence.	"['In 1971 he was found guilty of first-degree murder and conspiracy to commit murder for the deaths of seven people ( Abigail Ann Folger , Wojciech Frykowski , Steven Earl Parent , Sharon Tate Polanski , Jay Sebring , and Leno and Rosemary La Bianca ) -- most notably of the actress Sharon Tate -- all of which were carried out by members of the group at his instruction .'
 ""Charles Milles Manson ( born Charles Milles Maddox , November 12 , 1934 ) is an American criminal and former cult leader who led what became known as the Manson Family , a quasi-commune that arose in California in the late 1960s . Manson 's followers committed a series of nine murders at four locations in July and August of 1969 .""
 'At the time the Family began to form , Manson was an unemployed former convict , who had spent half of his life in correctional institutions for a variety of offenses . Before the murders , he was a singer-songwriter on the fringe of the Los Angeles music industry , chiefly through a chance association with Dennis Wilson , drummer and founding member of the Beach Boys . After Manson was charged with the crimes of which he was later convicted , recordings of songs written and performed by him were released commercially . Various musicians have covered some of his songs .'
 ""Manson was originally sentenced to death ; however , his death sentence was converted to life with the possibility of parole when in 1972 , the death penalty in California was ruled unconstitutional . California did not have the life-without-parole sentence at the time . Manson also received first-degree murder convictions for the deaths of Gary Hinman and Donald `` Shorty '' Shea . He is currently serving a life sentence at California State Prison , Corcoran , in Corcoran , California .""
 ""Manson believed in what he called `` Helter Skelter '' , a term he took from the Beatles ' song of the same name . Manson believed Helter Skelter to be an impending apocalyptic race war , which he described in his own version of the lyrics to the Beatles ' song . He believed the murders would help precipitate that war . From the beginning of his notoriety , a pop culture arose around him in which he ultimately became an emblem of insanity , violence and the macabre .""
 'He was court martialed in 1971 for his role in the My Lai Massacre , but acquitted the same year .'
 ""They showered leaflets from the gallery on the legislators below , shouted slogans , and then allowed the authorities to arrest them . The arrest , and the resulting publicity , had the effect of bringing to light Singh 's complicity in the John Saunders case . Awaiting trial , Singh gained much public sympathy after he joined fellow defendant Jatin Das in a hunger strike , demanding better prison conditions for Indian prisoners , and ending in Das 's death from starvation in September 1929 . Singh was convicted and hanged in March 1931 , aged 23 .""
 'In December 1928 , Bhagat Singh and an associate , Shivaram Rajguru , fatally shot a 21-year-old British police officer , John Saunders , in Lahore , British India , mistaking Saunders , who was still on probation , for the British police superintendent , James Scott , whom they had intended to assassinate . They believed Scott was responsible for the death of popular Indian nationalist leader Lala Lajpat Rai , by having ordered a lathi charge in which Rai was injured , and , two weeks after which , died of a heart attack .'
 ""Kyle was honorably discharged from the U.S. Navy in 2009 and published his bestselling autobiography , American Sniper , in 2012 .   An eponymous film adaptation of Kyle 's book , directed by Clint Eastwood , was released two years later . On February 2 , 2013 , Kyle was murdered by Eddie Ray Routh at a shooting range near Chalk Mountain , Texas . A former Marine with PTSD , Routh was found guilty and sentenced to life in prison without parole .""
 ""He holds the record for the most career rushing yards by a quarterback ( 6,109 ) and the most rushing yards by a quarterback in a season ( 1,039 ) .   Vick 's NFL career came to a halt in 2007 after he pled guilty for his involvement in a dog fighting ring and spent 21 months in federal prison . His arrest and subsequent conviction garnered Vick notoriety with the general public , which lasted throughout the rest of his career . He was released by the Falcons shortly before leaving prison .""]"	REFUTES	Has Charles Manson ever been proven innocent of any crimes?	NOTENOUGHINFO	MISSING	CONTRADICTION	CONTRADICTION	4.594869673000176	298.4580078125	-1	{'retriever': 'dense', 'topk': 10, 'reranker': False, 'prompt_edit': False, 'reindex': False}	WRONG_RESPONSE_FAILURE	{'total_reward': 0.0, 'failure_reward': 0.0, 'prediction_reward': 0.0, 'consistency_reward': 0.0, 'factuality_reward': 0.0, 'latency_budget_strict': 1.0, 'vram_budget_strict': 1.0, 'latency_rate': 0.9189739346000352, 'vram_rate': 0.0}
0	Charles Manson has been proven innocent of all crimes.	The context states that Charles Manson was found guilty of first-degree murder and conspiracy to commit murder for the deaths of seven people, including Sharon Tate, and that he has been serving a life sentence at California State Prison, Corcoran, in Corcoran, California. This directly refutes the claim that Charles Manson has ever been proven innocent of any crimes.	"['In 1971 he was found guilty of first-degree murder and conspiracy to commit murder for the deaths of seven people ( Abigail Ann Folger , Wojciech Frykowski , Steven Earl Parent , Sharon Tate Polanski , Jay Sebring , and Leno and Rosemary La Bianca ) -- most notably of the actress Sharon Tate -- all of which were carried out by members of the group at his instruction .'
 ""Charles Milles Manson ( born Charles Milles Maddox , November 12 , 1934 ) is an American criminal and former cult leader who led what became known as the Manson Family , a quasi-commune that arose in California in the late 1960s . Manson 's followers committed a series of nine murders at four locations in July and August of 1969 .""
 'At the time the Family began to form , Manson was an unemployed former convict , who had spent half of his life in correctional institutions for a variety of offenses . Before the murders , he was a singer-songwriter on the fringe of the Los Angeles music industry , chiefly through a chance association with Dennis Wilson , drummer and founding member of the Beach Boys . After Manson was charged with the crimes of which he was later convicted , recordings of songs written and performed by him were released commercially . Various musicians have covered some of his songs .'
 ""Manson was originally sentenced to death ; however , his death sentence was converted to life with the possibility of parole when in 1972 , the death penalty in California was ruled unconstitutional . California did not have the life-without-parole sentence at the time . Manson also received first-degree murder convictions for the deaths of Gary Hinman and Donald `` Shorty '' Shea . He is currently serving a life sentence at California State Prison , Corcoran , in Corcoran , California .""
 ""Manson believed in what he called `` Helter Skelter '' , a term he took from the Beatles ' song of the same name . Manson believed Helter Skelter to be an impending apocalyptic race war , which he described in his own version of the lyrics to the Beatles ' song . He believed the murders would help precipitate that war . From the beginning of his notoriety , a pop culture arose around him in which he ultimately became an emblem of insanity , violence and the macabre .""
 'He was court martialed in 1971 for his role in the My Lai Massacre , but acquitted the same year .'
 ""They showered leaflets from the gallery on the legislators below , shouted slogans , and then allowed the authorities to arrest them . The arrest , and the resulting publicity , had the effect of bringing to light Singh 's complicity in the John Saunders case . Awaiting trial , Singh gained much public sympathy after he joined fellow defendant Jatin Das in a hunger strike , demanding better prison conditions for Indian prisoners , and ending in Das 's death from starvation in September 1929 . Singh was convicted and hanged in March 1931 , aged 23 .""
 'In December 1928 , Bhagat Singh and an associate , Shivaram Rajguru , fatally shot a 21-year-old British police officer , John Saunders , in Lahore , British India , mistaking Saunders , who was still on probation , for the British police superintendent , James Scott , whom they had intended to assassinate . They believed Scott was responsible for the death of popular Indian nationalist leader Lala Lajpat Rai , by having ordered a lathi charge in which Rai was injured , and , two weeks after which , died of a heart attack .'
 ""Kyle was honorably discharged from the U.S. Navy in 2009 and published his bestselling autobiography , American Sniper , in 2012 .   An eponymous film adaptation of Kyle 's book , directed by Clint Eastwood , was released two years later . On February 2 , 2013 , Kyle was murdered by Eddie Ray Routh at a shooting range near Chalk Mountain , Texas . A former Marine with PTSD , Routh was found guilty and sentenced to life in prison without parole .""
 ""He holds the record for the most career rushing yards by a quarterback ( 6,109 ) and the most rushing yards by a quarterback in a season ( 1,039 ) .   Vick 's NFL career came to a halt in 2007 after he pled guilty for his involvement in a dog fighting ring and spent 21 months in federal prison . His arrest and subsequent conviction garnered Vick notoriety with the general public , which lasted throughout the rest of his career . He was released by the Falcons shortly before leaving prison .""]"	REFUTES	Has Charles Manson ever been proven innocent of any crimes?	REFUTES	MISSING	CONTRADICTION	NEUTRAL	6.382198439999684	383.20263671875	1	{'prompt_edit': 'WP'}	WRONG_RESPONSE_FAILURE	{'total_reward': -0.0, 'failure_reward': 0.0, 'prediction_reward': 1.0, 'consistency_reward': 0.0, 'factuality_reward': 0.0, 'latency_budget_strict': 0.0, 'vram_budget_strict': 1.0, 'latency_rate': 1.2764396879999367, 'vram_rate': 0.0}
0	Sean Penn is only ever a stage actor.	The context states that Sean Penn began his acting career in television with a brief appearance in Little House on the Prairie.	"['Sean Justin Penn ( born August 17 , 1960 ) is an American actor , filmmaker , and political activist . He has won two Academy Awards , for his roles in the mystery drama Mystic River ( 2003 ) and the biopic Milk ( 2008 ) .   Penn began his acting career in television with a brief appearance in episode 112 of Little House on the Prairie ( December 4 , 1974 ) , directed by his father Leo Penn. .'
 ""He became known as a prominent leading actor with the drama Dead Man Walking ( 1995 ) , for which he earned his first Academy Award nomination and the Best Actor Award at the Berlin Film Festival . Penn received another two Oscar nominations for Woody Allen 's comedy-drama Sweet and Lowdown ( 1999 ) and the drama I Am Sam ( 2001 ) , before winning his first Academy Award for Best Actor in 2003 for Mystic River and a second one in 2008 for Milk .""
 ""In addition to his film work , Penn is known for his political and social activism , including his criticism of the George W. Bush administration , his contact with the Presidents of Cuba and Venezuela , and his humanitarian work in the aftermath of Hurricane Katrina ( 2005 ) and the 2010 Haiti earthquake . In January 2016 , Penn published an interview ( conducted in October 2015 ) with Mexican drug lord Joaquín `` El Chapo '' Guzmán in Rolling Stone .""
 ""He has also won a Best Actor Award of the Cannes Film Festival for the Nick Cassavetes-directed She 's So Lovely ( 1997 ) , and two Best Actor Awards at the Venice Film Festival for the indie film Hurlyburly ( 1998 ) and the drama 21 Grams ( 2003 ) .   Penn made his feature film directorial debut with The Indian Runner ( 1991 ) , followed by the drama film The Crossing Guard ( 1995 ) and the mystery film The Pledge ( 2001 ) .""
 "". Following his film debut in the drama Taps ( 1981 ) and a diverse range of film roles in the 1980s , including Fast Times at Ridgemont High ( 1982 ) , Penn garnered critical attention for his roles in the crime dramas At Close Range ( 1986 ) , State of Grace ( 1990 ) , and Carlito 's Way ( 1993 ) .""
 'His Soul2Soul II Tour with Faith Hill is one of the highest grossing tours in country music history , and one of the top 5 among all genres of music .   McGraw has ventured into acting , with supporting roles in The Blind Side ( with Sandra Bullock ) , Friday Night Lights , The Kingdom , Tomorrowland , and Four Christmases ( with Vince Vaughn and Reese Witherspoon ) , and lead roles in Flicka ( 2006 ) and Country Strong ( 2010 ) .'
 'David Wayne Spade ( born July 22 , 1964 ) is an American actor , stand-up comedian , writer and television personality . He rose to fame in the 1990s as a cast member on Saturday Night Live , then began a successful acting career in both film and television . He also starred and co-starred in the films Tommy Boy , Black Sheep , Joe Dirt , Joe Dirt 2 : Beautiful Loser , Grown Ups , and Grown Ups 2 , among others .'
 ""Penn directed one of the 11 segments of 11 ' 09 `` 01 September 11 ( 2002 ) , a compilation film made in response to the September 11 attacks . His fourth feature film , the biographical drama survival movie Into the Wild ( 2007 ) , garnered critical acclaim and two Academy Award nominations .""
 'Timothy Simon Roth ( born 14 May 1961 ) is an English actor and director . He made his debut role in the 1982 television film Made in Britain ( 1982 ) . He garnered critical acclaim for his role as Myron in the 1984 film The Hit ( 1984 ) , for which he was nominated for his first BAFTA Award .'
 'Deceiver ( 1997 ) , Legend of 1900 ( 1999 ) , Planet of the Apes ( 2001 ) , Invincible ( 2001 ) , Funny Games ( 2007 ) , The Incredible Hulk ( 2008 ) , Arbitrage ( 2012 ) , Broken ( 2012 ) , Selma ( 2014 ) and 600 Miles ( 2016 ) . He also starred as Cal Lightman on the Fox series Lie to Me ( 2009 -- 2011 ) .']"	REFUTES	Is it true that Sean Penn has never been a stage actor?	REFUTES	MISSING	CONTRADICTION	ENTAILMENT	5.1619124779999765	337.84521484375	-1	{'retriever': 'dense', 'topk': 10, 'reranker': False, 'prompt_edit': False, 'reindex': False}	NO_FAILURE	{'total_reward': -0.0, 'failure_reward': 1.0, 'prediction_reward': 1.0, 'consistency_reward': 0.0, 'factuality_reward': 1.0, 'latency_budget_strict': 0.0, 'vram_budget_strict': 1.0, 'latency_rate': 1.0323824955999954, 'vram_rate': 0.0}
0	Don Bradman retired from soccer.	The provided context does not contain any information about Do Bradman stopping playing soccer.	"[""Following an enforced hiatus due to the Second World War , he made a dramatic comeback , captaining an Australian team known as `` The Invincibles '' on a record-breaking unbeaten tour of England .   A complex , highly driven man , not given to close personal relationships ,  Bradman retained a pre-eminent position in the game by acting as an administrator , selector and writer for three decades following his retirement .""
 ""Bradman 's meteoric rise from bush cricket to the Australian Test team took just over two years . Before his 22nd birthday , he had set many records for top scoring , some of which still stand , and became Australia 's sporting idol at the height of the Great Depression .   During a 20-year playing career , Bradman consistently scored at a level that made him , in the words of former Australia captain Bill Woodfull , `` worth three batsmen to Australia '' .""
 'A controversial set of tactics , known as Bodyline , was specifically devised by the England team to curb his scoring . As a captain and administrator , Bradman was committed to attacking , entertaining cricket ; he drew spectators in record numbers . He hated the constant adulation , however , and it affected how he dealt with others . The focus of attention on his individual performances strained relationships with some team-mates , administrators and journalists , who thought him aloof and wary .'
 ""Sir Donald George `` Don '' Bradman , AC ( 27 August 1908 -- 25 February 2001 ) , often referred to as `` The Don '' , was an Australian cricketer , widely acknowledged as the greatest batsman of all time . Bradman 's career Test batting average of 99.94 is often cited as the greatest achievement by any sportsman in any major sport .   The story that the young Bradman practised alone with a cricket stump and a golf ball is part of Australian folklore .""
 ""Even after he became reclusive in his declining years his opinion was highly sought , and his status as a national icon was still recognised -- more than 50 years after his retirement as a Test player , in 2001 , Prime Minister John Howard of Australia called him the `` greatest living Australian '' . Bradman 's image has appeared on postage stamps and coins , and a museum dedicated to his life was opened while he was still living .""
 ""On the centenary of his birth , 27 August 2008 , the Royal Australian Mint issued a $ 5 commemorative gold coin with Bradman 's image . In 2009 , he was inducted into the ICC Cricket Hall of Fame .""
 'He officially retired from professional football in 2017 after spending the entirety of the 2016 season in free agency .'
 ""especially in the 1930s and the first post-war decade , as well as the ideological politics and socio-economic origin of the club 's sympathisers and the club 's contribution to the national team -- the most for an Italian club -- , uninterrupted since the second half of the 1920s and recognised as one of the most influential in international football , having performed a decisive role in the Azzurri 's World Cup triumphs of 1934 , 1982 and 2006 .""
 ""Johnson retired abruptly in 1991 after announcing that he had contracted HIV , but returned to play in the 1992 All-Star Game , winning the All-Star MVP Award . After protests from his fellow players , he retired again for four years , but returned in 1996 , at age 36 , to play 32 games for the Lakers before retiring for the third and final time .   Johnson 's career achievements include three NBA MVP Awards , nine NBA Finals appearances , twelve All-Star games , and ten All-NBA First and Second Team nominations .""
 ""Froome retained the yellow jersey through to stage 17 and extended his lead further following a strong performance in the stage 18 's mountain time trial . Bardet won the mountainous 19th stage and moved into second place overall and despite crashing in the rain , Froome was able to extend his lead . He then held the lead into the finish in Paris .   The points classification was won by Sagan , who won three stages . 's Rafał Majka won the mountains classification .""]"	NOTENOUGHINFO	Did Do Bradman stop playing soccer?	NOTENOUGHINFO	MISSING	CONTRADICTION	ENTAILMENT	3.77795024299985	279.669921875	-1	{'retriever': 'dense', 'topk': 10, 'reranker': False, 'prompt_edit': False, 'reindex': False}	NO_FAILURE	{'total_reward': 0.20367495950002498, 'failure_reward': 1.0, 'prediction_reward': 1.0, 'consistency_reward': 0.0, 'factuality_reward': 1.0, 'latency_budget_strict': 1.0, 'vram_budget_strict': 1.0, 'latency_rate': 0.75559004859997, 'vram_rate': 0.0}
0	L.A. Reid has served as the CEO of Arista Records for four years.	The provided context does not contain any specific information about L. A. Reid's tenure as the CEO of Arista Records.	"[""Antonio Marquis `` L.A. '' Reid ( born June 7 , 1956 ) is an American music executive , musician , songwriter , record producer , author and former television music competition judge . He has served as the chairman and CEO of Epic Records , a division of Sony Music Entertainment , the president and CEO of Arista Records , and the chairman and CEO of the Island Def Jam Music Group .  Reid was also the founder and CEO of Hitco Music Publishing and the co-founder of LaFace Records .""
 'Over the course of his career he has worked with artists including Fifth Harmony , Kenneth Babyface Edmonds , Bobby Brown , Johnny Gill , Boyz II Men , Outkast , Toni Braxton , TLC , Mariah Carey , Avril Lavigne , Paula Abdul , Pink , Justin Bieber , Meghan Trainor , Rihanna , Kanye West , Usher , Ne-Yo , 21 Savage , Young Jeezy , Ciara , Zara Larsson , Jidenna , Jennifer Lopez , Future , Travis Scott and Rick Ross .'
 ""He appeared as a judge on the first two seasons of the U.S. version of the television show The X Factor , but in December 2012 announced he would not be back for the show 's third season , saying he wanted to focus on his leadership at Epic Records .""
 ""David Mordechai Packouz ( [ pækhaʊs ] born February 16 , 1982 ) is an American former arms dealer , musician , inventor and entrepreneur .   In 2005 , Packouz ( 23 years old at the time ) joined Efraim Diveroli ( 19 years old at the time ) in Diveroli 's arms company AEY Inc. . By the end of 2006 , the company had won 149 contracts worth around $ 10.5 million .""
 'In 1997 , to coincide with the release of Nimrod , Armstrong founded Adeline Records in Oakland to help support other bands releasing music and signed bands such as The Frustrators , AFI and Dillinger Four . The record company has since come under the management of Pat Magnarella .'
 ""A former high school drop-out , he attended Seattle University 's Albers School of Business and Economics in the early 2000s , and subsequently founded the wealth management firm Meridian Rock . He was a high school honor student , but dropped out early to pursue a career in music .""
 ""Tom Fogerty had officially left the previous year , and his brother John was at odds with the remaining members over matters of business and artistic control , all of which resulted in subsequent lawsuits between the former bandmates . Fogerty 's ongoing disagreements with Saul Zaentz , owner of their label Fantasy Records , created further protracted court battles . As a result , John Fogerty refused to perform with the two other surviving former members at CCR 's 1993 induction into the Rock and Roll Hall of Fame .""
 'In July 2011 , Murdoch faced allegations that his companies , including the News of the World , owned by News Corporation , had been regularly hacking the phones of celebrities , royalty , and public citizens . Murdoch faces police and government investigations into bribery and corruption by the British government and FBI investigations in the U.S. On 21 July 2012 , Murdoch resigned as a director of News International . On 1 July 2015 , Murdoch left his post as CEO of 21st Century Fox .'
 ""His activities eventually led to his arrest on charges of treason in 1807 . The subsequent trial resulted in acquittal , but Burr 's western schemes left him with large debts and few influential friends . In a final quest for grand opportunities , he left the United States for Europe . He remained overseas until 1812 , when he returned to the United States to practice law in New York City . There he spent the rest of his life in relative obscurity .""
 'He was elected twice to the New York State Assembly ( 1784 -- 1785 , 1798 -- 1799 ) , was appointed New York State Attorney General ( 1789 -- 1791 ) , was chosen as a U.S. senator ( 1791 -- 1797 ) , from the State of New York , and reached the apex of his career as vice president .']"	NOTENOUGHINFO	Has L. A. Reid been the CEO of Arista Records for exactly four years?	NOTENOUGHINFO	MISSING	CONTRADICTION	CONTRADICTION	5.429012943000089	292.75	-1	{'retriever': 'dense', 'topk': 10, 'reranker': False, 'prompt_edit': False, 'reindex': False}	WRONG_RESPONSE_FAILURE	{'total_reward': -0.0, 'failure_reward': 0.0, 'prediction_reward': 1.0, 'consistency_reward': 0.0, 'factuality_reward': 0.0, 'latency_budget_strict': 0.0, 'vram_budget_strict': 1.0, 'latency_rate': 1.0858025886000178, 'vram_rate': 0.0}
0	L.A. Reid has served as the CEO of Arista Records for four years.	The context does not provide any specific information about L. A. Reid's tenure as the CEO of Arista Records or any details regarding how long he has held this position.	"[""Antonio Marquis `` L.A. '' Reid ( born June 7 , 1956 ) is an American music executive , musician , songwriter , record producer , author and former television music competition judge . He has served as the chairman and CEO of Epic Records , a division of Sony Music Entertainment , the president and CEO of Arista Records , and the chairman and CEO of the Island Def Jam Music Group .  Reid was also the founder and CEO of Hitco Music Publishing and the co-founder of LaFace Records .""
 'Over the course of his career he has worked with artists including Fifth Harmony , Kenneth Babyface Edmonds , Bobby Brown , Johnny Gill , Boyz II Men , Outkast , Toni Braxton , TLC , Mariah Carey , Avril Lavigne , Paula Abdul , Pink , Justin Bieber , Meghan Trainor , Rihanna , Kanye West , Usher , Ne-Yo , 21 Savage , Young Jeezy , Ciara , Zara Larsson , Jidenna , Jennifer Lopez , Future , Travis Scott and Rick Ross .'
 ""He appeared as a judge on the first two seasons of the U.S. version of the television show The X Factor , but in December 2012 announced he would not be back for the show 's third season , saying he wanted to focus on his leadership at Epic Records .""
 ""David Mordechai Packouz ( [ pækhaʊs ] born February 16 , 1982 ) is an American former arms dealer , musician , inventor and entrepreneur .   In 2005 , Packouz ( 23 years old at the time ) joined Efraim Diveroli ( 19 years old at the time ) in Diveroli 's arms company AEY Inc. . By the end of 2006 , the company had won 149 contracts worth around $ 10.5 million .""
 'In 1997 , to coincide with the release of Nimrod , Armstrong founded Adeline Records in Oakland to help support other bands releasing music and signed bands such as The Frustrators , AFI and Dillinger Four . The record company has since come under the management of Pat Magnarella .'
 ""A former high school drop-out , he attended Seattle University 's Albers School of Business and Economics in the early 2000s , and subsequently founded the wealth management firm Meridian Rock . He was a high school honor student , but dropped out early to pursue a career in music .""
 ""Tom Fogerty had officially left the previous year , and his brother John was at odds with the remaining members over matters of business and artistic control , all of which resulted in subsequent lawsuits between the former bandmates . Fogerty 's ongoing disagreements with Saul Zaentz , owner of their label Fantasy Records , created further protracted court battles . As a result , John Fogerty refused to perform with the two other surviving former members at CCR 's 1993 induction into the Rock and Roll Hall of Fame .""
 'In July 2011 , Murdoch faced allegations that his companies , including the News of the World , owned by News Corporation , had been regularly hacking the phones of celebrities , royalty , and public citizens . Murdoch faces police and government investigations into bribery and corruption by the British government and FBI investigations in the U.S. On 21 July 2012 , Murdoch resigned as a director of News International . On 1 July 2015 , Murdoch left his post as CEO of 21st Century Fox .'
 ""His activities eventually led to his arrest on charges of treason in 1807 . The subsequent trial resulted in acquittal , but Burr 's western schemes left him with large debts and few influential friends . In a final quest for grand opportunities , he left the United States for Europe . He remained overseas until 1812 , when he returned to the United States to practice law in New York City . There he spent the rest of his life in relative obscurity .""
 'He was elected twice to the New York State Assembly ( 1784 -- 1785 , 1798 -- 1799 ) , was appointed New York State Attorney General ( 1789 -- 1791 ) , was chosen as a U.S. senator ( 1791 -- 1797 ) , from the State of New York , and reached the apex of his career as vice president .']"	NOTENOUGHINFO	Has L. A. Reid been the CEO of Arista Records for exactly four years?	NOTENOUGHINFO	MISSING	CONTRADICTION	CONTRADICTION	4.870753710999907	313.60205078125	2	{'prompt_edit': 'WR'}	WRONG_RESPONSE_FAILURE	{'total_reward': 0.008616419266672892, 'failure_reward': 0.0, 'prediction_reward': 1.0, 'consistency_reward': 0.0, 'factuality_reward': 0.0, 'latency_budget_strict': 1.0, 'vram_budget_strict': 1.0, 'latency_rate': 0.9741507421999813, 'vram_rate': 0.0}
0	Brad Wilk helped co-found Rage in 1962.	Wilk helped co-found Rage Against the Machine in August 1991.	"[""Bradley J. `` Brad '' Wilk ( born September 5 , 1968 ) is a musician , actor , and activist from the United States . He is best known as the drummer of the rock bands Rage Against the Machine ( 1991 -- 2000 ; 2007 -- 11 ) and Audioslave ( 2001 -- 07 ) .   Wilk started his career as a drummer for Greta in 1990 , and helped co-found Rage with Tom Morello and Zack de la Rocha in August 1991 .""
 'The album was released in June 2013 .'
 ""Following that band 's breakup in October 2000 Wilk , Morello , Rage Against the Machine bassist Tim Commerford , and Soundgarden front man Chris Cornell formed the supergroup Audioslave , which broke up in 2007 . As of 2016 , he is playing in the band Prophets of Rage , with Commerford , Morello , Chuck D , B-Real and DJ Lord .   Wilk has also performed drums on English metal band Black Sabbath 's final album 13 .""
 'In 2016 , Morello , Commerford and Wilk formed a new band , Prophets of Rage , with Chuck D and B-Real .'
 ""Even after he became reclusive in his declining years his opinion was highly sought , and his status as a national icon was still recognised -- more than 50 years after his retirement as a Test player , in 2001 , Prime Minister John Howard of Australia called him the `` greatest living Australian '' . Bradman 's image has appeared on postage stamps and coins , and a museum dedicated to his life was opened while he was still living .""
 'A controversial set of tactics , known as Bodyline , was specifically devised by the England team to curb his scoring . As a captain and administrator , Bradman was committed to attacking , entertaining cricket ; he drew spectators in record numbers . He hated the constant adulation , however , and it affected how he dealt with others . The focus of attention on his individual performances strained relationships with some team-mates , administrators and journalists , who thought him aloof and wary .'
 ""Following an enforced hiatus due to the Second World War , he made a dramatic comeback , captaining an Australian team known as `` The Invincibles '' on a record-breaking unbeaten tour of England .   A complex , highly driven man , not given to close personal relationships ,  Bradman retained a pre-eminent position in the game by acting as an administrator , selector and writer for three decades following his retirement .""
 ""Bradman 's meteoric rise from bush cricket to the Australian Test team took just over two years . Before his 22nd birthday , he had set many records for top scoring , some of which still stand , and became Australia 's sporting idol at the height of the Great Depression .   During a 20-year playing career , Bradman consistently scored at a level that made him , in the words of former Australia captain Bill Woodfull , `` worth three batsmen to Australia '' .""
 ""Bentley has also appeared on stage and in The Bill and London 's Burning . Although he rarely makes public appearances , his public profile has been raised since Big Brothers revival on Channel 5 .""
 ""After escaping , Singh and his associates , using pseudonyms , publicly owned to avenging Lajpat Rai 's death , putting up prepared posters , which , however , they had altered to show Saunders as their intended target . Singh was thereafter on the run for many months , and no convictions resulted at the time . Surfacing again in April 1929 , he and another associate , Batukeshwar Dutt , exploded two improvised bombs inside the Central Legislative Assembly in Delhi .""]"	REFUTES	Did Brad Wilk help co-found Rage in 1962?	REFUTES	CONSISTENT	CONTRADICTION	ENTAILMENT	4.590838008999981	246.29931640625	-1	{'retriever': 'dense', 'topk': 10, 'reranker': False, 'prompt_edit': False, 'reindex': False}	NO_FAILURE	{'total_reward': 0.08183239820000376, 'failure_reward': 1.0, 'prediction_reward': 1.0, 'consistency_reward': 1.0, 'factuality_reward': 1.0, 'latency_budget_strict': 1.0, 'vram_budget_strict': 1.0, 'latency_rate': 0.9181676017999962, 'vram_rate': 0.0}
0	CBS is the network that aired The Millers.	The provided context does not contain any information about CBS airing The Millers.	"[""The Millers is an American sitcom that was created by Greg Garcia and stars Will Arnett as Nathan Miller and Margo Martindale as Carol Miller . The multi-camera series aired from October 3 , 2013 to July 18 , 2015 and ran 34 episodes over two seasons on CBS .   CBS announced the cancellation of The Millers on November 14 , 2014 , four episodes into the show 's second season . The series filmed their final episode on November 17 , 2014 .""
 ""The series filmed their final episode on November 17 , 2014 . Eleven episodes were produced during season 2 before production shut down . The producers decided to finish the episode `` Hero '' , which was underway at the time for the financial sake of the below the line crew members that had already worked on the episode for several days . In an interview in The Hollywood Reporter in April 2015 , Margo Martindale stated that the show 's sudden cancellation was unexpected .""
 'From 1983 to 1987 , Starrcade was produced by Jim Crockett Promotions ( JCP ) , the dominant promotion of the NWA , and aired on Thanksgiving Day . In 1987 , the WWF scheduled a pay-per-view of their own , Survivor Series , on Thanksgiving night and demanded exclusivity from cable providers on carriage of the event . In order to prevent such a problem , Starrcade was moved to December the following year and the show was held around Christmas Day , mostly in the days following , beginning in 1988 .'
 'On February 8 , 2012 , Fox announced that the eighth season , then in progress , would be its last . The series finale aired on May 21 , 2012 , following an hour-long retrospective .'
 ""Bones is an American crime procedural drama television series that aired on Fox in the United States from September 13 , 2005 , until March 28 , 2017 , for 246 episodes over twelve seasons . The show is based on forensic anthropology and forensic archaeology , with each episode focusing on an FBI case file concerning the mystery behind human remains brought by FBI Special Agent Seeley Booth ( David Boreanaz ) to forensic anthropologist Dr. Temperance `` Bones '' Brennan ( Emily Deschanel ) and the personal lives of the characters .""
 'Also in 1988 , JCP was sold to Turner Broadcasting due to financial problems and became WCW , though Starrcade was held under the NWA banner until 1990 .   From the 1960s to the 1980s , it was tradition for JCP to hold major professional wrestling events on Thanksgiving and Christmas , mostly at Greensboro Coliseum . In 1983 , JCP created Starrcade as their supercard to continue the Thanksgiving tradition , and spread it across its territory on closed-circuit television .'
 'It popularized broadcasting on closed-circuit television and was financially successful . From 1987 , Starrcade was broadcast on pay-per-view , the first NWA event to do so .   The rights to the event now belong to WWE ( formerly the World Wrestling Federation ) . In November 2008 , WWE 24/7 Classics aired a special as a celebration of the 25th anniversary of the event called The Essential Starrcade . This five-part series counts down the top 25 matches in Starrcade history .'
 ""The Mod Squad is an American crime drama series that ran on ABC from 1968 to 1973 . It stars Michael Cole as Peter `` Pete '' Cochran , Peggy Lipton as Julie Barnes , Clarence Williams III as Lincoln `` Linc '' Hayes , and Tige Andrews as Captain Adam Greer . The executive producers of the series were Aaron Spelling and Danny Thomas .   The iconic counterculture police series earned six Emmy Award nominations , four Golden Globe nominations plus one win for Peggy Lipton , one Directors Guild of America Award , and four Logies .""
 'On 8 April 2015 , the BBC announced that a second series had been commissioned which premiered on 4 September 2016 . The BBC announced on 6 July 2016 , before series 2 had begun , that a third series had been commissioned .'
 ""With the current climate of how television shows are written and produced , The Good Wife is considered by several critics to be network television 's last great drama producing a full 22 episode season while other and future acclaimed shows are in favor of shorter 6 -- 12 episode seasons . CBS announced in a promo aired during Super Bowl 50 , on February 7 , 2016 , that the show was ending with its seventh season . The final episode aired on May 8 , 2016 .""]"	SUPPORTS	Did CBS air The Millers?	NOTENOUGHINFO	CONSISTENT	ENTAILMENT	CONTRADICTION	4.40241140299986	327.66455078125	-1	{'retriever': 'dense', 'topk': 10, 'reranker': False, 'prompt_edit': False, 'reindex': False}	WRONG_RESPONSE_FAILURE	{'total_reward': 0.01991961990000466, 'failure_reward': 0.0, 'prediction_reward': 0.0, 'consistency_reward': 1.0, 'factuality_reward': 0.0, 'latency_budget_strict': 1.0, 'vram_budget_strict': 1.0, 'latency_rate': 0.880482280599972, 'vram_rate': 0.0}
0	CBS is the network that aired The Millers.	The provided context does not contain any information about CBS airing The Millers. Instead, it discusses various TV series and promotions, including Starrcade and The Mod Squad, but none relate to CBS airing The Millers.	"[""The Millers is an American sitcom that was created by Greg Garcia and stars Will Arnett as Nathan Miller and Margo Martindale as Carol Miller . The multi-camera series aired from October 3 , 2013 to July 18 , 2015 and ran 34 episodes over two seasons on CBS .   CBS announced the cancellation of The Millers on November 14 , 2014 , four episodes into the show 's second season . The series filmed their final episode on November 17 , 2014 .""
 ""The series filmed their final episode on November 17 , 2014 . Eleven episodes were produced during season 2 before production shut down . The producers decided to finish the episode `` Hero '' , which was underway at the time for the financial sake of the below the line crew members that had already worked on the episode for several days . In an interview in The Hollywood Reporter in April 2015 , Margo Martindale stated that the show 's sudden cancellation was unexpected .""
 'From 1983 to 1987 , Starrcade was produced by Jim Crockett Promotions ( JCP ) , the dominant promotion of the NWA , and aired on Thanksgiving Day . In 1987 , the WWF scheduled a pay-per-view of their own , Survivor Series , on Thanksgiving night and demanded exclusivity from cable providers on carriage of the event . In order to prevent such a problem , Starrcade was moved to December the following year and the show was held around Christmas Day , mostly in the days following , beginning in 1988 .'
 'On February 8 , 2012 , Fox announced that the eighth season , then in progress , would be its last . The series finale aired on May 21 , 2012 , following an hour-long retrospective .'
 ""Bones is an American crime procedural drama television series that aired on Fox in the United States from September 13 , 2005 , until March 28 , 2017 , for 246 episodes over twelve seasons . The show is based on forensic anthropology and forensic archaeology , with each episode focusing on an FBI case file concerning the mystery behind human remains brought by FBI Special Agent Seeley Booth ( David Boreanaz ) to forensic anthropologist Dr. Temperance `` Bones '' Brennan ( Emily Deschanel ) and the personal lives of the characters .""
 'Also in 1988 , JCP was sold to Turner Broadcasting due to financial problems and became WCW , though Starrcade was held under the NWA banner until 1990 .   From the 1960s to the 1980s , it was tradition for JCP to hold major professional wrestling events on Thanksgiving and Christmas , mostly at Greensboro Coliseum . In 1983 , JCP created Starrcade as their supercard to continue the Thanksgiving tradition , and spread it across its territory on closed-circuit television .'
 'It popularized broadcasting on closed-circuit television and was financially successful . From 1987 , Starrcade was broadcast on pay-per-view , the first NWA event to do so .   The rights to the event now belong to WWE ( formerly the World Wrestling Federation ) . In November 2008 , WWE 24/7 Classics aired a special as a celebration of the 25th anniversary of the event called The Essential Starrcade . This five-part series counts down the top 25 matches in Starrcade history .'
 ""The Mod Squad is an American crime drama series that ran on ABC from 1968 to 1973 . It stars Michael Cole as Peter `` Pete '' Cochran , Peggy Lipton as Julie Barnes , Clarence Williams III as Lincoln `` Linc '' Hayes , and Tige Andrews as Captain Adam Greer . The executive producers of the series were Aaron Spelling and Danny Thomas .   The iconic counterculture police series earned six Emmy Award nominations , four Golden Globe nominations plus one win for Peggy Lipton , one Directors Guild of America Award , and four Logies .""
 'On 8 April 2015 , the BBC announced that a second series had been commissioned which premiered on 4 September 2016 . The BBC announced on 6 July 2016 , before series 2 had begun , that a third series had been commissioned .'
 ""With the current climate of how television shows are written and produced , The Good Wife is considered by several critics to be network television 's last great drama producing a full 22 episode season while other and future acclaimed shows are in favor of shorter 6 -- 12 episode seasons . CBS announced in a promo aired during Super Bowl 50 , on February 7 , 2016 , that the show was ending with its seventh season . The final episode aired on May 8 , 2016 .""]"	SUPPORTS	Did CBS air The Millers?	NOTENOUGHINFO	CONSISTENT	ENTAILMENT	CONTRADICTION	5.408657924999716	349.72265625	2	{'prompt_edit': 'WR'}	WRONG_RESPONSE_FAILURE	{'total_reward': -0.0, 'failure_reward': 0.0, 'prediction_reward': 0.0, 'consistency_reward': 1.0, 'factuality_reward': 0.0, 'latency_budget_strict': 0.0, 'vram_budget_strict': 1.0, 'latency_rate': 1.0817315849999432, 'vram_rate': 0.0}
0	Annette Badland was in the 2015 NBA Finals.	The provided context does not contain any information about Annette Badland or her participation in the 2015 NBA Finals.	"[""Johnson was honored as one of the 50 Greatest Players in NBA History in 1996 .   Johnson became a two-time inductee into the Basketball Hall of Fame -- being enshrined in 2002 for his individual career , and again in 2010 as a member of the `` Dream Team '' . He was rated the greatest NBA point guard of all time by ESPN in 2007 . His friendship and rivalry with Boston Celtics star Larry Bird , whom he faced in the 1979 NCAA finals and three NBA championship series , are well documented .""
 ""The New Orleans Pelicans are an American professional basketball team based in New Orleans . The Pelicans compete in the National Basketball Association ( NBA ) as a member club of the league 's Western Conference Southwest Division . The team plays their home games in the Smoothie King Center ( formerly known as the New Orleans Arena ) .   The Pelicans were established as the New Orleans Hornets in the when then-owner of the Charlotte Hornets , George Shinn , relocated the franchise to New Orleans .""
 'He then played college basketball for the Miami Hurricanes of the University of Miami , where he was a three-year starter and finished his career averaging 11 points per game . He was named Third Team All-Big East his junior year and Second Team Verizon Academic All-American his senior year . He was inducted into the University of Miami Sports Hall of Fame in 2014 .   Jones was drafted by the Indiana Pacers in the second round of the 2003 NBA Draft .'
 'Due to the damage caused by Hurricane Katrina in 2005 , the franchise temporarily relocated to Oklahoma City , where they spent two seasons officially known as the New Orleans/Oklahoma City Hornets . The team returned to New Orleans full-time for the 2007 -- 08 season . On January 24 , 2013 , the franchise announced it would rename itself the Pelicans , effective after the conclusion of the 2012 -- 13 season .'
 ""She is also known for being Michael Jackson 's first girlfriend .   In 1986 , O'Neal married professional tennis player John McEnroe , with whom she had three children . The couple separated in 1992 and were divorced in 1994 .""
 'James Andrew Jones ( born October 4 , 1980 ) is an American professional basketball player for the Cleveland Cavaliers of the National Basketball Association ( NBA ) . He currently serves as the secretary-treasurer of the National Basketball Players Association .   Jones was a four-year letterman at American High School in Hialeah , Florida . He averaged 25 points per game as a senior , earning Class 6A Player of the Year and First Team All-State honors .'
 'The Charlotte Hornets name , history and records from 1988 to 2002 were returned to its original city to be used by the then -- Charlotte Bobcats franchise , which subsequently became the Charlotte Hornets , starting May 20 , 2014 .   In 14 seasons of play since the original franchise relocated from North Carolina , the Louisiana franchise has achieved an overall regular season record of 528 -- 604 , and has qualified for the playoffs six times . Their achievements include one playoff series victory and one division title .'
 ""She has also appeared in the television series Camelot ( 2011 ) , and played Angelique Bouchard in Tim Burton 's big-screen adaptation of Dark Shadows ( 2012 ) . In 2014 , she played Artemisia in the 300 sequel , 300 : Rise of an Empire ( 2014 ) , and Ava Lord in Frank Miller 's and Robert Rodriguez 's Sin City sequel , Sin City : A Dame to Kill For ( 2014 ) .""
 ""He led the league in regular-season assists four times , and is the NBA 's all-time leader in average assists per game , at 11.2 . Johnson was a member of the 1992 United States men 's Olympic basketball team ( `` The Dream Team '' ) , which won the Olympic gold medal in 1992 . After leaving the NBA in 1992 , Johnson formed the Magic Johnson All-Stars , a barnstorming team that travelled around the world playing exhibition games .""
 ""Annette Badland ( born 26 August 1949 ) is an English actress known for a wide range of roles on TV , radio and film . She has played Margaret Blaine in the BBC science fiction series Doctor Who , Doomsday Dora in The Sparticle Mystery , Birdie Henshall in the drama series Cutting It , Mavis in season 6 of Skins , Ursula Crowe in children 's science fiction/fantasy series Wizards vs Aliens , and Babe Smith in soap opera EastEnders . Badland plays Hazel Woolley in BBC Radio The Archers .""]"	NOTENOUGHINFO	Was Annette Badland part of the team that played in the 2015 NBA Finals?	NOTENOUGHINFO	MISSING	CONTRADICTION	ENTAILMENT	5.875492596000186	341.62744140625	-1	{'retriever': 'dense', 'topk': 10, 'reranker': False, 'prompt_edit': False, 'reindex': False}	NO_FAILURE	{'total_reward': -0.0, 'failure_reward': 1.0, 'prediction_reward': 1.0, 'consistency_reward': 0.0, 'factuality_reward': 1.0, 'latency_budget_strict': 0.0, 'vram_budget_strict': 1.0, 'latency_rate': 1.1750985192000372, 'vram_rate': 0.0}
0	Edgar Wright is a person.	Edgar Wright is mentioned multiple times in the context.	"[""He married Rose Edith Kelly and in 1904 they honeymooned in Cairo , Egypt , where Crowley claimed to have been contacted by a supernatural entity named Aiwass , who provided him with The Book of the Law , a sacred text that served as the basis for Thelema . Announcing the start of the Æon of Horus , The Book declared that its followers should `` Do what thou wilt '' and seek to align themselves with their True Will through the practice of magick .""
 'In 1997 , to coincide with the release of Nimrod , Armstrong founded Adeline Records in Oakland to help support other bands releasing music and signed bands such as The Frustrators , AFI and Dillinger Four . The record company has since come under the management of Pat Magnarella .'
 'A prolific writer , he published widely over the course of his life .   Born to a wealthy Plymouth Brethren family in Royal Leamington Spa , Warwickshire , Crowley rejected this fundamentalist Christian faith to pursue an interest in Western esotericism . He was educated at the University of Cambridge , where he focused his attentions on mountaineering and poetry , resulting in several publications . Some biographers allege that here he was recruited into a British intelligence agency , further suggesting that he remained a spy throughout his life .'
 ""Cooper is known for his social and witty persona offstage , with The Rolling Stone Album Guide calling him the world 's most `` beloved heavy metal entertainer '' . He is credited with helping to shape the sound and look of heavy metal , and has been described as the artist who `` first introduced horror imagery to rock 'n' roll , and whose stagecraft and showmanship have permanently transformed the genre '' .""
 ""Originating in Phoenix , Arizona , in the late 1960s after he moved from Detroit , Michigan , `` Alice Cooper '' was originally a band consisting of Furnier on vocals and harmonica , lead guitarist Glen Buxton , Michael Bruce on rhythm guitar , Dennis Dunaway on bass guitar , and drummer Neal Smith .""
 'Other projects include working with African musicians in aid of the charity Oxfam , writing and performing lead vocals on The Good , the Bad & the Queen as part of an unnamed supergroup and composing film soundtracks . He has also ventured into the world of opera with Dr Dee and Monkey : Journey to the West .'
 ""He was denounced in the popular press as `` the wickedest man in the world '' and a Satanist . Crowley has remained a highly influential figure over Western esotericism and the counter-culture , and continues to be considered a prophet in Thelema . In 2002 , a BBC poll ranked him as the seventy-third greatest Briton of all time .""
 ""Alice Cooper ( born Vincent Damon Furnier ; February 4 , 1948 ) is an American singer , songwriter , and actor whose career spans over five decades . With his distinctive raspy voice and a stage show that features guillotines , electric chairs , fake blood , deadly snakes , baby dolls , and dueling swords , Cooper is considered by music journalists and peers alike to be `` The Godfather of Shock Rock '' . He has drawn equally from horror films , vaudeville , and garage rock to pioneer a macabre and theatrical brand of rock designed to shock people .""
 'In 1898 he joined the esoteric Hermetic Order of the Golden Dawn , where he was trained in ceremonial magic by Samuel Liddell MacGregor Mathers and Allan Bennett . Moving to Boleskine House by Loch Ness in Scotland , he went mountaineering in Mexico with Oscar Eckenstein , before studying Hindu and Buddhist practices in India .'
 ""He also collaborated with them as the director of the television series Spaced .   He also co-wrote , produced and directed the 2010 film Scott Pilgrim vs. the World . Along with his friends Joe Cornish and Steven Moffat , he co-wrote Steven Spielberg 's The Adventures of Tintin : The Secret of the Unicorn . Wright and Cornish co-wrote the screenplay for the Marvel Studios film Ant-Man , which Wright was intended to direct before departing the project .""]"	SUPPORTS	Is it true that Edgar Wright is a person?	SUPPORTS	MISSING	ENTAILMENT	CONTRADICTION	3.737014600999828	262.32763671875	-1	{'retriever': 'dense', 'topk': 10, 'reranker': False, 'prompt_edit': False, 'reindex': False}	WRONG_RESPONSE_FAILURE	{'total_reward': 0.08419902660001147, 'failure_reward': 0.0, 'prediction_reward': 1.0, 'consistency_reward': 0.0, 'factuality_reward': 0.0, 'latency_budget_strict': 1.0, 'vram_budget_strict': 1.0, 'latency_rate': 0.7474029201999656, 'vram_rate': 0.0}
0	Edgar Wright is a person.	Edgar Wright is mentioned alongside collaborators and co-writers in various contexts within the document.	"[""He married Rose Edith Kelly and in 1904 they honeymooned in Cairo , Egypt , where Crowley claimed to have been contacted by a supernatural entity named Aiwass , who provided him with The Book of the Law , a sacred text that served as the basis for Thelema . Announcing the start of the Æon of Horus , The Book declared that its followers should `` Do what thou wilt '' and seek to align themselves with their True Will through the practice of magick .""
 'In 1997 , to coincide with the release of Nimrod , Armstrong founded Adeline Records in Oakland to help support other bands releasing music and signed bands such as The Frustrators , AFI and Dillinger Four . The record company has since come under the management of Pat Magnarella .'
 'A prolific writer , he published widely over the course of his life .   Born to a wealthy Plymouth Brethren family in Royal Leamington Spa , Warwickshire , Crowley rejected this fundamentalist Christian faith to pursue an interest in Western esotericism . He was educated at the University of Cambridge , where he focused his attentions on mountaineering and poetry , resulting in several publications . Some biographers allege that here he was recruited into a British intelligence agency , further suggesting that he remained a spy throughout his life .'
 ""Cooper is known for his social and witty persona offstage , with The Rolling Stone Album Guide calling him the world 's most `` beloved heavy metal entertainer '' . He is credited with helping to shape the sound and look of heavy metal , and has been described as the artist who `` first introduced horror imagery to rock 'n' roll , and whose stagecraft and showmanship have permanently transformed the genre '' .""
 ""Originating in Phoenix , Arizona , in the late 1960s after he moved from Detroit , Michigan , `` Alice Cooper '' was originally a band consisting of Furnier on vocals and harmonica , lead guitarist Glen Buxton , Michael Bruce on rhythm guitar , Dennis Dunaway on bass guitar , and drummer Neal Smith .""
 'Other projects include working with African musicians in aid of the charity Oxfam , writing and performing lead vocals on The Good , the Bad & the Queen as part of an unnamed supergroup and composing film soundtracks . He has also ventured into the world of opera with Dr Dee and Monkey : Journey to the West .'
 ""He was denounced in the popular press as `` the wickedest man in the world '' and a Satanist . Crowley has remained a highly influential figure over Western esotericism and the counter-culture , and continues to be considered a prophet in Thelema . In 2002 , a BBC poll ranked him as the seventy-third greatest Briton of all time .""
 ""Alice Cooper ( born Vincent Damon Furnier ; February 4 , 1948 ) is an American singer , songwriter , and actor whose career spans over five decades . With his distinctive raspy voice and a stage show that features guillotines , electric chairs , fake blood , deadly snakes , baby dolls , and dueling swords , Cooper is considered by music journalists and peers alike to be `` The Godfather of Shock Rock '' . He has drawn equally from horror films , vaudeville , and garage rock to pioneer a macabre and theatrical brand of rock designed to shock people .""
 'In 1898 he joined the esoteric Hermetic Order of the Golden Dawn , where he was trained in ceremonial magic by Samuel Liddell MacGregor Mathers and Allan Bennett . Moving to Boleskine House by Loch Ness in Scotland , he went mountaineering in Mexico with Oscar Eckenstein , before studying Hindu and Buddhist practices in India .'
 ""He also collaborated with them as the director of the television series Spaced .   He also co-wrote , produced and directed the 2010 film Scott Pilgrim vs. the World . Along with his friends Joe Cornish and Steven Moffat , he co-wrote Steven Spielberg 's The Adventures of Tintin : The Secret of the Unicorn . Wright and Cornish co-wrote the screenplay for the Marvel Studios film Ant-Man , which Wright was intended to direct before departing the project .""]"	SUPPORTS	Is it true that Edgar Wright is a person?	SUPPORTS	MISSING	ENTAILMENT	NEUTRAL	4.968574053999873	343.18408203125	1	{'prompt_edit': 'WP'}	WRONG_RESPONSE_FAILURE	{'total_reward': 0.0020950630666750993, 'failure_reward': 0.0, 'prediction_reward': 1.0, 'consistency_reward': 0.0, 'factuality_reward': 0.0, 'latency_budget_strict': 1.0, 'vram_budget_strict': 1.0, 'latency_rate': 0.9937148107999747, 'vram_rate': 0.0}
0	Ann Richards was professionally involved in politics.	Ann Richards was the 45th Governor of Texas from 1991 to 1995.	"['Richards was the second female governor of Texas , and was frequently noted in the media for her outspoken feminism and her one-liners .'
 'Dorothy Ann Willis Richards ( September 1 , 1933 -- September 13 , 2006 ) was an American politician and the 45th Governor of Texas from 1991 to 1995 . A Democrat , she first came to national attention as the state treasurer of Texas , when she delivered the keynote address at the 1988 Democratic National Convention . Richards served as the 45th Governor of Texas from 1991 to 1995 and was defeated for re-election in 1994 by George W. Bush .'
 'In 2016 , she began starring as Harlee Santos in the crime drama series Shades of Blue .   With a cumulative film gross of over and global record sales exceeding 80 million , she is regarded as the most influential Hispanic performer in the United States , as well as its highest paid Latin entertainer . Time listed her as one of the 25 most influential Hispanic Americans , and in 2012 , Forbes ranked her as the most powerful celebrity in the world , as well as the 38th most powerful woman in the world .'
 'Melanie Janine Brown ( born 29 May 1975 ) , better known as Mel B or Melanie B , is an English singer , songwriter , presenter , television personality , dancer , actress , author , and model . Brown rose to fame as a member of the girl group the Spice Girls , in which she became known as Scary Spice . Brown is also known for supporting girl power and earlier global tours , which grossed an estimated $ 500 -- 800 million between 1996 and 2000 .'
 ""She has also acted as a spokesperson for her family 's legacy and co-authored two books on civil liberties with Ellen Alderman .   Early in the primary race for the 2008 presidential election , Kennedy and her uncle Ted endorsed Democratic candidate Barack Obama for President ; she later stumped for him in Florida , Indiana , and Ohio , served as co-chair of his Vice Presidential Search Committee , and addressed the 2008 Democratic National Convention in Denver .""
 'Her writing style and the literary content of her works have been deeply analyzed by literary commentators . She was married to poet and painter Stan Rice for 41 years , from 1961 until his death from brain cancer in 2002 at age 60 . She and Stan had two children , Michele , who died of leukemia at age five , and Christopher , who is also an author .'
 'Despite this , she managed to pre-record a eulogy to Ronald Reagan prior to his death , which was broadcast at his funeral in 2004 . In 2013 , she died of another stroke in London , at the age of 87 . Always a controversial figure , she has been lauded as one of the greatest and most influential politicians in British history , even as arguments over Thatcherism persist .'
 ""As queen consort from 1910 , she supported her husband through World War I , his ill health and major political changes arising from the aftermath of the war , and the rise of socialism and nationalism . After George 's death in 1936 , she became queen mother when her eldest son , Edward , ascended the throne , but to her dismay , he abdicated later the same year in order to marry twice-divorced American socialite Wallis Simpson .""
 ""Bassett has additionally portrayed Betty Shabazz in both Malcolm X ( 1992 ) and Panther ( 1995 ) , Katherine Jackson in The Jacksons : An American Dream ( 1992 ) , Rosa Parks in The Rosa Parks Story ( 2002 ) , Voletta Wallace in Notorious ( 2009 ) and Coretta Scott King in Betty & Coretta ( 2013 ) . Bassett 's performance as Parks was honored with her first Primetime Emmy Award nomination .""
 ""In February that year , she officially signed on to become one of the four judges for the variety talent show America 's Got Talent , replacing Sharon Osbourne from the eighth season onwards . On 1 February 2014 , she was revealed to be a coach on The Voice Kids in Australia , which aired in mid-2014 .""]"	SUPPORTS	Was Ann Richards ever employed or engaged in political activities professionally?	SUPPORTS	MISSING	ENTAILMENT	CONTRADICTION	4.952092221999919	289.115234375	-1	{'retriever': 'dense', 'topk': 10, 'reranker': False, 'prompt_edit': False, 'reindex': False}	WRONG_RESPONSE_FAILURE	{'total_reward': 0.0031938518666720555, 'failure_reward': 0.0, 'prediction_reward': 1.0, 'consistency_reward': 0.0, 'factuality_reward': 0.0, 'latency_budget_strict': 1.0, 'vram_budget_strict': 1.0, 'latency_rate': 0.9904184443999838, 'vram_rate': 0.0}
0	Ann Richards was professionally involved in politics.	The context states that Dorothy Ann Willis Richards was the 45th Governor of Texas from 1991 to 1995, which means she was indeed employed or engaged in political activities professionally.	"['Richards was the second female governor of Texas , and was frequently noted in the media for her outspoken feminism and her one-liners .'
 'Dorothy Ann Willis Richards ( September 1 , 1933 -- September 13 , 2006 ) was an American politician and the 45th Governor of Texas from 1991 to 1995 . A Democrat , she first came to national attention as the state treasurer of Texas , when she delivered the keynote address at the 1988 Democratic National Convention . Richards served as the 45th Governor of Texas from 1991 to 1995 and was defeated for re-election in 1994 by George W. Bush .'
 'In 2016 , she began starring as Harlee Santos in the crime drama series Shades of Blue .   With a cumulative film gross of over and global record sales exceeding 80 million , she is regarded as the most influential Hispanic performer in the United States , as well as its highest paid Latin entertainer . Time listed her as one of the 25 most influential Hispanic Americans , and in 2012 , Forbes ranked her as the most powerful celebrity in the world , as well as the 38th most powerful woman in the world .'
 'Melanie Janine Brown ( born 29 May 1975 ) , better known as Mel B or Melanie B , is an English singer , songwriter , presenter , television personality , dancer , actress , author , and model . Brown rose to fame as a member of the girl group the Spice Girls , in which she became known as Scary Spice . Brown is also known for supporting girl power and earlier global tours , which grossed an estimated $ 500 -- 800 million between 1996 and 2000 .'
 ""She has also acted as a spokesperson for her family 's legacy and co-authored two books on civil liberties with Ellen Alderman .   Early in the primary race for the 2008 presidential election , Kennedy and her uncle Ted endorsed Democratic candidate Barack Obama for President ; she later stumped for him in Florida , Indiana , and Ohio , served as co-chair of his Vice Presidential Search Committee , and addressed the 2008 Democratic National Convention in Denver .""
 'Her writing style and the literary content of her works have been deeply analyzed by literary commentators . She was married to poet and painter Stan Rice for 41 years , from 1961 until his death from brain cancer in 2002 at age 60 . She and Stan had two children , Michele , who died of leukemia at age five , and Christopher , who is also an author .'
 'Despite this , she managed to pre-record a eulogy to Ronald Reagan prior to his death , which was broadcast at his funeral in 2004 . In 2013 , she died of another stroke in London , at the age of 87 . Always a controversial figure , she has been lauded as one of the greatest and most influential politicians in British history , even as arguments over Thatcherism persist .'
 ""As queen consort from 1910 , she supported her husband through World War I , his ill health and major political changes arising from the aftermath of the war , and the rise of socialism and nationalism . After George 's death in 1936 , she became queen mother when her eldest son , Edward , ascended the throne , but to her dismay , he abdicated later the same year in order to marry twice-divorced American socialite Wallis Simpson .""
 ""Bassett has additionally portrayed Betty Shabazz in both Malcolm X ( 1992 ) and Panther ( 1995 ) , Katherine Jackson in The Jacksons : An American Dream ( 1992 ) , Rosa Parks in The Rosa Parks Story ( 2002 ) , Voletta Wallace in Notorious ( 2009 ) and Coretta Scott King in Betty & Coretta ( 2013 ) . Bassett 's performance as Parks was honored with her first Primetime Emmy Award nomination .""
 ""In February that year , she officially signed on to become one of the four judges for the variety talent show America 's Got Talent , replacing Sharon Osbourne from the eighth season onwards . On 1 February 2014 , she was revealed to be a coach on The Voice Kids in Australia , which aired in mid-2014 .""]"	SUPPORTS	Was Ann Richards ever employed or engaged in political activities professionally?	REFUTES	CONSISTENT	ENTAILMENT	NEUTRAL	6.134321181999894	310.318359375	2	{'prompt_edit': 'WR'}	WRONG_RESPONSE_FAILURE	{'total_reward': -0.0, 'failure_reward': 0.0, 'prediction_reward': 0.0, 'consistency_reward': 1.0, 'factuality_reward': 0.0, 'latency_budget_strict': 0.0, 'vram_budget_strict': 1.0, 'latency_rate': 1.2268642363999789, 'vram_rate': 0.0}
0	Drake Bell put out an EP.	Drake Bell released an EP in 2011 called A Reminder.	"[""In 2005 he independently released his debut album , Telegraph , released under Bell 's own name . His second album , It 's Only Time , was released in 2006 after signing with Universal Motown Records and debuted at # 81 on the Billboard 200 , selling over 23,000 copies its first week of release . It 's Only Time has sold 178,000 copies in the United States as of 2012 . His first video album , Drake Bell In Concert , was released in 2008 .""
 ""Not to be confused with the Canadian musician , Drake .   Jared Drake Bell ( born June 27 , 1986 ) is an American actor , voice actor , and musician . Born in Newport Beach , California , he began his career as an actor in the early 1990s at the age of five with his first televised appearance on Home Improvement . Bell also appeared in several commercials , such as one for Pokémon Red and Blue , but is best known for his starring roles on Nickelodeon 's The Amanda Show , and its spin-off , Drake & Josh .""
 ""Bell starred in a trilogy of The Fairly OddParents movies on Nickelodeon . Bell was the voice of Peter Parker / Spider-Man in the animated series Ultimate Spider-Man on Disney XD . He appeared on ABC 's reality TV series Splash .   In addition to acting , Bell has a career in music starting in the early 2000s , at the time of his appearances on The Amanda Show , with a band named Drake 24/7 . He also co-wrote and performed the theme song to Drake & Josh , entitled `` Found a Way . ''""
 'It debuted at # 81 on the Top 100 Mexican Albums Chart . Bell released an EP in 2011 called A Reminder independently . In 2014 , Bell released his third album , Ready Steady Go ! under indie label Surfdog Records . Ready Steady Go ! debuted at # 182 on the Billboard 200 , and sold 2,000 copies in its first week of release .'
 ""He released his first single , `` Frontin ' '' , in 2003 and followed up with his debut solo album , In My Mind in 2006 . His second album , Girl , was released on March 3 , 2014 . This album was preceded by the commercially successful single , `` Happy '' . As part of the Neptunes , Williams has produced numerous hit singles for various recording artists .""
 ""The band 's lineup changed once again after this album cycle with bassist Jeremy Davis leaving the band near the end of 2015 and former drummer Zac Farro rejoining the band in 2017 . Their fifth studio album After Laughter was released later that year .""
 ""Craig Ashley David ( born 5 May 1981 ) is a British singer , songwriter , rapper and record producer who rose to fame in 1999 , featuring on the single , `` Re-Rewind '' by Artful Dodger . David 's debut studio album , Born to Do It , was released in 2000 , after which he has released a further five studio albums and worked with a variety of artists such as Tinchy Stryder , Kano , Jay Sean , Rita Ora , Hardwell and Sting .""
 ""In mid-2012 , Brown announced a return to her solo recording career with the release of her third studio album by signing with EMI Music Australia . The scope of the deal with EMI office includes concessions for global partnering with EMI . The first single from the album , `` For Once in My Life '' was released in September 2013 , becoming Brown 's first record to be released after eight years .   Since 2000 , Brown has concentrated on a variety of non-singing projects .""
 'Pharrell Lanscilo Williams ( [ fəˈɹ̠ɛːl ] born April 5 , 1973 ) is an American singer-songwriter , rapper , record producer , and film producer .   Williams and Chad Hugo make up the record production duo The Neptunes , producing soul , hip hop and R&B music . He is the lead vocalist and drummer of the rock-funk-hip hop band N * E * R * D , that he formed with Hugo and childhood friend , Shay Haley .'
 ""The song has been certified multi-platinum in Australia , Canada , Denmark , and the US .   The accompanying music video for the song was released on May 16 , 2008 . The video , directed by Kinga Burza , features Perry in a setting inspired by burlesque and Moulin Rouge styles . It features appearances from Perry 's friends , including actress Shannon Woodward and then-unknown American electropop singer Kesha . The song is recognized as the 10th best-selling single in the 21st century .""]"	SUPPORTS	Did Drake Bell release an EP?	SUPPORTS	MISSING	CONTRADICTION	NEUTRAL	3.8231422280000515	329.5400390625	-1	{'retriever': 'dense', 'topk': 10, 'reranker': False, 'prompt_edit': False, 'reindex': False}	WRONG_RESPONSE_FAILURE	{'total_reward': 0.07845718479999655, 'failure_reward': 0.0, 'prediction_reward': 1.0, 'consistency_reward': 0.0, 'factuality_reward': 0.0, 'latency_budget_strict': 1.0, 'vram_budget_strict': 1.0, 'latency_rate': 0.7646284456000103, 'vram_rate': 0.0}
0	Drake Bell put out an EP.	Bell released an EP in 2011 called A Reminder.	"['It debuted at # 81 on the Top 100 Mexican Albums Chart . Bell released an EP in 2011 called A Reminder independently . In 2014 , Bell released his third album , Ready Steady Go ! under indie label Surfdog Records . Ready Steady Go ! debuted at # 182 on the Billboard 200 , and sold 2,000 copies in its first week of release .'
 ""In 2005 he independently released his debut album , Telegraph , released under Bell 's own name . His second album , It 's Only Time , was released in 2006 after signing with Universal Motown Records and debuted at # 81 on the Billboard 200 , selling over 23,000 copies its first week of release . It 's Only Time has sold 178,000 copies in the United States as of 2012 . His first video album , Drake Bell In Concert , was released in 2008 .""
 ""Not to be confused with the Canadian musician , Drake .   Jared Drake Bell ( born June 27 , 1986 ) is an American actor , voice actor , and musician . Born in Newport Beach , California , he began his career as an actor in the early 1990s at the age of five with his first televised appearance on Home Improvement . Bell also appeared in several commercials , such as one for Pokémon Red and Blue , but is best known for his starring roles on Nickelodeon 's The Amanda Show , and its spin-off , Drake & Josh .""]"	SUPPORTS	Did Drake Bell release an EP?	SUPPORTS	MISSING	CONTRADICTION	NEUTRAL	3.4010000759999457	101.4453125	0	{'reranker': True}	WRONG_RESPONSE_FAILURE	{'total_reward': 0.10659999493333694, 'failure_reward': 0.0, 'prediction_reward': 1.0, 'consistency_reward': 0.0, 'factuality_reward': 0.0, 'latency_budget_strict': 1.0, 'vram_budget_strict': 1.0, 'latency_rate': 0.6802000151999892, 'vram_rate': 0.0}
0	Janet Leigh was incapable of writing.	Janet Leigh wrote four books between 1984 and 2002.	"['Leigh died in 2004 at age 77 , following a year-long battle with vasculitis , an inflammation of the blood vessels . Among her survivors was her husband of 42 years , Robert Brandt .'
 'Intermittently , she continued to appear in notable films , including Bye Bye Birdie ( 1963 ) , Harper ( 1966 ) and Night of the Lepus ( 1972 ) as well as two films with her daughter , Jamie Lee : The Fog ( 1980 ) and Halloween H20 : 20 Years Later ( 1998 ) . She also wrote four books between 1984 and 2002 , including two novels .'
 'Janet Leigh ( born Jeanette Helen Morrison ; July 6 , 1927 -- October 3 , 2004 ) was an American actress , singer , dancer and author . She is best remembered for her performance in Psycho , for which she was awarded the Golden Globe Award for Best Supporting Actress and received an Academy Award nomination . She was the first wife of actor Tony Curtis and the mother of Kelly Curtis and Jamie Lee Curtis .   Discovered by actress Norma Shearer , Leigh made her acting debut on radio in 1946 and secured a contract with MGM the following year .'
 'Early in her career , she appeared in popular films spanning a wide variety of genres , including Act of Violence ( 1948 ) , Little Women ( 1949 ) , Angels in the Outfield ( 1951 ) , Scaramouche ( 1952 ) , The Naked Spur ( 1953 ) and Living It Up ( 1954 ) .'
 'Bullock achieved further success in the following decades in Miss Congeniality ( 2000 ) , Two Weeks Notice ( 2002 ) , Crash ( 2004 ) , The Proposal ( 2009 ) , and The Heat ( 2013 ) . She was awarded the Academy Award for Best Actress and the Golden Globe Award for Best Actress in a Drama for playing Leigh Anne Tuohy in The Blind Side ( 2009 ) , and was nominated in the same categories for her performance in Gravity ( 2013 ) .'
 ""She played mostly dramatic roles during the latter half of the 1950s , in such films as Safari ( 1956 ) and Touch of Evil ( 1958 ) , but achieved her most lasting recognition as the doomed Marion Crane in Alfred Hitchcock 's Psycho ( 1960 ) .   Her highly publicized marriage to Curtis ended in divorce in 1962 , and after starring in The Manchurian Candidate that same year , Leigh scaled back her career .""
 ""Apart from her group 's activities , she has established herself as an actress , notably through her participation in the original and Korean versions of stage musicals including Moon Embracing the Sun , Gone with the Wind and Mamma Mia . She also starred in the drama `` Moon Lovers : Scarlet Heart Ryeo '' . She debuted as a solo artist with her debut mini album , Do n't Say No , on January 17 , 2017 , making her the third Girls ' Generation member to debut as a solo artist .""
 'Her writing style and the literary content of her works have been deeply analyzed by literary commentators . She was married to poet and painter Stan Rice for 41 years , from 1961 until his death from brain cancer in 2002 at age 60 . She and Stan had two children , Michele , who died of leukemia at age five , and Christopher , who is also an author .'
 'Despite this , she managed to pre-record a eulogy to Ronald Reagan prior to his death , which was broadcast at his funeral in 2004 . In 2013 , she died of another stroke in London , at the age of 87 . Always a controversial figure , she has been lauded as one of the greatest and most influential politicians in British history , even as arguments over Thatcherism persist .'
 'Jameson announced her retirement from pornography at the 2008 AVN Awards , stating that she would never return to the industry . Although she no longer performs in pornographic films , she has been working as a webcam model since 2013 .']"	REFUTES	Was Janet Leigh unable to write?	SUPPORTS	CONSISTENT	CONTRADICTION	NEUTRAL	3.786934291000307	287.57275390625	-1	{'retriever': 'dense', 'topk': 10, 'reranker': False, 'prompt_edit': False, 'reindex': False}	WRONG_RESPONSE_FAILURE	{'total_reward': 0.0404355236333231, 'failure_reward': 0.0, 'prediction_reward': 0.0, 'consistency_reward': 1.0, 'factuality_reward': 0.0, 'latency_budget_strict': 1.0, 'vram_budget_strict': 1.0, 'latency_rate': 0.7573868582000614, 'vram_rate': 0.0}
0	Janet Leigh was incapable of writing.	The context states that Janet Leigh wrote four books between 1984 and 2002, including two novels. This directly supports the claim that Janet Leigh was able to write.	"['Leigh died in 2004 at age 77 , following a year-long battle with vasculitis , an inflammation of the blood vessels . Among her survivors was her husband of 42 years , Robert Brandt .'
 'Intermittently , she continued to appear in notable films , including Bye Bye Birdie ( 1963 ) , Harper ( 1966 ) and Night of the Lepus ( 1972 ) as well as two films with her daughter , Jamie Lee : The Fog ( 1980 ) and Halloween H20 : 20 Years Later ( 1998 ) . She also wrote four books between 1984 and 2002 , including two novels .'
 'Janet Leigh ( born Jeanette Helen Morrison ; July 6 , 1927 -- October 3 , 2004 ) was an American actress , singer , dancer and author . She is best remembered for her performance in Psycho , for which she was awarded the Golden Globe Award for Best Supporting Actress and received an Academy Award nomination . She was the first wife of actor Tony Curtis and the mother of Kelly Curtis and Jamie Lee Curtis .   Discovered by actress Norma Shearer , Leigh made her acting debut on radio in 1946 and secured a contract with MGM the following year .'
 'Early in her career , she appeared in popular films spanning a wide variety of genres , including Act of Violence ( 1948 ) , Little Women ( 1949 ) , Angels in the Outfield ( 1951 ) , Scaramouche ( 1952 ) , The Naked Spur ( 1953 ) and Living It Up ( 1954 ) .'
 'Bullock achieved further success in the following decades in Miss Congeniality ( 2000 ) , Two Weeks Notice ( 2002 ) , Crash ( 2004 ) , The Proposal ( 2009 ) , and The Heat ( 2013 ) . She was awarded the Academy Award for Best Actress and the Golden Globe Award for Best Actress in a Drama for playing Leigh Anne Tuohy in The Blind Side ( 2009 ) , and was nominated in the same categories for her performance in Gravity ( 2013 ) .'
 ""She played mostly dramatic roles during the latter half of the 1950s , in such films as Safari ( 1956 ) and Touch of Evil ( 1958 ) , but achieved her most lasting recognition as the doomed Marion Crane in Alfred Hitchcock 's Psycho ( 1960 ) .   Her highly publicized marriage to Curtis ended in divorce in 1962 , and after starring in The Manchurian Candidate that same year , Leigh scaled back her career .""
 ""Apart from her group 's activities , she has established herself as an actress , notably through her participation in the original and Korean versions of stage musicals including Moon Embracing the Sun , Gone with the Wind and Mamma Mia . She also starred in the drama `` Moon Lovers : Scarlet Heart Ryeo '' . She debuted as a solo artist with her debut mini album , Do n't Say No , on January 17 , 2017 , making her the third Girls ' Generation member to debut as a solo artist .""
 'Her writing style and the literary content of her works have been deeply analyzed by literary commentators . She was married to poet and painter Stan Rice for 41 years , from 1961 until his death from brain cancer in 2002 at age 60 . She and Stan had two children , Michele , who died of leukemia at age five , and Christopher , who is also an author .'
 'Despite this , she managed to pre-record a eulogy to Ronald Reagan prior to his death , which was broadcast at his funeral in 2004 . In 2013 , she died of another stroke in London , at the age of 87 . Always a controversial figure , she has been lauded as one of the greatest and most influential politicians in British history , even as arguments over Thatcherism persist .'
 'Jameson announced her retirement from pornography at the 2008 AVN Awards , stating that she would never return to the industry . Although she no longer performs in pornographic films , she has been working as a webcam model since 2013 .']"	REFUTES	Was Janet Leigh unable to write?	SUPPORTS	MISSING	CONTRADICTION	NEUTRAL	5.652418742999998	308.5	2	{'prompt_edit': 'WR'}	WRONG_RESPONSE_FAILURE	{'total_reward': -0.0, 'failure_reward': 0.0, 'prediction_reward': 0.0, 'consistency_reward': 0.0, 'factuality_reward': 0.0, 'latency_budget_strict': 0.0, 'vram_budget_strict': 1.0, 'latency_rate': 1.1304837485999997, 'vram_rate': 0.0}
0	Simón Bolívar is only known as Simón Bolívar.	The provided context does not contain any information specifically addressing whether Simón Bolívar is only known as Simón Bolívar.	"['Bolívar was born into a wealthy , aristocratic Creole family and , as was common for the heirs of upper class families in his day , was sent to be educated abroad at a young age , arriving in Spain when he was 16 and later moving to France . While in Europe he was introduced to the ideas of the Enlightenment , later motivating him to overthrow the reigning Spanish .'
 'He aimed at a strong and united Spanish America able to cope not only with the threats emanating from Spain and the European Holy Alliance but also with the emerging power of the United States . At the peak of his power , Bolívar ruled over a vast territory from the Argentine border to the Caribbean Sea .   Bolívar is , along with Argentine General José de San Martín , considered one of the great heroes of the Hispanic independence movements of the early 19th century .'
 'Simón José Antonio de la Santísima Trinidad Bolívar y Palacios ( [ siˈmon boˈliβar ] ; 24 July 1783 -- 17 December 1830 ) , known as El Libertador , was a Venezuelan military and political leader who played a leading role in the establishment of Venezuela , Bolivia , Colombia , Ecuador , Peru and Panama as sovereign states , independent of Spanish rule .'
 'Following this triumph over the Spanish monarchy , Bolívar participated in the foundation of the first union of independent nations in Latin America , Gran Colombia , of which he was president from 1819 to 1830 . Through further military campaigns , he ousted Spanish rulers from Ecuador , Peru , and Bolivia ( named after him ) . He was simultaneously president of Gran Colombia ( current Venezuela , Colombia , Panamá and Ecuador ) and Peru , while his second in command Antonio José de Sucre was appointed president of Bolivia .'
 ""At the end of his life , Bolívar despaired of the situation in the region , with the famous quote `` all who served the revolution have plowed the sea '' . Earlier , in an address to the Constituent Congress of the Republic of Colombia , Bolívar stated `` Fellow citizens ! I blush to say this : Independence is the only benefit we have acquired , to the detriment of all the rest . ''""
 'Taking advantage of the disorder in Spain prompted by the Peninsular War , Bolívar began his campaign for independence in 1808 , appealing to the wealthy Creole population through a conservative process , and established an organized national congress within three years . Despite a number of hindrances , including the arrival of an unprecedentedly large Spanish expeditionary force , the revolutionaries eventually prevailed , culminating in the patriot victory at the Battle of Carabobo in 1821 , which effectively made Venezuela an independent country .'
 'Pharrell Lanscilo Williams ( [ fəˈɹ̠ɛːl ] born April 5 , 1973 ) is an American singer-songwriter , rapper , record producer , and film producer .   Williams and Chad Hugo make up the record production duo The Neptunes , producing soul , hip hop and R&B music . He is the lead vocalist and drummer of the rock-funk-hip hop band N * E * R * D , that he formed with Hugo and childhood friend , Shay Haley .'
 ""Carlos Santana ( born July 20 , 1947 ) is a Mexican and American musician who first became famous in the late 1960s and early 1970s with his band , Santana , which pioneered a fusion of rock and Latin American music . The band 's sound featured his melodic , blues-based guitar lines set against Latin and African rhythms featuring percussion instruments such as timbales and congas not generally heard in rock music . Santana continued to work in these forms over the following decades .""
 ""For his role in the development and promotion of a standardized French language , he became known as le Père et Restaurateur des Lettres ( the `` Father and Restorer of Letters '' ) . He was also known as François au Grand Nez ( `` Francis of the Large Nose '' ) , the Grand Colas , and the Roi-Chevalier ( the `` Knight-King '' ) for his personal involvement in the wars against his great rival the Holy Roman Emperor and King of Spain Charles V.   Following the policy of his predecessors , Francis continued the Italian Wars .""
 ""In addition to his film work , Penn is known for his political and social activism , including his criticism of the George W. Bush administration , his contact with the Presidents of Cuba and Venezuela , and his humanitarian work in the aftermath of Hurricane Katrina ( 2005 ) and the 2010 Haiti earthquake . In January 2016 , Penn published an interview ( conducted in October 2015 ) with Mexican drug lord Joaquín `` El Chapo '' Guzmán in Rolling Stone .""]"	REFUTES	Is it true that Simón Bolívar is only known as Simón Bolívar?	NOTENOUGHINFO	MISSING	CONTRADICTION	ENTAILMENT	5.853383023000333	323.93408203125	-1	{'retriever': 'dense', 'topk': 10, 'reranker': False, 'prompt_edit': False, 'reindex': False}	NO_FAILURE	{'total_reward': -0.0, 'failure_reward': 1.0, 'prediction_reward': 0.0, 'consistency_reward': 0.0, 'factuality_reward': 1.0, 'latency_budget_strict': 0.0, 'vram_budget_strict': 1.0, 'latency_rate': 1.1706766046000667, 'vram_rate': 0.0}
0	Bermuda Triangle is in the western part of the Himalayas.	The provided context does not contain specific information about the location of the Bermuda Triangle relative to the Himalayas.	"[""The Bermuda Triangle , also known as the Devil 's Triangle , is a loosely-defined region in the western part of the North Atlantic Ocean , where a number of aircraft and ships are said to have disappeared under mysterious circumstances . Most reputable sources dismiss the idea that there is any mystery . The vicinity of the Bermuda Triangle is one of the most heavily traveled shipping lanes in the world , with ships frequently crossing through it for ports in the Americas , Europe , and the Caribbean islands . Cruise ships and pleasure craft regularly sail through the region , and commercial and private aircraft routinely fly over it .""
 'Popular culture has attributed various disappearances to the paranormal or activity by extraterrestrial beings . Documented evidence indicates that a significant percentage of the incidents were spurious , inaccurately reported , or embellished by later authors .'
 'Its general position is reminiscent of Europe , with the environs of the Shire intended to be reminiscent of England ( more specifically , the West Midlands , with Hobbiton set at the same latitude as Oxford ) .'
 'The Hindu Kush range has numerous high snow-capped peaks , with the highest point in the Hindu Kush being Tirich Mir or Terichmir at 7708 m in the Chitral District of Khyber Pakhtunkhwa , Pakistan . To the north , near its northeastern end , the Hindu Kush buttresses the Pamir Mountains near the point where the borders of China , Pakistan and Afghanistan meet , after which it runs southwest through Pakistan and into Afghanistan near their border . The eastern end of the Hindu Kush in the north merges with the Karakoram Range .'
 'Mogadishu ( [ ˌmɔːɡəˈdiːʃuː ] Muqdisho [ mʉqdɪʃɔ ] ; مقديشو [ maqadiːʃuː ] ) , known locally as Hamar , is the capital and most populous city of Somalia . Located in the coastal Banaadir region on the Indian Ocean , the city has served as an important port for millennia .'
 'The Hindu Kush ( [ kʊʃ , _ kuːʃ ] Pashto , Persian and [ ) , also known in Ancient Greek as the Caucasus Indicus or Paropamisadae , is an 800 km mountain range that stretches near the Afghan-Pakistan border , from central Afghanistan to northern Pakistan . It forms the western section of the Hindu Kush Himalayan Region ( HKH ) . It divides the valley of the Amu Darya ( the ancient Oxus ) to the north from the Indus River valley to the south .'
 ""Middle-earth is the fictional setting of much of British writer J. R. R. Tolkien 's legendarium .  The term is equivalent to the term Midgard of Norse mythology , describing the human-inhabited world , i.e. the central continent of the Earth in Tolkien 's imagined mythological past .  Tolkien 's most widely read works , The Hobbit and The Lord of the Rings , take place entirely in Middle-earth , and Middle-earth has also become a short-hand to refer to the legendarium or its fictional universe .""
 ""Within his stories , Tolkien translated the name `` Middle-earth '' as Endor ( or sometimes Endórë ) and Ennor in the Elvish languages Quenya and Sindarin respectively , sometimes referring only to the continent that the stories take place on , with another southern continent called the Dark Land .   Middle-earth is the north continent of Earth ( Arda ) in an imaginary period of the Earth 's past  ( Tolkien placed the end of the Third Age at about 6,000 years before his own time ) , in the sense of a `` secondary or sub-creational reality '' .""
 'The Hindu Kush range has also been the passageway during the invasions of the Indian subcontinent , and continues to be important during modern era warfare in Afghanistan .'
 'Towards its southern end , it connects with the Spin Ghar Range near the Kabul River .   The Hindu Kush range were a historically significant center of Buddhism with sites such as the Bamiyan Buddhas . The range and communities settled in it hosted ancient monasteries , important trade networks , and travelers between Central Asia and South Asia . Buddhism declined , then vanished in the region with Muslim political expansion and the locals began to practice Islam .']"	REFUTES	Is it true that the Bermuda Triangle is located in the western part of the Himalayas?	NOTENOUGHINFO	MISSING	CONTRADICTION	ENTAILMENT	5.149337929000012	267.96337890625	-1	{'retriever': 'dense', 'topk': 10, 'reranker': False, 'prompt_edit': False, 'reindex': False}	NO_FAILURE	{'total_reward': -0.0, 'failure_reward': 1.0, 'prediction_reward': 0.0, 'consistency_reward': 0.0, 'factuality_reward': 1.0, 'latency_budget_strict': 0.0, 'vram_budget_strict': 1.0, 'latency_rate': 1.0298675858000024, 'vram_rate': 0.0}
0	Colin Kaepernick became a starter during the 49ers 63rd season in the Republican Party.	The provided context does not contain any specific information about Colin Kaepernick becoming a starter for the San Francisco 49ers during their 63rd season.	"[""Kaepernick began his professional career as a backup to Alex Smith , but became the 49ers ' starter in the middle of the 2012 season after Smith suffered a concussion . He remained the team 's starting quarterback for the rest of the season and went on to lead the 49ers to their first Super Bowl appearance since 1994 , losing to the Baltimore Ravens . During the 2013 season , his first full season as a starter , Kaepernick helped the 49ers reach the NFC Championship , losing to the Seattle Seahawks .""
 'Colin Rand Kaepernick ( [ ` kæpərnɪk ] ; born November 3 , 1987 ) is an American football quarterback who is currently a free agent . Kaepernick played collegiate football at the University of Nevada where he was named the Western Athletic Offensive Player of the Year twice and was the Most Valuable Player of the 2008 Humanitarian Bowl . Kaepernick was selected by the San Francisco 49ers in the second round of the 2011 NFL Draft .'
 'In the following seasons , Kaepernick lost and won back his starting job , with the 49ers missing the playoffs for three years consecutively .   In 2016 , Kaepernick gained national attention when he began protesting by not standing while the United States national anthem was being performed before the start of games , motivated by what he viewed as the oppression of non-white races in the U.S. His actions prompted a wide variety of responses , including additional athletes in the NFL and other U.S. sports leagues protesting the anthem in various ways .'
 'He was released by the Falcons shortly before leaving prison .   After serving his sentence , Vick signed with the Eagles in 2009 . As a member of the Eagles for five years , he enjoyed the greatest statistical season of his career and was named to a fourth Pro Bowl in 2010 , but left the team after being unable to match his prior success . In his final two seasons , Vick played for the New York Jets and Pittsburgh Steelers for one year each , primarily as a backup .'
 'He then played college basketball for the Miami Hurricanes of the University of Miami , where he was a three-year starter and finished his career averaging 11 points per game . He was named Third Team All-Big East his junior year and Second Team Verizon Academic All-American his senior year . He was inducted into the University of Miami Sports Hall of Fame in 2014 .   Jones was drafted by the Indiana Pacers in the second round of the 2003 NBA Draft .'
 ""He appeared as a judge on the first two seasons of the U.S. version of the television show The X Factor , but in December 2012 announced he would not be back for the show 's third season , saying he wanted to focus on his leadership at Epic Records .""
 ""Antonio Marquis `` L.A. '' Reid ( born June 7 , 1956 ) is an American music executive , musician , songwriter , record producer , author and former television music competition judge . He has served as the chairman and CEO of Epic Records , a division of Sony Music Entertainment , the president and CEO of Arista Records , and the chairman and CEO of the Island Def Jam Music Group .  Reid was also the founder and CEO of Hitco Music Publishing and the co-founder of LaFace Records .""
 ""Towards the end of his first tenure with Guns N ' Roses , McKagan released a solo album , Believe in Me ( 1993 ) , and formed the short-lived supergroup Neurotic Outsiders . Following his departure from Guns N ' Roses in 1997 , McKagan briefly reunited with his pre-success Seattle punk band 10 Minute Warning , before forming the still-active hard rock band Loaded , in which he performs lead vocals and rhythm guitar .""
 ""Tom Fogerty had officially left the previous year , and his brother John was at odds with the remaining members over matters of business and artistic control , all of which resulted in subsequent lawsuits between the former bandmates . Fogerty 's ongoing disagreements with Saul Zaentz , owner of their label Fantasy Records , created further protracted court battles . As a result , John Fogerty refused to perform with the two other surviving former members at CCR 's 1993 induction into the Rock and Roll Hall of Fame .""
 ""Michael Andrew `` Duff '' McKagan ( born February 5 , 1964 ) is an American musician , singer , songwriter and author . He is best known for his twelve-year tenure as the bass guitarist of the hard rock band Guns N ' Roses , with whom he achieved worldwide success in the late 1980s and early 1990s . McKagan rejoined the band in 2016 , following their induction into the Rock and Roll Hall of Fame .""]"	NOTENOUGHINFO	Did Colin Kaepernick become a starter for the San Francisco 49ers during their 63rd season when they were part of the Republican Party?	NOTENOUGHINFO	MISSING	CONTRADICTION	CONTRADICTION	6.518501915999877	326.16943359375	-1	{'retriever': 'dense', 'topk': 10, 'reranker': False, 'prompt_edit': False, 'reindex': False}	WRONG_RESPONSE_FAILURE	{'total_reward': -0.0, 'failure_reward': 0.0, 'prediction_reward': 1.0, 'consistency_reward': 0.0, 'factuality_reward': 0.0, 'latency_budget_strict': 0.0, 'vram_budget_strict': 1.0, 'latency_rate': 1.3037003831999754, 'vram_rate': 0.0}
0	Colin Kaepernick became a starter during the 49ers 63rd season in the Republican Party.	The provided context does not contain any specific information about Colin Kaepernick becoming a starter for the San Francisco 49ers during their 63rd season.	"[""Kaepernick began his professional career as a backup to Alex Smith , but became the 49ers ' starter in the middle of the 2012 season after Smith suffered a concussion . He remained the team 's starting quarterback for the rest of the season and went on to lead the 49ers to their first Super Bowl appearance since 1994 , losing to the Baltimore Ravens . During the 2013 season , his first full season as a starter , Kaepernick helped the 49ers reach the NFC Championship , losing to the Seattle Seahawks .""
 'Colin Rand Kaepernick ( [ ` kæpərnɪk ] ; born November 3 , 1987 ) is an American football quarterback who is currently a free agent . Kaepernick played collegiate football at the University of Nevada where he was named the Western Athletic Offensive Player of the Year twice and was the Most Valuable Player of the 2008 Humanitarian Bowl . Kaepernick was selected by the San Francisco 49ers in the second round of the 2011 NFL Draft .'
 'In the following seasons , Kaepernick lost and won back his starting job , with the 49ers missing the playoffs for three years consecutively .   In 2016 , Kaepernick gained national attention when he began protesting by not standing while the United States national anthem was being performed before the start of games , motivated by what he viewed as the oppression of non-white races in the U.S. His actions prompted a wide variety of responses , including additional athletes in the NFL and other U.S. sports leagues protesting the anthem in various ways .']"	NOTENOUGHINFO	Did Colin Kaepernick become a starter for the San Francisco 49ers during their 63rd season when they were part of the Republican Party?	NOTENOUGHINFO	MISSING	CONTRADICTION	CONTRADICTION	5.682724625999981	104.47412109375	0	{'reranker': True}	WRONG_RESPONSE_FAILURE	{'total_reward': -0.0, 'failure_reward': 0.0, 'prediction_reward': 1.0, 'consistency_reward': 0.0, 'factuality_reward': 0.0, 'latency_budget_strict': 0.0, 'vram_budget_strict': 1.0, 'latency_rate': 1.1365449251999962, 'vram_rate': 0.0}
0	"Marnie was directed by someone who was ""The Master of Nothing""."	The provided context does not contain any information about Marnie being directed by an individual known as 'The Master of Nothing'.	"['. ( 1998 ) . The commercial and critical success of Roja established him as a leading filmmaker in Indian cinema .   Mani Ratnam is married to Tamil actress Suhasini and has a son with her . He has won several film awards , including six National Film Awards , 7  Filmfare Awards South and three Bollywood Filmfare Awards , and a few awards at various international film festivals .'
 ""Four of Ellis 's works have been made into films . Less Than Zero was rapidly adapted for screen , leading to the release of a starkly different film of the same name in 1987 . Mary Harron 's adaptation of American Psycho was released to generally positive reviews in 2000 and went on to achieve cult status . Roger Avary 's 2002 adaptation The Rules of Attraction made modest box office returns but went on to attract a cult following .""
 'Deceiver ( 1997 ) , Legend of 1900 ( 1999 ) , Planet of the Apes ( 2001 ) , Invincible ( 2001 ) , Funny Games ( 2007 ) , The Incredible Hulk ( 2008 ) , Arbitrage ( 2012 ) , Broken ( 2012 ) , Selma ( 2014 ) and 600 Miles ( 2016 ) . He also starred as Cal Lightman on the Fox series Lie to Me ( 2009 -- 2011 ) .'
 ""Roth gained more attention for his performances in The Cook , the Thief , His Wife & Her Lover ( 1989 ) , Vincent & Theo ( 1990 ) and Rosencrantz & Guildenstern Are Dead ( 1990 ) .   He later earned international recognition for appearing in Quentin Tarantino 's films , such as Reservoir Dogs ( 1992 ) , Pulp Fiction ( 1994 ) , Four Rooms ( 1995 ) and The Hateful Eight ( 2015 ) .""
 'Early in her career , she appeared in popular films spanning a wide variety of genres , including Act of Violence ( 1948 ) , Little Women ( 1949 ) , Angels in the Outfield ( 1951 ) , Scaramouche ( 1952 ) , The Naked Spur ( 1953 ) and Living It Up ( 1954 ) .'
 'The leading roles have attracted a wide range of actors ; among those who have succeeded Coward as Elyot are Robert Stephens , Richard Burton , Alan Rickman and Matthew Macfadyen , and successors to Lawrence as Amanda have included Tallulah Bankhead , Elizabeth Taylor , Maggie Smith , Kim Cattrall and Lindsay Duncan . Directors of new productions have included John Gielgud , Howard Davies and Richard Eyre . The play was made into a 1931 film and has been adapted several times for television and radio .'
 'The series , created by Robert and Michelle King , stars Julianna Margulies , Josh Charles , Christine Baranski , Matt Czuchry , Archie Panjabi , and Alan Cumming , and features Chris Noth in a recurring role . The executive producers are Ridley Scott , Charles McDougall , and David W. Zucker . The Good Wife is a heavily serialized show featuring several story arcs that carry over several episodes , as well as stand-alone procedural storylines that are concluded by the end of each episode .'
 ""Since then he has taken over as art director for the band , contributing photography , web design , album covers , music videos , live tour visuals , and two live concert films . He was also credited for assisting Trent Reznor with the mythology of the alternate reality game built around Nine Inch Nails ' 2007 album Year Zero .   Sheridan is widely known for his analog glitch art .""
 ""and Terry Southern ; it was Lardner 's first major studio work since his 1947 blacklisting as one of The Hollywood Ten . The film was directed by Norman Jewison and stars Steve McQueen in the title role and Edward G. Robinson as Howard . Jewison , who replaced original director Sam Peckinpah shortly after filming began , describes The Cincinnati Kid as his `` ugly duckling '' film . He considers it the film that allowed him to transition from the lighter comedic films he had previously been making and take on more serious films and subjects .""
 'The next year , his performance in Casablanca ( 1943 ; Oscar nomination ) raised him to the peak of his profession and , at the same time , cemented his trademark film persona , that of the hard-boiled cynic who ultimately shows his noble side . Other successes followed , including To Have and Have Not ( 1944 ) , The Big Sleep ( 1946 ) , Dark Passage ( 1947 ) , and Key Largo ( 1948 ) , all four with his wife Lauren Bacall ;']"	NOTENOUGHINFO	"Was Marnie directed by an individual known as ""The Master of Nothing""?"	NOTENOUGHINFO	MISSING	CONTRADICTION	ENTAILMENT	4.638796285999888	338.98583984375	-1	{'retriever': 'dense', 'topk': 10, 'reranker': False, 'prompt_edit': False, 'reindex': False}	NO_FAILURE	{'total_reward': 0.06020061900001872, 'failure_reward': 1.0, 'prediction_reward': 1.0, 'consistency_reward': 0.0, 'factuality_reward': 1.0, 'latency_budget_strict': 1.0, 'vram_budget_strict': 1.0, 'latency_rate': 0.9277592571999775, 'vram_rate': 0.0}
0	Advertising is a personal message.	Advertising is described as an open sponsorship of a non-personal message promoting or selling a product, service, or idea.	"['Advertising is an audio or visual form of marketing communication that employs an openly sponsored , nonpersonal message to promote or sell a product , service or idea . Sponsors of advertising are often businesses who wish to promote their products or services . Advertising is differentiated from public relations in that an advertiser usually pays for and has control over the message . It is differentiated from personal selling in that the message is nonpersonal , i.e. , not directed to a particular individual .'
 "", not directed to a particular individual .  Advertising is communicated through various mass media , including old media such as newspapers , magazines , Television , Radio , outdoor advertising or direct mail ; or new media such as search results , blogs , websites or text messages . The actual presentation of the message in a medium is referred to as an advertisement or `` ad '' .   Commercial ads often seek to generate increased consumption of their products or services through `` branding , '' which associates a product name or image with certain qualities in the minds of consumers .""
 'On the other hand , ads that intend to elicit an immediate sale are known as direct response advertising . Non-commercial advertisers who spend money to advertise items other than a consumer product or service include political parties , interest groups , religious organizations and governmental agencies . Non-profit organizations may use free modes of persuasion , such as a public service announcement . Advertising may also be used to reassure employees or shareholders that a company is viable or successful .'
 ""Modern advertising was created with the techniques introduced with tobacco advertising in the 1920s , most significantly with the campaigns of Edward Bernays , considered the founder of modern , `` Madison Avenue '' advertising .   In 2015 , the world spent an estimate of on advertising . Its projected distribution for 2017 is 40.4 % on TV , 33.3 % on digital , 9 % on newspapers , 6.9 % on magazines , 5.8 % on outdoor and 4.3 % on radio .""
 'Unregistered users can only watch videos on the site , while registered users are permitted to upload an unlimited number of videos and add comments to videos . Videos deemed potentially offensive are available only to registered users affirming themselves to be at least 18 years old .   YouTube earns advertising revenue from Google AdSense , a program which targets ads according to site content and audience .'
 ""It was included in several year-end lists by music critics and publications .   `` Applause '' was released as the lead single from Artpop on August 12 , 2013 , and was a critical and commercial success , charting within the top ten of more than twenty countries worldwide , peaking at number four on the US Billboard Hot 100 . The second single `` Do What U Want '' was released on October 21 , and peaked at number 13 in the United States .""
 ""Internationally , the largest ( `` big four '' ) advertising conglomerates are Interpublic , Omnicom , Publicis , and WPP .   In Latin , ad vertere means `` to turn toward '' .""
 ""Jameson has also crossed over into mainstream pop culture , starting with a minor role in Howard Stern 's 1997 film Private Parts . Her mainstream appearances continued with several guest-hosting and guest-starring on various television programs . Playboy TV hosted her Jenna 's American Sex Star reality show , in which aspiring porn stars competed for a ClubJenna contract . Her 2004 autobiography , How to Make Love Like a Porn Star : A Cautionary Tale , spent six weeks on The New York Times Best Seller list .""
 ""Private Lives is a 1930 comedy of manners in three acts by Noël Coward . It concerns a divorced couple who , while honeymooning with their new spouses , discover that they are staying in adjacent rooms at the same hotel . Despite a perpetually stormy relationship , they realise that they still have feelings for each other . Its second act love scene was nearly censored in Britain as too risqué . Coward wrote one of his most popular songs , `` Some Day I 'll Find You '' , for the play .""
 ""Williams owns a media venture that encompasses entertainment , music , fashion , and art called i am OTHER , a multimedia creative collective and record label that serves as an umbrella for all of Pharrell Williams ' endeavors , including Billionaire Boys Club .   Williams has earned ten Grammy Awards including two with the Neptunes . He is also a two-time Academy Award nominee , receiving a 2014 Best Original Song nomination from `` Happy '' ( which was featured in Despicable Me 2 ) and a 2017 Best Picture nomination as one of the producers of Hidden Figures .""]"	REFUTES	Is advertising considered a personal message?	REFUTES	MISSING	CONTRADICTION	ENTAILMENT	4.7523790559998815	290.91796875	-1	{'retriever': 'dense', 'topk': 10, 'reranker': False, 'prompt_edit': False, 'reindex': False}	NO_FAILURE	{'total_reward': 0.04127015733335312, 'failure_reward': 1.0, 'prediction_reward': 1.0, 'consistency_reward': 0.0, 'factuality_reward': 1.0, 'latency_budget_strict': 1.0, 'vram_budget_strict': 1.0, 'latency_rate': 0.9504758111999763, 'vram_rate': 0.0}
0	Hot Right Now is mistakenly attributed to DJ Fresh.	The provided context does not contain specific information about the attribution of 'Hot Right Now' to DJ Fresh.	"[""`` Hot Right Now '' is a single by British drum and bass producer DJ Fresh , released as the second single from his third studio album , Nextlevelism . British singer Rita Ora features on the single as the main vocalist . The song also features as a bonus track on Ora 's debut album , Ora . Released on 12 February 2012 , the single debuted at the top of UK Singles Chart . The Official Charts Company confirmed `` Hot Right Now '' as the UK 's first ever drum and bass number one .""
 'Over the course of his career he has worked with artists including Fifth Harmony , Kenneth Babyface Edmonds , Bobby Brown , Johnny Gill , Boyz II Men , Outkast , Toni Braxton , TLC , Mariah Carey , Avril Lavigne , Paula Abdul , Pink , Justin Bieber , Meghan Trainor , Rihanna , Kanye West , Usher , Ne-Yo , 21 Savage , Young Jeezy , Ciara , Zara Larsson , Jidenna , Jennifer Lopez , Future , Travis Scott and Rick Ross .'
 ""Kesha Rose Sebert ( [ ˈkɛʃə_roʊz_ˈsɛbərt ] ; born March 1 , 1987 ; formerly stylized as Ke $ ha ) is an American singer , songwriter , and rapper . In 2005 , at age 18 , Kesha was signed to producer Dr. Luke 's label Kemosabe Records . Her breakthrough came in early 2009 after appearing on American rapper Flo Rida 's number-one single `` Right Round '' .""
 'Luke , while Dr. Luke claims breach of contract and defamation against Kesha . Kesha has not released any solo studio recordings during the legal dispute , but has continued to perform live , and has appeared as a guest musician in collaborations with other artists , including Zedd , Ben Folds , and The Flaming Lips .'
 ""All three albums received critical acclaim while Blur gained mass popularity in the UK , aided by a Britpop rivalry with Oasis . Subsequent albums such as Blur ( 1997 ) , 13 ( 1999 ) , Think Tank ( 2003 ) and The Magic Whip ( 2015 ) contained influences from lo-fi , electronic and hip hop music .   Along with Tank Girl creator Jamie Hewlett , Albarn formed the `` virtual band '' Gorillaz in 1998 .""
 ""The album features guest appearances from Diddy , Nicki Minaj , Drake , Ace Hood , Lil Wayne , Birdman , The Weeknd , Rick Ross , 2 Chainz , Max B , Ne-Yo , Machine Gun Kelly , Raekwon , Scarface and Snoop Dogg , among others .   The album 's production was handled by Mike Will Made It , Jahlil Beats , Reefa , Rico Love , Lex Luger and Young Chop , among others .""
 ""Craig Ashley David ( born 5 May 1981 ) is a British singer , songwriter , rapper and record producer who rose to fame in 1999 , featuring on the single , `` Re-Rewind '' by Artful Dodger . David 's debut studio album , Born to Do It , was released in 2000 , after which he has released a further five studio albums and worked with a variety of artists such as Tinchy Stryder , Kano , Jay Sean , Rita Ora , Hardwell and Sting .""
 ""Her debut album , Animal , and her first extended play , Cannibal , were released in 2010 . Kesha 's music and image propelled her to immediate commercial success , with Animal debuting as the number-one album in the United States . She also achieved 3 more number-one singles , `` Tik Tok '' and `` We R Who We R '' as a solo artist , and `` Timber '' as a featured artist , and a string of top-ten singles from the album and its re-release .""
 'Her 2002 remix album , J to tha L -- O ! The Remixes , became the first in history to debut at number one on the U.S. Billboard 200 . Following her second divorce , Lopez had a high-profile relationship with Ben Affleck , which strongly influenced her third studio album , This Is Me ... Then ( 2002 ) , while also overshadowing the release of Gigli ( 2003 ) , a critical and commercial failure . She subsequently married longtime friend Marc Anthony , and rebounded with the box office successes Shall We Dance ?'
 'The album was released in June 2013 .']"	REFUTES	"Is it true that ""Hot Right Now"" is mistakenly attributed to DJ Fresh?"	NOTENOUGHINFO	CONSISTENT	NEUTRAL	NEUTRAL	5.180594623000161	300.50830078125	-1	{'retriever': 'dense', 'topk': 10, 'reranker': False, 'prompt_edit': False, 'reindex': False}	NOTENOUGHINFO_FAILURE	{'total_reward': -0.0, 'failure_reward': 0.0, 'prediction_reward': 0.0, 'consistency_reward': 1.0, 'factuality_reward': 0.0, 'latency_budget_strict': 0.0, 'vram_budget_strict': 1.0, 'latency_rate': 1.0361189246000322, 'vram_rate': 0.0}
0	Hot Right Now is mistakenly attributed to DJ Fresh.	The provided context does not contain any information about the attribution of the song 'Hot Right Now' to DJ Fresh.	"[""`` Hot Right Now '' is a single by British drum and bass producer DJ Fresh , released as the second single from his third studio album , Nextlevelism . British singer Rita Ora features on the single as the main vocalist . The song also features as a bonus track on Ora 's debut album , Ora . Released on 12 February 2012 , the single debuted at the top of UK Singles Chart . The Official Charts Company confirmed `` Hot Right Now '' as the UK 's first ever drum and bass number one .""
 'Over the course of his career he has worked with artists including Fifth Harmony , Kenneth Babyface Edmonds , Bobby Brown , Johnny Gill , Boyz II Men , Outkast , Toni Braxton , TLC , Mariah Carey , Avril Lavigne , Paula Abdul , Pink , Justin Bieber , Meghan Trainor , Rihanna , Kanye West , Usher , Ne-Yo , 21 Savage , Young Jeezy , Ciara , Zara Larsson , Jidenna , Jennifer Lopez , Future , Travis Scott and Rick Ross .'
 ""Kesha Rose Sebert ( [ ˈkɛʃə_roʊz_ˈsɛbərt ] ; born March 1 , 1987 ; formerly stylized as Ke $ ha ) is an American singer , songwriter , and rapper . In 2005 , at age 18 , Kesha was signed to producer Dr. Luke 's label Kemosabe Records . Her breakthrough came in early 2009 after appearing on American rapper Flo Rida 's number-one single `` Right Round '' .""
 'Luke , while Dr. Luke claims breach of contract and defamation against Kesha . Kesha has not released any solo studio recordings during the legal dispute , but has continued to perform live , and has appeared as a guest musician in collaborations with other artists , including Zedd , Ben Folds , and The Flaming Lips .'
 ""All three albums received critical acclaim while Blur gained mass popularity in the UK , aided by a Britpop rivalry with Oasis . Subsequent albums such as Blur ( 1997 ) , 13 ( 1999 ) , Think Tank ( 2003 ) and The Magic Whip ( 2015 ) contained influences from lo-fi , electronic and hip hop music .   Along with Tank Girl creator Jamie Hewlett , Albarn formed the `` virtual band '' Gorillaz in 1998 .""]"	REFUTES	"Is it true that ""Hot Right Now"" is mistakenly attributed to DJ Fresh?"	NOTENOUGHINFO	CONSISTENT	NEUTRAL	NEUTRAL	4.011365429999842	145.80322265625	1	{'retriever': 'dense', 'topk': 5, 'reindex': True}	NOTENOUGHINFO_FAILURE	{'total_reward': 0.03295448566667195, 'failure_reward': 0.0, 'prediction_reward': 0.0, 'consistency_reward': 1.0, 'factuality_reward': 0.0, 'latency_budget_strict': 1.0, 'vram_budget_strict': 1.0, 'latency_rate': 0.8022730859999683, 'vram_rate': 0.0}
0	Private Lives is a three act play from 1930.	Private Lives is a 1930 comedy of manners in three acts by Noël Coward.	"[""Private Lives is a 1930 comedy of manners in three acts by Noël Coward . It concerns a divorced couple who , while honeymooning with their new spouses , discover that they are staying in adjacent rooms at the same hotel . Despite a perpetually stormy relationship , they realise that they still have feelings for each other . Its second act love scene was nearly censored in Britain as too risqué . Coward wrote one of his most popular songs , `` Some Day I 'll Find You '' , for the play .""
 'After touring the British provinces , the play opened the new Phoenix Theatre in London in 1930 , starring Coward , Gertrude Lawrence , Adrianne Allen and Laurence Olivier . A Broadway production followed in 1931 , and the play has been revived at least a half dozen times each in the West End and on Broadway .'
 'The leading roles have attracted a wide range of actors ; among those who have succeeded Coward as Elyot are Robert Stephens , Richard Burton , Alan Rickman and Matthew Macfadyen , and successors to Lawrence as Amanda have included Tallulah Bankhead , Elizabeth Taylor , Maggie Smith , Kim Cattrall and Lindsay Duncan . Directors of new productions have included John Gielgud , Howard Davies and Richard Eyre . The play was made into a 1931 film and has been adapted several times for television and radio .'
 'Early in her career , she appeared in popular films spanning a wide variety of genres , including Act of Violence ( 1948 ) , Little Women ( 1949 ) , Angels in the Outfield ( 1951 ) , Scaramouche ( 1952 ) , The Naked Spur ( 1953 ) and Living It Up ( 1954 ) .'
 ""Gradually he became a regular in Broadway shows in the 1920s and 1930s . When the stock market crash of 1929 reduced the demand for plays , Bogart turned to film . His first great success was as Duke Mantee in The Petrified Forest ( 1936 ) , and this led to a period of typecasting as a gangster with films such as Angels with Dirty Faces ( 1938 ) .   Bogart 's breakthrough as a leading man came in 1941 with High Sierra and The Maltese Falcon .""
 'Hedda Gabler ( [ ˈˈhɛdːɑ ˈɡɑːbləɾ ] ) is a play written by Norwegian playwright Henrik Ibsen . Ibsen was present at the world premiere , which took place on 31 January 1891 at the Residenztheater in Munich . It is recognized as a classic of realism , nineteenth century theatre , and world drama . The title character , Hedda , is considered one of the great dramatic roles in theatre .'
 'Humphrey DeForest Bogart ( [ ˈboʊgɑrt ] December 25 , 1899January 14 , 1957 ) was an American screen and stage actor whose performances in 1940s films noir such as The Maltese Falcon , Casablanca , and The Big Sleep earned him status as a cultural icon .   Bogart began acting in 1921 after a hitch in the U.S. Navy in World War I and little success in various jobs in finance and the production side of the theater .'
 'The next year , his performance in Casablanca ( 1943 ; Oscar nomination ) raised him to the peak of his profession and , at the same time , cemented his trademark film persona , that of the hard-boiled cynic who ultimately shows his noble side . Other successes followed , including To Have and Have Not ( 1944 ) , The Big Sleep ( 1946 ) , Dark Passage ( 1947 ) , and Key Largo ( 1948 ) , all four with his wife Lauren Bacall ;'
 ""Jameson has also crossed over into mainstream pop culture , starting with a minor role in Howard Stern 's 1997 film Private Parts . Her mainstream appearances continued with several guest-hosting and guest-starring on various television programs . Playboy TV hosted her Jenna 's American Sex Star reality show , in which aspiring porn stars competed for a ClubJenna contract . Her 2004 autobiography , How to Make Love Like a Porn Star : A Cautionary Tale , spent six weeks on The New York Times Best Seller list .""
 ""Raised in Leytonstone , East London and around Colchester , Essex , Albarn attended the Stanway School , where he met Graham Coxon and eventually formed Blur , whose debut album Leisure was released in 1991 to mixed reviews . After spending long periods of time touring the US , Albarn 's songwriting became increasingly influenced by British bands from the 1960s . The result of these influences came in the form of Modern Life Is Rubbish ( 1993 ) , Parklife ( 1994 ) and The Great Escape ( 1995 ) .""]"	NOTENOUGHINFO	"Is it true that ""Private Lives"" is a three-act play from 1930?"	SUPPORTS	CONSISTENT	ENTAILMENT	ENTAILMENT	5.614712581000276	348.17919921875	-1	{'retriever': 'dense', 'topk': 10, 'reranker': False, 'prompt_edit': False, 'reindex': False}	NO_FAILURE	{'total_reward': -0.0, 'failure_reward': 1.0, 'prediction_reward': 0.0, 'consistency_reward': 1.0, 'factuality_reward': 1.0, 'latency_budget_strict': 0.0, 'vram_budget_strict': 1.0, 'latency_rate': 1.1229425162000553, 'vram_rate': 0.0}
0	Giada at Home was only available on DVD.	The provided context does not contain any information about Giada at Home being released as a DVD.	"['Giada at Home is a television show hosted by Giada De Laurentiis . It first aired on October 18 , 2008 on the Food Network .   The show was nominated for two Daytime Emmys in 2009 : for Outstanding Culinary Program and Outstanding Directing in a Lifestyle/Culinary Program , and won for the latter award .'
 'The show was nominated for four Daytime Emmys in 2010 for Outstanding Multi-Camera Editing , Outstanding Directing in a Lifestyle/Culinary Program , Outstanding Lifestyle/Culinary Host ( Giada De Laurentiis ) and Outstanding Culinary Program . It won in the categories of Outstanding Directing in a Lifestyle/Culinary Program ( 2nd year in a row ) and Outstanding Culinary Program .   An episode on April 19 , 2015 rated 641,000 U.S. viewers .'
 'Shot at Screen Gems studios and in Ojai , California , the film was released on September 17 , 2010 , received positive reviews and grossed $ 75 million worldwide .'
 ""Jessica Adams ( Odette Annable ) and Dr. Chi Park ( Charlyne Yi ) join House 's team .   House was among the top 10 series in the United States from its second through fourth seasons . Distributed to 66 countries , House was the most-watched television program in the world in 2008 . The show received numerous awards , including five Primetime Emmy Awards , two Golden Globe Awards , a Peabody Award , and nine People 's Choice Awards .""
 ""The first such movie , Briana Loves Jenna ( with Briana Banks ) , was named at the 2003 AVN Awards as the best-selling and best-renting pornographic title for 2002 . By 2005 , ClubJenna had revenues of US$ 30 million with profits estimated at half that . Advertisements for her site and films , often bearing her picture , have towered on a 48-foot-tall billboard in New York City 's Times Square .""
 'Grossing over $ 970 million worldwide against its budget of $ 76 million , the film became the second-highest-grossing animated film of 2013 and the third-highest-grossing film of 2013 . It is also the most profitable film in the 101-year history of Universal Studios .   A prequel/spin-off film , Minions , focusing on the little yellow henchmen before they met Gru , was released on July 10 , 2015 .'
 'Rio is a 2011 American 3D computer-animated adventure film-produced by Blue Sky Studios and directed by Carlos Saldanha . The title refers to the Brazilian city of Rio de Janeiro , where the film is set . The film features the voices of Jesse Eisenberg , Anne Hathaway , Jemaine Clement , Leslie Mann , George Lopez , and Jamie Foxx .'
 ""Four of Ellis 's works have been made into films . Less Than Zero was rapidly adapted for screen , leading to the release of a starkly different film of the same name in 1987 . Mary Harron 's adaptation of American Psycho was released to generally positive reviews in 2000 and went on to achieve cult status . Roger Avary 's 2002 adaptation The Rules of Attraction made modest box office returns but went on to attract a cult following .""
 'The film set numerous records , including the highest-grossing animated film opening of all time in North America .'
 'In January 2009 , WWE Home Video released Starrcade : The Essential Collection as a three disc DVD set . With the launch of the WWE Network in 2014 all Starrcade shows became available on demand to Network subscribers .']"	REFUTES	Was Giada at Home exclusively released as a DVD?	NOTENOUGHINFO	MISSING	CONTRADICTION	ENTAILMENT	4.6254608660001395	251.91845703125	-1	{'retriever': 'dense', 'topk': 10, 'reranker': False, 'prompt_edit': False, 'reindex': False}	NO_FAILURE	{'total_reward': 0.03745391339998605, 'failure_reward': 1.0, 'prediction_reward': 0.0, 'consistency_reward': 0.0, 'factuality_reward': 1.0, 'latency_budget_strict': 1.0, 'vram_budget_strict': 1.0, 'latency_rate': 0.9250921732000279, 'vram_rate': 0.0}
0	Harold Macmillan was born on February 20, 1894.	Harold Macmillan was born on February 20, 1894.	"[""Maurice Harold Macmillan , 1st Earl of Stockton , ( 10 February 1894 -- 29 December 1986 ) was a British Conservative politician and statesman who served as the Prime Minister of the United Kingdom from 10 January 1957 to 19 October 1963 . Nicknamed `` Supermac , '' he was known for his pragmatism , wit and unflappability .   Macmillan served in the Grenadier Guards during the First World War .""
 ""After losing his seat in 1929 , he regained it in 1931 , soon after which he spoke out against the high rate of unemployment in Stockton-On-Tees , and against appeasement .   Rising to high office during the Second World War as a protégé of wartime Prime Minister Winston Churchill , Macmillan then served as Foreign Secretary and Chancellor of the Exchequer under Churchill 's successor Sir Anthony Eden . When Eden resigned in 1957 after the Suez Crisis , Macmillan succeeded him as Prime Minister .""
 'Near the end of his premiership , his government was rocked by the Vassall and Profumo scandals , which seemed to symbolise for the rebellious youth of the 1960s the moral decay of the British establishment . After his resignation , Macmillan lived out a long retirement as an elder statesman . He was as trenchant a critic of his successors in his old age as he had been of his predecessors in his youth .'
 'Macmillan served in the Grenadier Guards during the First World War . He was wounded three times , most severely in September 1916 during the Battle of the Somme . He spent the rest of the war in a military hospital unable to walk , and suffered pain and partial immobility for the rest of his life . After the war Macmillan joined his family business , then entered Parliament in the 1924 General Election , for the northern industrial constituency of Stockton-on-Tees .'
 'As a One Nation Tory of the Disraelian tradition , haunted by memories of the Great Depression , he believed in the post-war settlement and the necessity of a mixed economy , championing a Keynesian strategy of public investment to maintain demand and pursuing corporatist policies to develop the domestic market as the engine of growth . Benefiting from favourable international conditions , he presided over an age of affluence , marked by low unemployment and high if uneven growth .'
 'Macmillan was the last British prime minister born in the reign of Queen Victoria , the last to have served in the First World War , the last to wear a moustache when in office , and the last to receive an hereditary peerage .'
 ""In his Bedford speech in July 1957 he told the nation they had ` never had it so good ' , but warned of the dangers of inflation , summing up the fragile prosperity of the 1950s . The Conservatives were re-elected in 1959 with an increased majority on an electioneering budget .   In international affairs , Macmillan rebuilt the special relationship with the United States from the wreckage of the Suez Crisis ( of which he had been one of the architects ) , and redrew the world map by decolonising sub-Saharan Africa .""
 ""Keith Rupert Murdoch [ ˈmɜrdɒk ] , AC , KCSG ( born 11 March 1931 ) is an Australian-born American media mogul . His father , Sir Keith Murdoch , had been a reporter , editor , and senior executive of the Herald and Weekly Times newspaper publishing company , covering all Australian states except New South Wales . After his father 's death in 1952 , Murdoch declined to join his late father 's registered public company and created his own private company , News Limited .""
 'Major Bruce Middleton Hope Shand MC and bar ( 22 January 1917 -- 11 June 2006 ) was an officer in the British Army . He is best known as the father of Camilla , Duchess of Cornwall , the second wife of Charles , Prince of Wales .'
 ""Reconfiguring the nation 's defences to meet the realities of the nuclear age , he ended National Service , strengthened the nuclear forces by acquiring Polaris , and pioneered the Nuclear Test Ban with the United States and the Soviet Union . Belatedly recognising the dangers of strategic dependence , he sought a new role for Britain in Europe , but his unwillingness to disclose United States nuclear secrets to France contributed to a French veto of the United Kingdom 's entry into the European Economic Community .""]"	REFUTES	Was Harold Macmillan born on February 20, 1894?	SUPPORTS	MISSING	CONTRADICTION	CONTRADICTION	5.106977171999915	304.939453125	-1	{'retriever': 'dense', 'topk': 10, 'reranker': False, 'prompt_edit': False, 'reindex': False}	WRONG_RESPONSE_FAILURE	{'total_reward': -0.0, 'failure_reward': 0.0, 'prediction_reward': 0.0, 'consistency_reward': 0.0, 'factuality_reward': 0.0, 'latency_budget_strict': 0.0, 'vram_budget_strict': 1.0, 'latency_rate': 1.0213954343999831, 'vram_rate': 0.0}
0	Harold Macmillan was born on February 20, 1894.	The context explicitly states that Harold Macmillan was born on 10 February 1894, which contradicts the claim in the question that he was born on 20 February 1894.	"[""Maurice Harold Macmillan , 1st Earl of Stockton , ( 10 February 1894 -- 29 December 1986 ) was a British Conservative politician and statesman who served as the Prime Minister of the United Kingdom from 10 January 1957 to 19 October 1963 . Nicknamed `` Supermac , '' he was known for his pragmatism , wit and unflappability .   Macmillan served in the Grenadier Guards during the First World War .""
 ""After losing his seat in 1929 , he regained it in 1931 , soon after which he spoke out against the high rate of unemployment in Stockton-On-Tees , and against appeasement .   Rising to high office during the Second World War as a protégé of wartime Prime Minister Winston Churchill , Macmillan then served as Foreign Secretary and Chancellor of the Exchequer under Churchill 's successor Sir Anthony Eden . When Eden resigned in 1957 after the Suez Crisis , Macmillan succeeded him as Prime Minister .""
 'Near the end of his premiership , his government was rocked by the Vassall and Profumo scandals , which seemed to symbolise for the rebellious youth of the 1960s the moral decay of the British establishment . After his resignation , Macmillan lived out a long retirement as an elder statesman . He was as trenchant a critic of his successors in his old age as he had been of his predecessors in his youth .'
 'Macmillan served in the Grenadier Guards during the First World War . He was wounded three times , most severely in September 1916 during the Battle of the Somme . He spent the rest of the war in a military hospital unable to walk , and suffered pain and partial immobility for the rest of his life . After the war Macmillan joined his family business , then entered Parliament in the 1924 General Election , for the northern industrial constituency of Stockton-on-Tees .'
 'As a One Nation Tory of the Disraelian tradition , haunted by memories of the Great Depression , he believed in the post-war settlement and the necessity of a mixed economy , championing a Keynesian strategy of public investment to maintain demand and pursuing corporatist policies to develop the domestic market as the engine of growth . Benefiting from favourable international conditions , he presided over an age of affluence , marked by low unemployment and high if uneven growth .'
 'Macmillan was the last British prime minister born in the reign of Queen Victoria , the last to have served in the First World War , the last to wear a moustache when in office , and the last to receive an hereditary peerage .'
 ""In his Bedford speech in July 1957 he told the nation they had ` never had it so good ' , but warned of the dangers of inflation , summing up the fragile prosperity of the 1950s . The Conservatives were re-elected in 1959 with an increased majority on an electioneering budget .   In international affairs , Macmillan rebuilt the special relationship with the United States from the wreckage of the Suez Crisis ( of which he had been one of the architects ) , and redrew the world map by decolonising sub-Saharan Africa .""
 ""Keith Rupert Murdoch [ ˈmɜrdɒk ] , AC , KCSG ( born 11 March 1931 ) is an Australian-born American media mogul . His father , Sir Keith Murdoch , had been a reporter , editor , and senior executive of the Herald and Weekly Times newspaper publishing company , covering all Australian states except New South Wales . After his father 's death in 1952 , Murdoch declined to join his late father 's registered public company and created his own private company , News Limited .""
 'Major Bruce Middleton Hope Shand MC and bar ( 22 January 1917 -- 11 June 2006 ) was an officer in the British Army . He is best known as the father of Camilla , Duchess of Cornwall , the second wife of Charles , Prince of Wales .'
 ""Reconfiguring the nation 's defences to meet the realities of the nuclear age , he ended National Service , strengthened the nuclear forces by acquiring Polaris , and pioneered the Nuclear Test Ban with the United States and the Soviet Union . Belatedly recognising the dangers of strategic dependence , he sought a new role for Britain in Europe , but his unwillingness to disclose United States nuclear secrets to France contributed to a French veto of the United Kingdom 's entry into the European Economic Community .""]"	REFUTES	Was Harold Macmillan born on February 20, 1894?	REFUTES	CONSISTENT	CONTRADICTION	ENTAILMENT	6.587939022000228	390.34033203125	1	{'prompt_edit': 'WP'}	NO_FAILURE	{'total_reward': -0.0, 'failure_reward': 1.0, 'prediction_reward': 1.0, 'consistency_reward': 1.0, 'factuality_reward': 1.0, 'latency_budget_strict': 0.0, 'vram_budget_strict': 1.0, 'latency_rate': 1.3175878044000455, 'vram_rate': 0.0}
0	Aristotle spent time in Athens.	Aristotle spent time in Athens.	"['Aristotle ( [ ˈærɪˌstɒtəl ] Ἀριστοτέλης , [ aristotélɛːs ] , Aristotélēs ; 384 -- 322 BC ) was an ancient Greek philosopher and scientist born in the city of Stagira , Chalkidice , on the northern periphery of Classical Greece . His father , Nicomachus , died when Aristotle was a child , whereafter Proxenus of Atarneus became his guardian .'
 ""At seventeen or eighteen years of age , he joined Plato 's Academy in Athens and remained there until the age of thirty-seven ( c. 347 BC ) . His writings cover many subjects -- including physics , biology , zoology , metaphysics , logic , ethics , aesthetics , poetry , theater , music , rhetoric , linguistics , politics and government -- and constitute the first comprehensive system of Western philosophy . Shortly after Plato died , Aristotle left Athens and , at the request of Philip II of Macedon , tutored Alexander the Great beginning in 343 BC .""
 ""Teaching Alexander the Great gave Aristotle many opportunities and an abundance of supplies . He established a library in the Lyceum which aided in the production of many of his hundreds of books . The fact that Aristotle was a pupil of Plato contributed to his former views of Platonism , but , following Plato 's death , Aristotle immersed himself in empirical studies and shifted from Platonism to empiricism . He believed all peoples ' concepts and all of their knowledge was ultimately based on perception . Aristotle 's views on natural sciences represent the groundwork underlying many of his works .""
 ""Though Aristotle wrote many elegant treatises and dialogues -- Cicero described his literary style as `` a river of gold '' -- it is thought that only around a third of his original output has survived .""
 ""In metaphysics , Aristotelianism profoundly influenced Judeo-Islamic philosophical and theological thought during the Middle Ages and continues to influence Christian theology , especially the Neoplatonism of the Early Church and the scholastic tradition of the Roman Catholic Church . Aristotle was well known among medieval Muslim intellectuals and revered as `` The First Teacher '' ( [ ) .   His ethics , though always influential , gained renewed interest with the modern advent of virtue ethics . All aspects of Aristotle 's philosophy continue to be the object of active academic study today .""
 ""Aristotle 's views on physical science profoundly shaped medieval scholarship . Their influence extended from Late Antiquity and the Early Middle Ages into the Renaissance , and were not replaced systematically until the Enlightenment and theories such as classical mechanics . Some of Aristotle 's zoological observations , such as on the hectocotyl ( reproductive ) arm of the octopus , were not confirmed or refuted until the 19th century . His works contain the earliest known formal study of logic , which was incorporated in the late 19th century into modern formal logic .""
 'Naples is one of the oldest continuously inhabited cities in the world . Bronze Age Greek settlements were established in the Naples area in the second millennium BC . A larger colony -- initially known as Parthenope , Παρθενόπη -- developed on the Island of Megaride around the ninth century BC , at the end of the Greek Dark Ages .'
 'The city was refounded as Neápolis in the sixth century BC and became a lynchpin of Magna Graecia , playing a key role in the merging of Greek culture into Roman society and eventually becoming a cultural centre of the Roman Republic . Naples remained influential after the fall of the Western Roman Empire , serving as the capital city of the Kingdom of Naples between 1282 and 1816 . Thereafter , in union with Sicily , it became the capital of the Two Sicilies until the unification of Italy in 1861 .'
 ""Popular characters and historical figures who have come to symbolise the city include Januarius , the patron saint of Naples , the comic figure Pulcinella , and the Sirens from the Greek epic poem the Odyssey . According to CNN , the metro stop `` Toledo '' is the most beautiful in Europe and it won also the LEAF Award ' 2013 as `` Public building of the year '' .  Naples is the Italian city with the highest number of accredited stars from the Michelin Guide .   Naples ' sports scene is dominated by football and Serie A club S.S.C.""
 'Naples has long been a major cultural centre with a global sphere of influence , particularly during the Renaissance and Enlightenment eras . In the immediate vicinity of Naples are numerous culturally and historically significant sites , including the Palace of Caserta and the Roman ruins of Pompeii and Herculaneum . Culinarily , Naples is synonymous with pizza , which originated in the city . Neapolitan music has furthermore been highly influential , credited with the invention of the romantic guitar and the mandolin , as well as notable contributions to opera and folk standards .']"	SUPPORTS	Did Aristotle spend time in Athens?	SUPPORTS	CONSISTENT	ENTAILMENT	ENTAILMENT	3.9689961179997226	312.50634765625	-1	{'retriever': 'dense', 'topk': 10, 'reranker': False, 'prompt_edit': False, 'reindex': False}	NO_FAILURE	{'total_reward': 0.20620077640005552, 'failure_reward': 1.0, 'prediction_reward': 1.0, 'consistency_reward': 1.0, 'factuality_reward': 1.0, 'latency_budget_strict': 1.0, 'vram_budget_strict': 1.0, 'latency_rate': 0.7937992235999445, 'vram_rate': 0.0}
0	David Packouz refused to be an entrepreneur.	The provided context does not contain any information about David Packouz's entrepreneurial activities or refusal to become an entrepreneur.	"[""David Mordechai Packouz ( [ pækhaʊs ] born February 16 , 1982 ) is an American former arms dealer , musician , inventor and entrepreneur .   In 2005 , Packouz ( 23 years old at the time ) joined Efraim Diveroli ( 19 years old at the time ) in Diveroli 's arms company AEY Inc. . By the end of 2006 , the company had won 149 contracts worth around $ 10.5 million .""
 'Packouz was aware that the products were prohibited and would not be accepted , and was instrumental in the covering up of the origins of the ammunition . As a result of the publicity surrounding the contract and the age of the arms dealers -- Packouz was 25 and Diveroli was 21 when AEY landed the ammunition deal -- the United States Army began a review of its contracting procedures .   Packouz was sentenced to seven months house arrest for conspiracy to defraud the United States .'
 'He is the subject of the 2016 Todd Phillips drama-comedy film War Dogs , in which he is portrayed by Miles Teller . Packouz has a cameo in the film as a guitarist and singer at an elderly home .   Packouz went on to invent a guitar pedal drum machine , the BeatBuddy , and is currently the CEO of music technology company Singular Sound .'
 ""Shane Lee Lindstrom ( born February 11 , 1994 ) , professionally known as Murda Beatz , is a Canadian hip hop record producer from Fort Erie , Ontario . He is noted for producing songs such as `` No Shopping '' by rapper French Montana , `` Back on Road '' by rapper Gucci Mane , Lindstrom has also produced several tracks for various artists such as Drake , Migos , Travis Scott and PartyNextDoor , among others .""
 'His comedic style , in both his stand-up material and acting roles , relies heavily on sarcasm and self-deprecation .'
 ""A , a hero reflecting the influence of Ayn Rand 's philosophy of Objectivism . Since the 1960s , Ditko has declined most interviews , stating that it is his work he offers readers , not his personality .   Ditko was inducted into the comics industry 's Jack Kirby Hall of Fame in 1990 , and into the Will Eisner Award Hall of Fame in 1994 .""
 'As a One Nation Tory of the Disraelian tradition , haunted by memories of the Great Depression , he believed in the post-war settlement and the necessity of a mixed economy , championing a Keynesian strategy of public investment to maintain demand and pursuing corporatist policies to develop the domestic market as the engine of growth . Benefiting from favourable international conditions , he presided over an age of affluence , marked by low unemployment and high if uneven growth .'
 ""A former high school drop-out , he attended Seattle University 's Albers School of Business and Economics in the early 2000s , and subsequently founded the wealth management firm Meridian Rock . He was a high school honor student , but dropped out early to pursue a career in music .""
 ""Following an enforced hiatus due to the Second World War , he made a dramatic comeback , captaining an Australian team known as `` The Invincibles '' on a record-breaking unbeaten tour of England .   A complex , highly driven man , not given to close personal relationships ,  Bradman retained a pre-eminent position in the game by acting as an administrator , selector and writer for three decades following his retirement .""
 ""Named by Ebony magazine as one of America 's most influential black businessmen in 2009 , Johnson has numerous business interests , and was a part-owner of the Lakers for several years . Johnson also is part of a group of investors that purchased the Los Angeles Dodgers in 2012 and the Los Angeles Sparks in 2014 .""]"	REFUTES	Does David Packouz refuse to become an entrepreneur?	NOTENOUGHINFO	MISSING	CONTRADICTION	ENTAILMENT	4.876013412000248	251.2548828125	-1	{'retriever': 'dense', 'topk': 10, 'reranker': False, 'prompt_edit': False, 'reindex': False}	NO_FAILURE	{'total_reward': 0.01239865879997526, 'failure_reward': 1.0, 'prediction_reward': 0.0, 'consistency_reward': 0.0, 'factuality_reward': 1.0, 'latency_budget_strict': 1.0, 'vram_budget_strict': 1.0, 'latency_rate': 0.9752026824000495, 'vram_rate': 0.0}
0	Magic Johnson did not play for the Lakers.	Magic Johnson played for the Lakers.	"[""Earvin `` Magic '' Johnson Jr. ( born August 14 , 1959 ) is an American retired professional basketball player and current president of basketball operations of the Los Angeles Lakers of the National Basketball Association ( NBA ) . He played point guard for the Lakers for 13 seasons . After winning championships in high school and college , Johnson was selected first overall in the 1979 NBA draft by the Lakers . He won a championship and an NBA Finals Most Valuable Player Award in his rookie season , and won four more championships with the Lakers during the 1980s .""
 ""Named by Ebony magazine as one of America 's most influential black businessmen in 2009 , Johnson has numerous business interests , and was a part-owner of the Lakers for several years . Johnson also is part of a group of investors that purchased the Los Angeles Dodgers in 2012 and the Los Angeles Sparks in 2014 .""
 ""Johnson retired abruptly in 1991 after announcing that he had contracted HIV , but returned to play in the 1992 All-Star Game , winning the All-Star MVP Award . After protests from his fellow players , he retired again for four years , but returned in 1996 , at age 36 , to play 32 games for the Lakers before retiring for the third and final time .   Johnson 's career achievements include three NBA MVP Awards , nine NBA Finals appearances , twelve All-Star games , and ten All-NBA First and Second Team nominations .""
 ""Johnson was honored as one of the 50 Greatest Players in NBA History in 1996 .   Johnson became a two-time inductee into the Basketball Hall of Fame -- being enshrined in 2002 for his individual career , and again in 2010 as a member of the `` Dream Team '' . He was rated the greatest NBA point guard of all time by ESPN in 2007 . His friendship and rivalry with Boston Celtics star Larry Bird , whom he faced in the 1979 NCAA finals and three NBA championship series , are well documented .""
 ""He led the league in regular-season assists four times , and is the NBA 's all-time leader in average assists per game , at 11.2 . Johnson was a member of the 1992 United States men 's Olympic basketball team ( `` The Dream Team '' ) , which won the Olympic gold medal in 1992 . After leaving the NBA in 1992 , Johnson formed the Magic Johnson All-Stars , a barnstorming team that travelled around the world playing exhibition games .""
 'He has since played for the Pacers , Phoenix Suns , Portland Trail Blazers , Miami Heat and Cavaliers . He has won three NBA championships , two with the Heat and one with the Cavaliers . In 2017 , he and teammate LeBron James reached the NBA Finals for the seventh consecutive year . Jones has never been on an NBA team with a losing record and has only missed the playoffs once -- with the Trail Blazers in 2007 -- 08 .'
 'He then played college basketball for the Miami Hurricanes of the University of Miami , where he was a three-year starter and finished his career averaging 11 points per game . He was named Third Team All-Big East his junior year and Second Team Verizon Academic All-American his senior year . He was inducted into the University of Miami Sports Hall of Fame in 2014 .   Jones was drafted by the Indiana Pacers in the second round of the 2003 NBA Draft .'
 ""He finished third in the NBA in three-point percentage during the 2007 -- 08 season and won the Three-Point Contest in 2011 . His nickname is `` Champ '' .""
 'James Andrew Jones ( born October 4 , 1980 ) is an American professional basketball player for the Cleveland Cavaliers of the National Basketball Association ( NBA ) . He currently serves as the secretary-treasurer of the National Basketball Players Association .   Jones was a four-year letterman at American High School in Hialeah , Florida . He averaged 25 points per game as a senior , earning Class 6A Player of the Year and First Team All-State honors .'
 ""She is also known for being Michael Jackson 's first girlfriend .   In 1986 , O'Neal married professional tennis player John McEnroe , with whom she had three children . The couple separated in 1992 and were divorced in 1994 .""]"	REFUTES	Did Magic Johnson play for the Lakers?	REFUTES	CONSISTENT	CONTRADICTION	ENTAILMENT	3.877423211000405	301.87841796875	-1	{'retriever': 'dense', 'topk': 10, 'reranker': False, 'prompt_edit': False, 'reindex': False}	NO_FAILURE	{'total_reward': 0.22451535779991905, 'failure_reward': 1.0, 'prediction_reward': 1.0, 'consistency_reward': 1.0, 'factuality_reward': 1.0, 'latency_budget_strict': 1.0, 'vram_budget_strict': 1.0, 'latency_rate': 0.775484642200081, 'vram_rate': 0.0}
0	Tenacious D started in 1997.	Tenacious D's music showcases their formation in 1994.	"['Tenacious D is an American comedy rock duo that was formed in Los Angeles , California in 1994 . Composed of lead vocalist and guitarist Jack Black and lead guitarist and vocalist Kyle Gass , the band has released three albums -- Tenacious D ( 2001 ) , The Pick of Destiny ( 2006 ) and Rize of the Fenix ( 2012 ) .'
 ""Tenacious D 's music showcases Black 's theatrical vocal delivery and Gass ' acoustic guitar playing abilities . Critics have described their fusion of vulgar absurdist comedy with rock music as `` mock rock '' . Their songs discuss the duo 's purported musical and sexual prowess , as well as their friendship and cannabis usage in a style that music critics have compared with the storyteller-style lyrics of rock opera .""
 ""Tenacious D 's studio releases , and ( as of 2006 ) its live performances , feature a full band lineup , including such musicians as guitarist John Konesky and bassist John Spiker . Drummer Dave Grohl ( Foo Fighters , Nirvana ) has played on every studio release .   The band first gained popularity in 1997 when they starred in their eponymous television series and began to support large rock acts . In 2001 , they released Tenacious D , their debut album featuring a full band .""
 ""The first single , `` Tribute , '' was the band 's most successful achieving their only Top 10 in any chart , until they released `` The Metal '' , which was shown on Saturday Night Live . In 2006 , they starred in , and recorded the soundtrack for , the film Tenacious D in The Pick of Destiny . In support of the film , the band went on a world tour , appearing for the first time with a full band . They released their newest album Rize of the Fenix on May 15 , 2012 .""
 ""Despite their San Francisco Bay Area origins , they played in a Southern rock style , with lyrics about bayous , catfish , the Mississippi River , and other popular elements of Southern United States iconography , as well as political and socially-conscious lyrics about topics including the Vietnam War . The band performed at 1969 's famed Woodstock Festival .   After four years of chart-topping success , the group disbanded acrimoniously in late 1972 .""
 'In 1997 , to coincide with the release of Nimrod , Armstrong founded Adeline Records in Oakland to help support other bands releasing music and signed bands such as The Frustrators , AFI and Dillinger Four . The record company has since come under the management of Pat Magnarella .'
 ""Raised in Rodeo , California , Armstrong developed an interest in music at a young age , and recorded his first song at the age of five . He met Mike Dirnt while attending elementary school , and the two instantly bonded over their mutual interest in music , forming the band Sweet Children when the two were 15 years old . The band changed its name to Green Day , and would later achieve massive commercial success . Armstrong has also pursued musical projects outside of Green Day 's work , including numerous collaborations with other musicians .""
 ""Towards the end of his first tenure with Guns N ' Roses , McKagan released a solo album , Believe in Me ( 1993 ) , and formed the short-lived supergroup Neurotic Outsiders . Following his departure from Guns N ' Roses in 1997 , McKagan briefly reunited with his pre-success Seattle punk band 10 Minute Warning , before forming the still-active hard rock band Loaded , in which he performs lead vocals and rhythm guitar .""
 'The album debuted at number 4 on the Billboard 200 . On September 23 , 2008 , the album was certified Gold by the RIAA . The album has also been released on vinyl . The band supported the album with a tour , beginning a day before the release of the album and ending in 2009 .   Although critical reception to the album was mixed compared to previous releases , Avenged Sevenfold won the Kerrang ! Award for Best Album in 2008 .'
 ""Award for Best Album in 2008 . In addition , the album was included in Kerrang 's `` 666 Albums You Must Hear Before You Die '' . As of 2014 , it has sold over 960,161 copies in the United States and 152,123 copies in the United Kingdom .""]"	REFUTES	Did tenacious d begin their existence in the year nineteen ninety seven?	SUPPORTS	CONFLICT	CONTRADICTION	NEUTRAL	4.683646492999742	304.939453125	-1	{'retriever': 'dense', 'topk': 10, 'reranker': False, 'prompt_edit': False, 'reindex': False}	WRONG_PREDICATE_FAILURE	{'total_reward': 0.0, 'failure_reward': 0.0, 'prediction_reward': 0.0, 'consistency_reward': 0.0, 'factuality_reward': 0.0, 'latency_budget_strict': 1.0, 'vram_budget_strict': 1.0, 'latency_rate': 0.9367292985999484, 'vram_rate': 0.0}
0	Tenacious D started in 1997.	In 1997, they starred in their eponymous television series and began to support large rock acts.	"[""The first single , `` Tribute , '' was the band 's most successful achieving their only Top 10 in any chart , until they released `` The Metal '' , which was shown on Saturday Night Live . In 2006 , they starred in , and recorded the soundtrack for , the film Tenacious D in The Pick of Destiny . In support of the film , the band went on a world tour , appearing for the first time with a full band . They released their newest album Rize of the Fenix on May 15 , 2012 .""
 'Tenacious D is an American comedy rock duo that was formed in Los Angeles , California in 1994 . Composed of lead vocalist and guitarist Jack Black and lead guitarist and vocalist Kyle Gass , the band has released three albums -- Tenacious D ( 2001 ) , The Pick of Destiny ( 2006 ) and Rize of the Fenix ( 2012 ) .'
 ""Tenacious D 's studio releases , and ( as of 2006 ) its live performances , feature a full band lineup , including such musicians as guitarist John Konesky and bassist John Spiker . Drummer Dave Grohl ( Foo Fighters , Nirvana ) has played on every studio release .   The band first gained popularity in 1997 when they starred in their eponymous television series and began to support large rock acts . In 2001 , they released Tenacious D , their debut album featuring a full band .""]"	REFUTES	Did tenacious d begin their existence in the year nineteen ninety seven?	SUPPORTS	MISSING	CONTRADICTION	CONTRADICTION	4.2329084759999205	97.13037109375	0	{'reranker': True}	WRONG_RESPONSE_FAILURE	{'total_reward': 0.0, 'failure_reward': 0.0, 'prediction_reward': 0.0, 'consistency_reward': 0.0, 'factuality_reward': 0.0, 'latency_budget_strict': 1.0, 'vram_budget_strict': 1.0, 'latency_rate': 0.846581695199984, 'vram_rate': 0.0}
0	James VI and I was a major advocate of a single parliament for Scotland and England.	The context indicates that James VI and I was a major advocate of a single parliament for England and Scotland.	"[""He was a major advocate of a single parliament for England and Scotland . In his reign , the Plantation of Ulster and British colonization of the Americas began .   At 57 years and 246 days , James 's reign in Scotland was longer than those of any of his predecessors . He achieved most of his aims in Scotland but faced great difficulties in England , including the Gunpowder Plot in 1605 and repeated conflicts with the English Parliament .""
 'James VI and I ( 19 June 1566 -- 27 March 1625 ) was King of Scotland as James VI from 24 July 1567 and King of England and Ireland as James I from the union of the Scottish and English crowns on 24 March 1603 until his death . The kingdoms of Scotland and England were individual sovereign states , with their own parliaments , judiciary , and laws , though both were ruled by James in personal union .'
 'James was the son of Mary , Queen of Scots , and a great-great-grandson of Henry VII , King of England and Lord of Ireland , positioning him to eventually accede to all three thrones . James succeeded to the Scottish throne at the age of thirteen months , after his mother Mary was compelled to abdicate in his favour . Four different regents governed during his minority , which ended officially in 1578 , though he did not gain full control of his government until 1583 .'
 ""In 1603 , he succeeded the last Tudor monarch of England and Ireland , Elizabeth I , who died without issue . He continued to reign in all three kingdoms for 22 years , a period known after him as the Jacobean era , until his death in 1625 at the age of 58 . After the Union of the Crowns , he based himself in England ( the largest of the three realms ) from 1603 , only returning to Scotland once in 1617 , and styled himself `` King of Great Britain and Ireland '' .""
 ""Under James , the `` Golden Age '' of Elizabethan literature and drama continued , with writers such as William Shakespeare , John Donne , Ben Jonson , and Sir Francis Bacon contributing to a flourishing literary culture . James himself was a talented scholar , the author of works such as Daemonologie ( 1597 ) , The True Law of Free Monarchies ( 1598 ) , and Basilikon Doron ( 1599 ) . He sponsored the translation of the Bible that would later be named after him : the Authorised King James Version .""
 ""Sir Anthony Weldon claimed that James had been termed `` the wisest fool in Christendom '' , an epithet associated with his character ever since . Since the latter half of the 20th century , historians have tended to revise James 's reputation and treat him as a serious and thoughtful monarch .""
 'Macmillan served in the Grenadier Guards during the First World War . He was wounded three times , most severely in September 1916 during the Battle of the Somme . He spent the rest of the war in a military hospital unable to walk , and suffered pain and partial immobility for the rest of his life . After the war Macmillan joined his family business , then entered Parliament in the 1924 General Election , for the northern industrial constituency of Stockton-on-Tees .'
 'Near the end of his premiership , his government was rocked by the Vassall and Profumo scandals , which seemed to symbolise for the rebellious youth of the 1960s the moral decay of the British establishment . After his resignation , Macmillan lived out a long retirement as an elder statesman . He was as trenchant a critic of his successors in his old age as he had been of his predecessors in his youth .'
 'In the Acts of Union 1707 , the Kingdom of England was succeeded by the Kingdom of Great Britain . Over the years , English customs and identity have become fairly closely aligned with British customs and identity in general .   Today many English people have recent forebears from other parts of the United Kingdom , while some are also descended from more recent immigrants from other European countries and from the Commonwealth .   The English people are the source of the English language , the Westminster system , the common law system and numerous major sports such as cricket , football , rugby union , rugby league and tennis .'
 ""Maurice Harold Macmillan , 1st Earl of Stockton , ( 10 February 1894 -- 29 December 1986 ) was a British Conservative politician and statesman who served as the Prime Minister of the United Kingdom from 10 January 1957 to 19 October 1963 . Nicknamed `` Supermac , '' he was known for his pragmatism , wit and unflappability .   Macmillan served in the Grenadier Guards during the First World War .""]"	SUPPORTS	Was James VI and I an advocate of a single parliament for both Scotland and England?	SUPPORTS	CONSISTENT	NEUTRAL	NEUTRAL	4.715747829000065	332.9248046875	-1	{'retriever': 'dense', 'topk': 10, 'reranker': False, 'prompt_edit': False, 'reindex': False}	NOTENOUGHINFO_FAILURE	{'total_reward': 0.02842521709999346, 'failure_reward': 0.0, 'prediction_reward': 1.0, 'consistency_reward': 1.0, 'factuality_reward': 0.0, 'latency_budget_strict': 1.0, 'vram_budget_strict': 1.0, 'latency_rate': 0.9431495658000131, 'vram_rate': 0.0}
0	James VI and I was a major advocate of a single parliament for Scotland and England.	He was a major advocate of a single parliament for England and Scotland.	"[""He was a major advocate of a single parliament for England and Scotland . In his reign , the Plantation of Ulster and British colonization of the Americas began .   At 57 years and 246 days , James 's reign in Scotland was longer than those of any of his predecessors . He achieved most of his aims in Scotland but faced great difficulties in England , including the Gunpowder Plot in 1605 and repeated conflicts with the English Parliament .""
 'James VI and I ( 19 June 1566 -- 27 March 1625 ) was King of Scotland as James VI from 24 July 1567 and King of England and Ireland as James I from the union of the Scottish and English crowns on 24 March 1603 until his death . The kingdoms of Scotland and England were individual sovereign states , with their own parliaments , judiciary , and laws , though both were ruled by James in personal union .'
 'James was the son of Mary , Queen of Scots , and a great-great-grandson of Henry VII , King of England and Lord of Ireland , positioning him to eventually accede to all three thrones . James succeeded to the Scottish throne at the age of thirteen months , after his mother Mary was compelled to abdicate in his favour . Four different regents governed during his minority , which ended officially in 1578 , though he did not gain full control of his government until 1583 .'
 ""In 1603 , he succeeded the last Tudor monarch of England and Ireland , Elizabeth I , who died without issue . He continued to reign in all three kingdoms for 22 years , a period known after him as the Jacobean era , until his death in 1625 at the age of 58 . After the Union of the Crowns , he based himself in England ( the largest of the three realms ) from 1603 , only returning to Scotland once in 1617 , and styled himself `` King of Great Britain and Ireland '' .""
 ""Under James , the `` Golden Age '' of Elizabethan literature and drama continued , with writers such as William Shakespeare , John Donne , Ben Jonson , and Sir Francis Bacon contributing to a flourishing literary culture . James himself was a talented scholar , the author of works such as Daemonologie ( 1597 ) , The True Law of Free Monarchies ( 1598 ) , and Basilikon Doron ( 1599 ) . He sponsored the translation of the Bible that would later be named after him : the Authorised King James Version .""
 ""Sir Anthony Weldon claimed that James had been termed `` the wisest fool in Christendom '' , an epithet associated with his character ever since . Since the latter half of the 20th century , historians have tended to revise James 's reputation and treat him as a serious and thoughtful monarch .""
 'Macmillan served in the Grenadier Guards during the First World War . He was wounded three times , most severely in September 1916 during the Battle of the Somme . He spent the rest of the war in a military hospital unable to walk , and suffered pain and partial immobility for the rest of his life . After the war Macmillan joined his family business , then entered Parliament in the 1924 General Election , for the northern industrial constituency of Stockton-on-Tees .'
 'Near the end of his premiership , his government was rocked by the Vassall and Profumo scandals , which seemed to symbolise for the rebellious youth of the 1960s the moral decay of the British establishment . After his resignation , Macmillan lived out a long retirement as an elder statesman . He was as trenchant a critic of his successors in his old age as he had been of his predecessors in his youth .'
 'In the Acts of Union 1707 , the Kingdom of England was succeeded by the Kingdom of Great Britain . Over the years , English customs and identity have become fairly closely aligned with British customs and identity in general .   Today many English people have recent forebears from other parts of the United Kingdom , while some are also descended from more recent immigrants from other European countries and from the Commonwealth .   The English people are the source of the English language , the Westminster system , the common law system and numerous major sports such as cricket , football , rugby union , rugby league and tennis .'
 ""Maurice Harold Macmillan , 1st Earl of Stockton , ( 10 February 1894 -- 29 December 1986 ) was a British Conservative politician and statesman who served as the Prime Minister of the United Kingdom from 10 January 1957 to 19 October 1963 . Nicknamed `` Supermac , '' he was known for his pragmatism , wit and unflappability .   Macmillan served in the Grenadier Guards during the First World War .""
 'The succession of Charles V to the Burgundian Netherlands , the throne of Spain , and his subsequent election as Holy Roman Emperor , meant that France was geographically encircled by the Habsburg monarchy . In his struggle against Imperial hegemony , he sought the support of Henry VIII of England at the Field of the Cloth of Gold . When this was unsuccessful , he formed a Franco-Ottoman alliance with the Muslim sultan Suleiman the Magnificent , a controversial move for a Christian king at the time .'
 'She supported her second son , Albert , who succeeded to the throne as George VI , until his death in 1952 . She died the following year , during the reign of her granddaughter Queen Elizabeth II , who had not yet been crowned .'
 ""Llywelyn ap Gruffudd 's death in 1282 marked the completion of Edward I of England 's conquest of Wales , though Owain Glyndŵr briefly restored independence to Wales in the early 15th century . The whole of Wales was annexed by England and incorporated within the English legal system under the Laws in Wales Acts 1535 -- 1542 . Distinctive Welsh politics developed in the 19th century .""
 'Distinctive Welsh politics developed in the 19th century . Welsh Liberalism , exemplified in the early 20th century by Lloyd George , was displaced by the growth of socialism and the Labour Party . Welsh national feeling grew over the century ; Plaid Cymru was formed in 1925 and the Welsh Language Society in 1962 . Established under the Government of Wales Act 1998 , the National Assembly for Wales holds responsibility for a range of devolved policy matters .'
 'Macmillan was the last British prime minister born in the reign of Queen Victoria , the last to have served in the First World War , the last to wear a moustache when in office , and the last to receive an hereditary peerage .'
 ""During Jackson 's eight years as president , Van Buren was a key advisor , and built the organizational structure for the coalescing Democratic Party , particularly in New York . In 1831 , following his resignation as Secretary of State , which aided Jackson in resolving the Petticoat affair , Jackson gave Van Buren a recess appointment as American minister to Britain . Van Buren 's nomination was rejected by the Senate , cutting short his service in London , but he was elected vice president in the 1832 election .""
 'As a One Nation Tory of the Disraelian tradition , haunted by memories of the Great Depression , he believed in the post-war settlement and the necessity of a mixed economy , championing a Keynesian strategy of public investment to maintain demand and pursuing corporatist policies to develop the domestic market as the engine of growth . Benefiting from favourable international conditions , he presided over an age of affluence , marked by low unemployment and high if uneven growth .'
 'England is one of the countries of the United Kingdom .   Historically , the English population is descended from several peoples -- the earlier Britons ( or Brythons ) and the Germanic tribes that settled in Britain following the withdrawal of the Romans , including Angles , Saxons , Jutes and Frisians . Collectively known as the Anglo-Saxons , they founded what was to become England ( from the Old English Englaland ) along with the later Danes , Normans and other groups .'
 'As Prime Minister , she implemented policies that have come to be known as Thatcherism .   A research chemist before becoming a barrister , Thatcher was elected Member of Parliament for Finchley in 1959 . Edward Heath appointed her Secretary of State for Education and Science in his 1970 government . In 1975 , Thatcher defeated Heath in the Conservative Party leadership election to become Leader of the Opposition and became the first woman to lead a major political party in the United Kingdom . She became Prime Minister after winning the 1979 general election .'
 'Major Bruce Middleton Hope Shand MC and bar ( 22 January 1917 -- 11 June 2006 ) was an officer in the British Army . He is best known as the father of Camilla , Duchess of Cornwall , the second wife of Charles , Prince of Wales .']"	SUPPORTS	Was James VI and I an advocate of a single parliament for both Scotland and England?	SUPPORTS	MISSING	CONTRADICTION	NEUTRAL	6.517915256999913	818.25830078125	2	{'retriever': 'dense', 'topk': 20, 'reindex': False}	WRONG_RESPONSE_FAILURE	{'total_reward': -0.0, 'failure_reward': 0.0, 'prediction_reward': 1.0, 'consistency_reward': 0.0, 'factuality_reward': 0.0, 'latency_budget_strict': 0.0, 'vram_budget_strict': 1.0, 'latency_rate': 1.3035830513999827, 'vram_rate': 0.0}
0	Marcus Bentley is a broadcaster.	Marcus Bentley is described as a broadcaster.	"[""Bentley has also appeared on stage and in The Bill and London 's Burning . Although he rarely makes public appearances , his public profile has been raised since Big Brothers revival on Channel 5 .""
 ""Marcus Morgan Bentley ( born 4 October 1967 ) is a British actor , broadcaster and voice-over artist . Bentley is most famous for narrating the United Kingdom 's version of the Dutch reality television programme Big Brother since its inception in 2000 . He also did other continuity announcements for Channel 4 until he left in July 2011 to continue narrating the revived Big Brother on Channel 5 . Bentley 's voice-over work and Geordie accent has led to him becoming one of Britain 's most recognised voices .""
 'Over the course of his career he has worked with artists including Fifth Harmony , Kenneth Babyface Edmonds , Bobby Brown , Johnny Gill , Boyz II Men , Outkast , Toni Braxton , TLC , Mariah Carey , Avril Lavigne , Paula Abdul , Pink , Justin Bieber , Meghan Trainor , Rihanna , Kanye West , Usher , Ne-Yo , 21 Savage , Young Jeezy , Ciara , Zara Larsson , Jidenna , Jennifer Lopez , Future , Travis Scott and Rick Ross .'
 ""He was a minority owner of the Arena Football League 's Nashville Kats .   In acknowledgement of his grandfather 's Italian heritage , McGraw was honored by the National Italian American Foundation ( NIAF ) in 2004 , receiving the NIAF Special Achievement Award in Music during the Foundation 's 29th Anniversary Gala .""
 'He officially retired from professional football in 2017 after spending the entirety of the 2016 season in free agency .'
 'Away from music , Cooper is a film actor , a golfing celebrity , a restaurateur , and , since 2004 , a popular radio DJ with his classic rock show Nights with Alice Cooper .'
 'James Andrew Jones ( born October 4 , 1980 ) is an American professional basketball player for the Cleveland Cavaliers of the National Basketball Association ( NBA ) . He currently serves as the secretary-treasurer of the National Basketball Players Association .   Jones was a four-year letterman at American High School in Hialeah , Florida . He averaged 25 points per game as a senior , earning Class 6A Player of the Year and First Team All-State honors .'
 ""In February that year , she officially signed on to become one of the four judges for the variety talent show America 's Got Talent , replacing Sharon Osbourne from the eighth season onwards . On 1 February 2014 , she was revealed to be a coach on The Voice Kids in Australia , which aired in mid-2014 .""
 ""Antonio Marquis `` L.A. '' Reid ( born June 7 , 1956 ) is an American music executive , musician , songwriter , record producer , author and former television music competition judge . He has served as the chairman and CEO of Epic Records , a division of Sony Music Entertainment , the president and CEO of Arista Records , and the chairman and CEO of the Island Def Jam Music Group .  Reid was also the founder and CEO of Hitco Music Publishing and the co-founder of LaFace Records .""
 ""Carlos Santana ( born July 20 , 1947 ) is a Mexican and American musician who first became famous in the late 1960s and early 1970s with his band , Santana , which pioneered a fusion of rock and Latin American music . The band 's sound featured his melodic , blues-based guitar lines set against Latin and African rhythms featuring percussion instruments such as timbales and congas not generally heard in rock music . Santana continued to work in these forms over the following decades .""]"	SUPPORTS	Is it true that Marcus Bentley is a broadcaster?	SUPPORTS	MISSING	ENTAILMENT	ENTAILMENT	3.288694112000485	241.3916015625	-1	{'retriever': 'dense', 'topk': 10, 'reranker': False, 'prompt_edit': False, 'reindex': False}	NO_FAILURE	{'total_reward': 0.2852176479999192, 'failure_reward': 1.0, 'prediction_reward': 1.0, 'consistency_reward': 0.0, 'factuality_reward': 1.0, 'latency_budget_strict': 1.0, 'vram_budget_strict': 1.0, 'latency_rate': 0.657738822400097, 'vram_rate': 0.0}
0	Saxony is in Ireland.	The provided context does not contain any information about the location of Saxony.	"[""Liberec and Ústí nad Labem Regions ) . Its capital is Dresden , and its largest city is Leipzig .   Saxony is the tenth largest of Germany 's sixteen states , with an area of 18,413 km2 , and the sixth most populous , with 4 million people .   Located in the middle of a large , formerly all German-speaking part of Europe , the history of the state of Saxony spans more than a millennium . It has been a medieval duchy , an electorate of the Holy Roman Empire , a kingdom , and twice a republic .""
 'The area of the modern state of Saxony should not be confused with Old Saxony , the area inhabited by Saxons . Old Saxony corresponds approximately to the modern German states of Lower Saxony , Saxony-Anhalt and the Westphalian part of North Rhine-Westphalia .'
 'The Free State of Saxony ( der Freistaat Sachsen [ ˈfʁaɪ̯ʃtaːt ˈzaksn̩ ] Swobodny stat Sakska ) is a landlocked federal state of Germany , bordering the federal states of Brandenburg , Saxony Anhalt , Thuringia , and Bavaria , as well as the countries of Poland ( Lower Silesian and Lubusz Voivodeships ) and the Czech Republic ( Karlovy Vary ,'
 'Its general position is reminiscent of Europe , with the environs of the Shire intended to be reminiscent of England ( more specifically , the West Midlands , with Hobbiton set at the same latitude as Oxford ) .'
 'Wales has over 1680 mi of coastline and is largely mountainous , with its higher peaks in the north and central areas , including Snowdon ( Yr Wyddfa ) , its highest summit . The country lies within the north temperate zone and has a changeable , maritime climate .   Welsh national identity emerged among the Celtic Britons after the Roman withdrawal from Britain in the 5th century , and Wales is regarded as one of the modern Celtic nations .'
 'Wales ( [ ˈweɪlz ] Cymru [ ˈkəm.rɨ ] ) is a country that is part of the United Kingdom and the island of Great Britain . It is bordered by England to the east , the Irish Sea to the north and west , and the Bristol Channel to the south . It had a population in 2011 of 3,063,456 and has a total area of 20779 km2 .'
 'Mogadishu ( [ ˌmɔːɡəˈdiːʃuː ] Muqdisho [ mʉqdɪʃɔ ] ; مقديشو [ maqadiːʃuː ] ) , known locally as Hamar , is the capital and most populous city of Somalia . Located in the coastal Banaadir region on the Indian Ocean , the city has served as an important port for millennia .'
 ""Over 560,000 Welsh language speakers live in Wales , and the language is spoken by a majority of the population in parts of the north and west . From the late 19th century onwards , Wales acquired its popular image as the `` land of song '' , in part due to the eisteddfod tradition . At many international sporting events , such as the FIFA World Cup , Rugby World Cup and the Commonwealth Games , Wales has its own national teams , though at the Olympic Games , Welsh athletes compete as part of a Great Britain team .""
 ""The city was selected to become the headquarters of the European institution ACP/UE and was named a City of Literature by UNESCO 's Creative Cities Network . The Villa Rosebery , one of the three official residences of the President of Italy , is located in the city 's Posillipo district .   Naples ' historic city centre is the largest in Europe , covering 1700 ha and enclosing 27 centuries of history , and is listed by UNESCO as a World Heritage Site .""
 'The world-famous Grand National horse race takes place annually at Aintree Racecourse on the outskirts of the city .   The city celebrated its 800th anniversary in 2007 , and was European Capital of Culture together with Stavanger , Norway , in 2008 . Several areas of the city centre were granted World Heritage Site status by UNESCO in 2004 . The Liverpool Maritime Mercantile City includes the Pier Head , Albert Dock , and William Brown Street .']"	REFUTES	Is it true that Saxony is located in Ireland?	NOTENOUGHINFO	MISSING	CONTRADICTION	CONTRADICTION	4.478532995000023	281.3427734375	-1	{'retriever': 'dense', 'topk': 10, 'reranker': False, 'prompt_edit': False, 'reindex': False}	WRONG_RESPONSE_FAILURE	{'total_reward': 0.0, 'failure_reward': 0.0, 'prediction_reward': 0.0, 'consistency_reward': 0.0, 'factuality_reward': 0.0, 'latency_budget_strict': 1.0, 'vram_budget_strict': 1.0, 'latency_rate': 0.8957065990000046, 'vram_rate': 0.0}
0	Saxony is in Ireland.	The context does not provide any specific information about the location of Saxony relative to Ireland. Instead, it discusses various aspects of Saxony's geography, politics, and cultural heritage, but none of this information relates to the geographical positioning of Saxony compared to Ireland.	"[""Liberec and Ústí nad Labem Regions ) . Its capital is Dresden , and its largest city is Leipzig .   Saxony is the tenth largest of Germany 's sixteen states , with an area of 18,413 km2 , and the sixth most populous , with 4 million people .   Located in the middle of a large , formerly all German-speaking part of Europe , the history of the state of Saxony spans more than a millennium . It has been a medieval duchy , an electorate of the Holy Roman Empire , a kingdom , and twice a republic .""
 'The area of the modern state of Saxony should not be confused with Old Saxony , the area inhabited by Saxons . Old Saxony corresponds approximately to the modern German states of Lower Saxony , Saxony-Anhalt and the Westphalian part of North Rhine-Westphalia .'
 'The Free State of Saxony ( der Freistaat Sachsen [ ˈfʁaɪ̯ʃtaːt ˈzaksn̩ ] Swobodny stat Sakska ) is a landlocked federal state of Germany , bordering the federal states of Brandenburg , Saxony Anhalt , Thuringia , and Bavaria , as well as the countries of Poland ( Lower Silesian and Lubusz Voivodeships ) and the Czech Republic ( Karlovy Vary ,'
 'Its general position is reminiscent of Europe , with the environs of the Shire intended to be reminiscent of England ( more specifically , the West Midlands , with Hobbiton set at the same latitude as Oxford ) .'
 'Wales has over 1680 mi of coastline and is largely mountainous , with its higher peaks in the north and central areas , including Snowdon ( Yr Wyddfa ) , its highest summit . The country lies within the north temperate zone and has a changeable , maritime climate .   Welsh national identity emerged among the Celtic Britons after the Roman withdrawal from Britain in the 5th century , and Wales is regarded as one of the modern Celtic nations .'
 'Wales ( [ ˈweɪlz ] Cymru [ ˈkəm.rɨ ] ) is a country that is part of the United Kingdom and the island of Great Britain . It is bordered by England to the east , the Irish Sea to the north and west , and the Bristol Channel to the south . It had a population in 2011 of 3,063,456 and has a total area of 20779 km2 .'
 'Mogadishu ( [ ˌmɔːɡəˈdiːʃuː ] Muqdisho [ mʉqdɪʃɔ ] ; مقديشو [ maqadiːʃuː ] ) , known locally as Hamar , is the capital and most populous city of Somalia . Located in the coastal Banaadir region on the Indian Ocean , the city has served as an important port for millennia .'
 ""Over 560,000 Welsh language speakers live in Wales , and the language is spoken by a majority of the population in parts of the north and west . From the late 19th century onwards , Wales acquired its popular image as the `` land of song '' , in part due to the eisteddfod tradition . At many international sporting events , such as the FIFA World Cup , Rugby World Cup and the Commonwealth Games , Wales has its own national teams , though at the Olympic Games , Welsh athletes compete as part of a Great Britain team .""
 ""The city was selected to become the headquarters of the European institution ACP/UE and was named a City of Literature by UNESCO 's Creative Cities Network . The Villa Rosebery , one of the three official residences of the President of Italy , is located in the city 's Posillipo district .   Naples ' historic city centre is the largest in Europe , covering 1700 ha and enclosing 27 centuries of history , and is listed by UNESCO as a World Heritage Site .""
 'The world-famous Grand National horse race takes place annually at Aintree Racecourse on the outskirts of the city .   The city celebrated its 800th anniversary in 2007 , and was European Capital of Culture together with Stavanger , Norway , in 2008 . Several areas of the city centre were granted World Heritage Site status by UNESCO in 2004 . The Liverpool Maritime Mercantile City includes the Pier Head , Albert Dock , and William Brown Street .']"	REFUTES	Is it true that Saxony is located in Ireland?	NOTENOUGHINFO	MISSING	CONTRADICTION	ENTAILMENT	6.661562270000104	301.87841796875	2	{'prompt_edit': 'WR'}	NO_FAILURE	{'total_reward': -0.0, 'failure_reward': 1.0, 'prediction_reward': 0.0, 'consistency_reward': 0.0, 'factuality_reward': 1.0, 'latency_budget_strict': 0.0, 'vram_budget_strict': 1.0, 'latency_rate': 1.3323124540000209, 'vram_rate': 0.0}
0	In the End has baseball in it.	The provided context does not contain any information about the lyrics of the song 'In the End'.	"[""`` In the End '' is a song by American rock band Linkin Park . It is the eighth track on their debut album Hybrid Theory ( 2000 ) and was released as the album 's fourth single October 9 , 2001 . `` In the End '' is one of Linkin Park 's most recognizable and signature songs . It is the second most played song in all of the band 's live performances , after `` One Step Closer '' .""
 ""`` In the End '' received positive reviews by music critics , with most reviewers complimenting the song 's signature piano riff , as well as noting rapper Mike Shinoda 's vocal prominence in the song . `` In the End '' also achieved mainstream popularity , and was a commercial success upon release . The song reached the top ten of numerous worldwide music charts and reached number 2 on the Billboard Hot 100 , the band 's highest peak on the chart , as well as their first song that peaked within the Top 40 .""
 ""It also reached number one on the Z100 Top 100 songs of 2002 countdown . This song also ranked at # 121 in Blender magazine 's The 500 Greatest Songs Since You Were Born . The song is Billboards second most played rock song of the decade . It was also remixed on Reanimation as `` Enth E ND '' . The music video of the song , directed by Nathan Cox and the band 's turntablist Joe Hahn , featured the band in a fantasy setting .""
 'A controversial set of tactics , known as Bodyline , was specifically devised by the England team to curb his scoring . As a captain and administrator , Bradman was committed to attacking , entertaining cricket ; he drew spectators in record numbers . He hated the constant adulation , however , and it affected how he dealt with others . The focus of attention on his individual performances strained relationships with some team-mates , administrators and journalists , who thought him aloof and wary .'
 ""Intended to launch a film and television franchise , the first installment combines elements from several novels in the eight-volume series , taking place partly in modern-day New York City and partly in Mid-World , Roland 's Old West-style parallel universe . Additionally , King has tweeted a photo of the Horn of Eld with the caption `` Last Time Around '' , which relates to the ending of the final book , The Dark Tower VII ; Arcel has said that fans will know the movie is a sequel to the books ' events .""
 ""Subsequently , UK home releases are now titled The Mighty Ducks Are the Champions , reflecting both titles , as well as to possibly avoid confusion with the sequel ( retitled as just The Mighty Ducks ) . The year after the film 's release , an NHL hockey club , named the `` Mighty Ducks '' in reference to the film , was founded in Anaheim , California .""
 ""There was always a struggle to dominate lyrically . But we are now confident enough in who we are , so everybody feels more comfortable contributing more and more valuable , quality stuff '' .""
 'The end of the Cretaceous is defined by the abrupt Cretaceous -- Paleogene boundary ( K -- Pg boundary ) , a geologic signature associated with the mass extinction which lies between the Mesozoic and Cenozoic eras .'
 ""Within his stories , Tolkien translated the name `` Middle-earth '' as Endor ( or sometimes Endórë ) and Ennor in the Elvish languages Quenya and Sindarin respectively , sometimes referring only to the continent that the stories take place on , with another southern continent called the Dark Land .   Middle-earth is the north continent of Earth ( Arda ) in an imaginary period of the Earth 's past  ( Tolkien placed the end of the Third Age at about 6,000 years before his own time ) , in the sense of a `` secondary or sub-creational reality '' .""
 'A video game partly based on the film was released in 2002 titled Men in Black II : Alien Escape .']"	NOTENOUGHINFO	"Does ""In the End"" contain the word ""baseball""?"	NOTENOUGHINFO	MISSING	CONTRADICTION	ENTAILMENT	4.674526916000104	255.9228515625	-1	{'retriever': 'dense', 'topk': 10, 'reranker': False, 'prompt_edit': False, 'reindex': False}	NO_FAILURE	{'total_reward': 0.054245513999982564, 'failure_reward': 1.0, 'prediction_reward': 1.0, 'consistency_reward': 0.0, 'factuality_reward': 1.0, 'latency_budget_strict': 1.0, 'vram_budget_strict': 1.0, 'latency_rate': 0.9349053832000209, 'vram_rate': 0.0}
0	Mel B released a song on Virgin Records in 2007.	Mel B released a song under the Virgin Records label in the year 2007.	"[""In mid-2012 , Brown announced a return to her solo recording career with the release of her third studio album by signing with EMI Music Australia . The scope of the deal with EMI office includes concessions for global partnering with EMI . The first single from the album , `` For Once in My Life '' was released in September 2013 , becoming Brown 's first record to be released after eight years .   Since 2000 , Brown has concentrated on a variety of non-singing projects .""
 ""Brown began her solo career when she released `` I Want You Back '' with Missy Elliott on Virgin Records . The single charted at number one on the UK Singles Chart , followed by the release of her debut album , Hot ( 2000 ) . The album also saw the release of two top 10 singles `` Tell Me '' and `` Feels So Good '' . L.A. State of Mind was Brown 's second studio album , released in 2005 on the independent label Amber Café , which saw the release of one single , `` Today '' in June that year .""
 'The album was released in June 2013 .'
 ""Kesha Rose Sebert ( [ ˈkɛʃə_roʊz_ˈsɛbərt ] ; born March 1 , 1987 ; formerly stylized as Ke $ ha ) is an American singer , songwriter , and rapper . In 2005 , at age 18 , Kesha was signed to producer Dr. Luke 's label Kemosabe Records . Her breakthrough came in early 2009 after appearing on American rapper Flo Rida 's number-one single `` Right Round '' .""
 ""He released his first single , `` Frontin ' '' , in 2003 and followed up with his debut solo album , In My Mind in 2006 . His second album , Girl , was released on March 3 , 2014 . This album was preceded by the commercially successful single , `` Happy '' . As part of the Neptunes , Williams has produced numerous hit singles for various recording artists .""
 'As of November 2013 , she has reportedly sold over 33 million records ( albums , tracks , and ringtones ) in the United States and 60 million records worldwide .   Her recorded output has been curtailed since 2013 due to a legal dispute with her former producer Dr. Luke , in which a series of lawsuits ( known collectively as Kesha v. Dr. Luke ) were exchanged between the two parties . Kesha alleged physical and emotional abuse and employment discrimination against Dr. Luke , while Dr.'
 ""Her debut album , Animal , and her first extended play , Cannibal , were released in 2010 . Kesha 's music and image propelled her to immediate commercial success , with Animal debuting as the number-one album in the United States . She also achieved 3 more number-one singles , `` Tik Tok '' and `` We R Who We R '' as a solo artist , and `` Timber '' as a featured artist , and a string of top-ten singles from the album and its re-release .""
 ""Girl ( stylized as G I R L ) is the second studio album by American singer and record producer Pharrell Williams . The album was released on March 3 , 2014 , through Williams ' label i Am Other and Columbia Records . Girl was Williams ' first studio album since his 2006 debut , In My Mind . It contains appearances by Justin Timberlake , Miley Cyrus , Daft Punk , JoJo and Alicia Keys .   Girl received generally positive reviews from critics .""
 ""In 2005 he independently released his debut album , Telegraph , released under Bell 's own name . His second album , It 's Only Time , was released in 2006 after signing with Universal Motown Records and debuted at # 81 on the Billboard 200 , selling over 23,000 copies its first week of release . It 's Only Time has sold 178,000 copies in the United States as of 2012 . His first video album , Drake Bell In Concert , was released in 2008 .""
 ""She is best known for her song , `` Love or Lust , '' featured in Bill Duke 's film , Deep Cover , as well as for singing choruses to many classic West Coast rap songs such as Snoop Dogg 's `` Gin and Juice '' and Dr. Dre 's `` Let Me Ride '' .""]"	SUPPORTS	Did Mel B release a song under the Virgin Records label in the year 2007?	SUPPORTS	CONSISTENT	NEUTRAL	NEUTRAL	4.622565349999604	301.87841796875	-1	{'retriever': 'dense', 'topk': 10, 'reranker': False, 'prompt_edit': False, 'reindex': False}	NOTENOUGHINFO_FAILURE	{'total_reward': 0.037743465000039556, 'failure_reward': 0.0, 'prediction_reward': 1.0, 'consistency_reward': 1.0, 'factuality_reward': 0.0, 'latency_budget_strict': 1.0, 'vram_budget_strict': 1.0, 'latency_rate': 0.9245130699999209, 'vram_rate': 0.0}
0	Mel B released a song on Virgin Records in 2007.	Mel B released a song under the Virgin Records label in the year 2007.	"[""In mid-2012 , Brown announced a return to her solo recording career with the release of her third studio album by signing with EMI Music Australia . The scope of the deal with EMI office includes concessions for global partnering with EMI . The first single from the album , `` For Once in My Life '' was released in September 2013 , becoming Brown 's first record to be released after eight years .   Since 2000 , Brown has concentrated on a variety of non-singing projects .""
 ""Brown began her solo career when she released `` I Want You Back '' with Missy Elliott on Virgin Records . The single charted at number one on the UK Singles Chart , followed by the release of her debut album , Hot ( 2000 ) . The album also saw the release of two top 10 singles `` Tell Me '' and `` Feels So Good '' . L.A. State of Mind was Brown 's second studio album , released in 2005 on the independent label Amber Café , which saw the release of one single , `` Today '' in June that year .""
 'The album was released in June 2013 .'
 ""Kesha Rose Sebert ( [ ˈkɛʃə_roʊz_ˈsɛbərt ] ; born March 1 , 1987 ; formerly stylized as Ke $ ha ) is an American singer , songwriter , and rapper . In 2005 , at age 18 , Kesha was signed to producer Dr. Luke 's label Kemosabe Records . Her breakthrough came in early 2009 after appearing on American rapper Flo Rida 's number-one single `` Right Round '' .""
 ""He released his first single , `` Frontin ' '' , in 2003 and followed up with his debut solo album , In My Mind in 2006 . His second album , Girl , was released on March 3 , 2014 . This album was preceded by the commercially successful single , `` Happy '' . As part of the Neptunes , Williams has produced numerous hit singles for various recording artists .""
 'As of November 2013 , she has reportedly sold over 33 million records ( albums , tracks , and ringtones ) in the United States and 60 million records worldwide .   Her recorded output has been curtailed since 2013 due to a legal dispute with her former producer Dr. Luke , in which a series of lawsuits ( known collectively as Kesha v. Dr. Luke ) were exchanged between the two parties . Kesha alleged physical and emotional abuse and employment discrimination against Dr. Luke , while Dr.'
 ""Her debut album , Animal , and her first extended play , Cannibal , were released in 2010 . Kesha 's music and image propelled her to immediate commercial success , with Animal debuting as the number-one album in the United States . She also achieved 3 more number-one singles , `` Tik Tok '' and `` We R Who We R '' as a solo artist , and `` Timber '' as a featured artist , and a string of top-ten singles from the album and its re-release .""
 ""Girl ( stylized as G I R L ) is the second studio album by American singer and record producer Pharrell Williams . The album was released on March 3 , 2014 , through Williams ' label i Am Other and Columbia Records . Girl was Williams ' first studio album since his 2006 debut , In My Mind . It contains appearances by Justin Timberlake , Miley Cyrus , Daft Punk , JoJo and Alicia Keys .   Girl received generally positive reviews from critics .""
 ""In 2005 he independently released his debut album , Telegraph , released under Bell 's own name . His second album , It 's Only Time , was released in 2006 after signing with Universal Motown Records and debuted at # 81 on the Billboard 200 , selling over 23,000 copies its first week of release . It 's Only Time has sold 178,000 copies in the United States as of 2012 . His first video album , Drake Bell In Concert , was released in 2008 .""
 ""She is best known for her song , `` Love or Lust , '' featured in Bill Duke 's film , Deep Cover , as well as for singing choruses to many classic West Coast rap songs such as Snoop Dogg 's `` Gin and Juice '' and Dr. Dre 's `` Let Me Ride '' .""
 'Luke , while Dr. Luke claims breach of contract and defamation against Kesha . Kesha has not released any solo studio recordings during the legal dispute , but has continued to perform live , and has appeared as a guest musician in collaborations with other artists , including Zedd , Ben Folds , and The Flaming Lips .'
 ""The album features guest appearances from Diddy , Nicki Minaj , Drake , Ace Hood , Lil Wayne , Birdman , The Weeknd , Rick Ross , 2 Chainz , Max B , Ne-Yo , Machine Gun Kelly , Raekwon , Scarface and Snoop Dogg , among others .   The album 's production was handled by Mike Will Made It , Jahlil Beats , Reefa , Rico Love , Lex Luger and Young Chop , among others .""
 'Melanie Janine Brown ( born 29 May 1975 ) , better known as Mel B or Melanie B , is an English singer , songwriter , presenter , television personality , dancer , actress , author , and model . Brown rose to fame as a member of the girl group the Spice Girls , in which she became known as Scary Spice . Brown is also known for supporting girl power and earlier global tours , which grossed an estimated $ 500 -- 800 million between 1996 and 2000 .'
 'Her 2002 remix album , J to tha L -- O ! The Remixes , became the first in history to debut at number one on the U.S. Billboard 200 . Following her second divorce , Lopez had a high-profile relationship with Ben Affleck , which strongly influenced her third studio album , This Is Me ... Then ( 2002 ) , while also overshadowing the release of Gigli ( 2003 ) , a critical and commercial failure . She subsequently married longtime friend Marc Anthony , and rebounded with the box office successes Shall We Dance ?'
 ""At the same time , she continued to write songs for other artists , including `` Till the World Ends '' for Britney Spears . Warrior , her second studio album , was released in 2012 , spawning her eighth top-ten single `` Die Young '' . `` Tik Tok '' , at one point , was the best-selling digital single in history , selling over 14 million units internationally .   Kesha has been involved with animal rights and LGBT activism . She has received several awards and nominations , including her win for MTV Europe Music Award for Best New Act in 2010 .""
 ""The band did not release a follow-up record until 1996 , with Evil Empire . The band 's third album , The Battle of Los Angeles , followed in 1999 , and in 2003 , the album was ranked number 426 on the same list . During their initial nine-year run , they became one of the most popular and influential bands in music history , according to music journalist Colin Devenish . They were also ranked No. 33 on VH1 's 100 Greatest Artists of Hard Rock .""
 ""In February that year , she officially signed on to become one of the four judges for the variety talent show America 's Got Talent , replacing Sharon Osbourne from the eighth season onwards . On 1 February 2014 , she was revealed to be a coach on The Voice Kids in Australia , which aired in mid-2014 .""
 'Girl received generally positive reviews from critics . It peaked at number one in 12 countries worldwide , also peaking in the top 10 of the charts of 17 other countries . The album has sold 591,000 copies in the United States as of February 2015 .'
 ""In 2010 , Monáe released her critically acclaimed first full-length studio album , The ArchAndroid , a concept album sequel to her first EP ; it was released by Bad Boy Records . The album received critical acclaim and garnered a Best Contemporary R&B Album nomination at the 53rd Annual Grammy Awards . The song `` Tightrope '' was also nominated for Best Urban/Alternative Performance at the same ceremony . With this industry recognition , the album has also been more successful commercially , officially reaching the number 17 spot on the Billboard 200 .""
 'It debuted at # 81 on the Top 100 Mexican Albums Chart . Bell released an EP in 2011 called A Reminder independently . In 2014 , Bell released his third album , Ready Steady Go ! under indie label Surfdog Records . Ready Steady Go ! debuted at # 182 on the Billboard 200 , and sold 2,000 copies in its first week of release .']"	SUPPORTS	Did Mel B release a song under the Virgin Records label in the year 2007?	SUPPORTS	CONSISTENT	NEUTRAL	NEUTRAL	7.358317084000191	833.9833984375	3	{'retriever': 'dense', 'topk': 20, 'reindex': True}	NOTENOUGHINFO_FAILURE	{'total_reward': -0.0, 'failure_reward': 0.0, 'prediction_reward': 1.0, 'consistency_reward': 1.0, 'factuality_reward': 0.0, 'latency_budget_strict': 0.0, 'vram_budget_strict': 1.0, 'latency_rate': 1.4716634168000382, 'vram_rate': 0.0}
0	Noah Cyrus is a younger sister of Macy Grey.	Macy Grey is mentioned as a sister of Miley Cyrus.	"[""Noah Lindsey Cyrus ( born January 8 , 2000 ) is an American actress and singer . She voiced the title role in the English version of the 2009 animated feature film Ponyo . In 2016 , she released her debut single `` Make Me ( Cry ) '' , featuring vocals from Labrinth . Her debut album is set to be released in late 2017 . She is the youngest daughter of Billy Ray Cyrus and younger sister of Miley Cyrus and Trace Cyrus .""
 'When DC Comics adjusted its continuity , Black Canary was established as two separate entities : mother and daughter , Dinah Drake and Dinah Laurel Lance . Stories since the Silver Age have focused on the younger Black Canary , ascribing her superhuman abilities to a genetic mutation she uses as well as her amazing training in martial arts .'
 ""Richard Linklater 's daughter Lorelei plays Mason 's sister , Samantha .   Production began in 2002 and finished in 2013 , with Linklater 's goal to make a film about growing up . The project began without a completed script , with only basic plot points and the ending written initially . Linklater developed the script throughout production , writing the next year 's portion of the film after rewatching the previous year 's footage .""
 ""The show also features Ashleigh Murray as Josie McCoy , the lead singer of the Pussycats , and Madelaine Petsch as Cheryl Blossom , the twin sister of Jason Blossom , who is at the center of the series ' mystery . Other characters in the show include Fred Andrews , Alice Cooper and Hermione Lodge , the parents of Archie , Betty , and Veronica respectively .""
 ""Introduced in the show 's pilot as a naive runaway bride who reunites with her childhood best friend Monica and relocates to New York City , Rachel gradually evolves from a spoiled , inexperienced daddy 's girl into a successful businesswoman . During the show 's second season , the character becomes romantically involved with her friend Ross , with whom she maintains a complicated on-again , off-again relationship throughout the entire series . Together , the characters have a daughter , Emma .""
 ""Together , the characters have a daughter , Emma .   The role of Rachel was originally offered to actresses Téa Leoni , the producer 's first choice , and Courteney Cox , both of whom declined , Leoni in favor of starring in the sitcom The Naked Truth , and Cox in favor of playing Rachel 's best friend Monica in Friends . A virtually unknown actress at the time who had previously starred in five short-lived sitcoms , Aniston auditioned for the role of Rachel after turning down an offer as a cast member on the sketch comedy show Saturday Night Live .""
 ""Since then , she has taken on starring roles in The Perks of Being a Wallflower ( 2012 ) and The Bling Ring ( 2013 ) , made a brief appearance as an exaggerated version of herself in This Is the End ( 2013 ) , and portrayed the title character 's adopted daughter in Noah ( 2014 ) . In 2017 , she portrayed Belle in a live-action adaptation of Beauty and the Beast . Her other releases include Regression ( 2015 ) , Colonia ( 2015 ) and The Circle ( 2017 ) .""
 'Yara Sayeh Shahidi شهیدی [ jɑːɾɑː sɑːje ʃæhiːdiː ] ) ( born February 10 , 2000 ) is an American actress and model . She is best known for playing Zoey on the sitcom Black-ish .'
 ""She also starred as Vanessa Ives in Showtime 's horror drama Penny Dreadful ( 2014 -- 16 ) . Her performance in the series earned her a nomination for Best Actress in a Television Series -- Drama at the 73rd Golden Globe Awards . In 2016 , she played the titular character in Tim Burton 's fantasy film Miss Peregrine 's Home for Peculiar Children .""
 ""McMahon was also a referee , producer , announcer , and eventually a wrestler on-screen , while also becoming WWE 's Executive Vice President of Global Media behind the scenes . He is the great-grandson of Roderick `` Jess '' McMahon , grandson of Vincent J. McMahon , son of WWE Owner/Chairman/CEO Vincent K. McMahon and former WWE CEO Linda McMahon , elder brother of WWE executive/personality Stephanie McMahon , and brother-in-law of WWE executive/wrestler Paul `` Triple H '' Levesque .""]"	REFUTES	Is it true that Noah Cyrus is a younger sister of Macy Grey?	SUPPORTS	MISSING	CONTRADICTION	NEUTRAL	4.657424765000542	302.56494140625	-1	{'retriever': 'dense', 'topk': 10, 'reranker': False, 'prompt_edit': False, 'reindex': False}	WRONG_RESPONSE_FAILURE	{'total_reward': 0.0, 'failure_reward': 0.0, 'prediction_reward': 0.0, 'consistency_reward': 0.0, 'factuality_reward': 0.0, 'latency_budget_strict': 1.0, 'vram_budget_strict': 1.0, 'latency_rate': 0.9314849530001084, 'vram_rate': 0.0}
0	Noah Cyrus is a younger sister of Macy Grey.	Noah Cyrus is mentioned as the youngest daughter of Billy Ray Cyrus and younger sister of Miley Cyrus and Trace Cyrus, which implies she is not a younger sister of Macy Grey.	"[""Noah Lindsey Cyrus ( born January 8 , 2000 ) is an American actress and singer . She voiced the title role in the English version of the 2009 animated feature film Ponyo . In 2016 , she released her debut single `` Make Me ( Cry ) '' , featuring vocals from Labrinth . Her debut album is set to be released in late 2017 . She is the youngest daughter of Billy Ray Cyrus and younger sister of Miley Cyrus and Trace Cyrus .""
 'When DC Comics adjusted its continuity , Black Canary was established as two separate entities : mother and daughter , Dinah Drake and Dinah Laurel Lance . Stories since the Silver Age have focused on the younger Black Canary , ascribing her superhuman abilities to a genetic mutation she uses as well as her amazing training in martial arts .'
 ""Richard Linklater 's daughter Lorelei plays Mason 's sister , Samantha .   Production began in 2002 and finished in 2013 , with Linklater 's goal to make a film about growing up . The project began without a completed script , with only basic plot points and the ending written initially . Linklater developed the script throughout production , writing the next year 's portion of the film after rewatching the previous year 's footage .""
 ""The show also features Ashleigh Murray as Josie McCoy , the lead singer of the Pussycats , and Madelaine Petsch as Cheryl Blossom , the twin sister of Jason Blossom , who is at the center of the series ' mystery . Other characters in the show include Fred Andrews , Alice Cooper and Hermione Lodge , the parents of Archie , Betty , and Veronica respectively .""
 ""Introduced in the show 's pilot as a naive runaway bride who reunites with her childhood best friend Monica and relocates to New York City , Rachel gradually evolves from a spoiled , inexperienced daddy 's girl into a successful businesswoman . During the show 's second season , the character becomes romantically involved with her friend Ross , with whom she maintains a complicated on-again , off-again relationship throughout the entire series . Together , the characters have a daughter , Emma .""
 ""Together , the characters have a daughter , Emma .   The role of Rachel was originally offered to actresses Téa Leoni , the producer 's first choice , and Courteney Cox , both of whom declined , Leoni in favor of starring in the sitcom The Naked Truth , and Cox in favor of playing Rachel 's best friend Monica in Friends . A virtually unknown actress at the time who had previously starred in five short-lived sitcoms , Aniston auditioned for the role of Rachel after turning down an offer as a cast member on the sketch comedy show Saturday Night Live .""
 ""Since then , she has taken on starring roles in The Perks of Being a Wallflower ( 2012 ) and The Bling Ring ( 2013 ) , made a brief appearance as an exaggerated version of herself in This Is the End ( 2013 ) , and portrayed the title character 's adopted daughter in Noah ( 2014 ) . In 2017 , she portrayed Belle in a live-action adaptation of Beauty and the Beast . Her other releases include Regression ( 2015 ) , Colonia ( 2015 ) and The Circle ( 2017 ) .""
 'Yara Sayeh Shahidi شهیدی [ jɑːɾɑː sɑːje ʃæhiːdiː ] ) ( born February 10 , 2000 ) is an American actress and model . She is best known for playing Zoey on the sitcom Black-ish .'
 ""She also starred as Vanessa Ives in Showtime 's horror drama Penny Dreadful ( 2014 -- 16 ) . Her performance in the series earned her a nomination for Best Actress in a Television Series -- Drama at the 73rd Golden Globe Awards . In 2016 , she played the titular character in Tim Burton 's fantasy film Miss Peregrine 's Home for Peculiar Children .""
 ""McMahon was also a referee , producer , announcer , and eventually a wrestler on-screen , while also becoming WWE 's Executive Vice President of Global Media behind the scenes . He is the great-grandson of Roderick `` Jess '' McMahon , grandson of Vincent J. McMahon , son of WWE Owner/Chairman/CEO Vincent K. McMahon and former WWE CEO Linda McMahon , elder brother of WWE executive/personality Stephanie McMahon , and brother-in-law of WWE executive/wrestler Paul `` Triple H '' Levesque .""]"	REFUTES	Is it true that Noah Cyrus is a younger sister of Macy Grey?	REFUTES	MISSING	CONTRADICTION	NEUTRAL	6.116255547000037	388.8310546875	1	{'prompt_edit': 'WP'}	WRONG_RESPONSE_FAILURE	{'total_reward': -0.0, 'failure_reward': 0.0, 'prediction_reward': 1.0, 'consistency_reward': 0.0, 'factuality_reward': 0.0, 'latency_budget_strict': 0.0, 'vram_budget_strict': 1.0, 'latency_rate': 1.2232511094000074, 'vram_rate': 0.0}
0	Mohra is a truck.	The provided context does not contain any information about Mohra being a truck.	"['Mohra ( Pawn ) is a 1994 Indian action thriller film directed by Rajiv Rai starring Akshay Kumar , Sunil Shetty , Raveena Tandon and Naseeruddin Shah in the lead roles with Paresh Rawal , Gulshan Grover , Raza Murad and Sadashiv Amrapurkar in supporting roles . The film was released on 1 July 1994 and went on to become the second highest grossing Indian film of 1994 .   The film got nine Filmfare nominations in 1995 .'
 'The film got nine Filmfare nominations in 1995 . It was the first time where the trio of Akshay Kumar , Sunil Shetty and Paresh Rawal worked together . Originally Divya Bharti was considered for the female lead and she also completed shooting for many scenes of the film , but after her death , Raveena Tandon was roped into the project as her replacement .   The film is also remembered for its songs which became chartbusters in that year .'
 ""The popularity of the song `` Tu Cheez Badi Hai Mast Mast '' , which was picturised on Raveena Tandon led to her being nicknamed `` The mast mast girl '' .""
 'Mogadishu ( [ ˌmɔːɡəˈdiːʃuː ] Muqdisho [ mʉqdɪʃɔ ] ; مقديشو [ maqadiːʃuː ] ) , known locally as Hamar , is the capital and most populous city of Somalia . Located in the coastal Banaadir region on the Indian Ocean , the city has served as an important port for millennia .'
 'Tata Motors Limited ( formerly TELCO , short for Tata Engineering and Locomotive Company ) is an Indian multinational automotive manufacturing company headquartered in Mumbai , India , and a member of the Tata Group . Its products include passenger cars , trucks , vans , coaches , buses , sports cars , construction equipment and military vehicles .   Tata Motors has auto manufacturing and assembly plants in Jamshedpur , Pantnagar , Lucknow , Sanand , Dharwad , and Pune in India , as well as in Argentina , South Africa , Great Britain and Thailand .'
 ""It has research and development centres in Pune , Jamshedpur , Lucknow , and Dharwad , India and in South Korea , Great Britain and Spain . Tata Motors ' principal subsidiaries purchased the English premium car maker Jaguar Land Rover ( the maker of Jaguar and Land Rover cars ) and the South Korean commercial vehicle manufacturer Tata Daewoo . Tata Motors has a bus-manufacturing joint venture with Marcopolo S.A.""
 ""Tata Motors entered the passenger vehicle market in 1991 with the launch of the Tata Sierra , becoming the first Indian manufacturer to achieve the capability of developing a competitive indigenous automobile . In 1998 , Tata launched the first fully indigenous Indian passenger car , the Indica , and in 2008 launched the Tata Nano , the world 's cheapest car . Tata Motors acquired the South Korean truck manufacturer Daewoo Commercial Vehicles Company in 2004 and purchased Jaguar Land Rover from Ford in 2008 .""
 ""Tata Motors is listed on the ( BSE ) Bombay Stock Exchange , where it is a constituent of the BSE SENSEX index , the National Stock Exchange of India , and the New York Stock Exchange . The company is ranked 226th on the Fortune Global 500 list of the world 's biggest corporations as of 2016 .   On 17 January 2017 , Natarajan Chandrasekaran was appointed chairman of the company .  . The company plans to introduce a new compact SUV named NEXON in Q4 of 2017 .""
 ""Shane Lee Lindstrom ( born February 11 , 1994 ) , professionally known as Murda Beatz , is a Canadian hip hop record producer from Fort Erie , Ontario . He is noted for producing songs such as `` No Shopping '' by rapper French Montana , `` Back on Road '' by rapper Gucci Mane , Lindstrom has also produced several tracks for various artists such as Drake , Migos , Travis Scott and PartyNextDoor , among others .""
 ""Villa Somalia is the official residential palace and principal workplace of the President of Somalia , Mohamed Abdullahi Mohamed . In May 2012 , the First Somali Bank was established in the capital , which organized Mogadishu 's first ever Technology , Entertainment , Design ( TEDx ) conference . The establishment of a local construction yard has also galvanized the city 's real-estate sector . Arba'a Rukun Mosque is one of the oldest Islamic places of worship in the capital , built circa 667 ( 1268/9 AD ) .""]"	REFUTES	Is it true that Mohra is a truck?	NOTENOUGHINFO	MISSING	CONTRADICTION	ENTAILMENT	4.385164882000026	312.140625	-1	{'retriever': 'dense', 'topk': 10, 'reranker': False, 'prompt_edit': False, 'reindex': False}	NO_FAILURE	{'total_reward': 0.06148351179999734, 'failure_reward': 1.0, 'prediction_reward': 0.0, 'consistency_reward': 0.0, 'factuality_reward': 1.0, 'latency_budget_strict': 1.0, 'vram_budget_strict': 1.0, 'latency_rate': 0.8770329764000053, 'vram_rate': 0.0}
0	Hourglass is performed by a Russian singer-songwriter.	The context does not provide any specific information about an hourglass being performed by a Russian singer-songwriter.	"[""Rolling Stone found that `` one of the themes of this record is disbelief '' , while Taylor told the magazine that it was `` spirituals for agnostics . '' Critics embraced the dark themes on the album , and Hourglass was a huge commercial success , reaching # 9 on the Billboard 200 ( Taylor 's first Top 10 album in sixteen years ) and also provided a big adult contemporary hit on `` Little More Time With You '' .""
 ""Hourglass is singer-songwriter James Taylor 's fourteenth studio album . Taylor 's first studio album in six years was released in 1997 to glowing notices . It built upon the success of his previous effort , New Moon Shine .   Hourglass was an introspective album that earned Taylor his best critical reviews in almost twenty years . The album 's lyrics focused largely on Taylor 's troubled past and family .""
 'The album also gave Taylor his first Grammy since JT , when he was honored with Best Pop Album in 1998 .   There is an Enhanced CD version of the album containing interviews , photos , and videos .'
 ""The lyrical themes revolve around her personal views of fame , love , sex , feminism , self-empowerment , overcoming addiction , and reactions to media scrutiny ; references include Greek and Roman mythology , and classic jazz and electronic musician Sun Ra . Artpop also features guest vocals from T.I. , Too Short , Twista , and R. Kelly .   The release of Artpop was prefaced by a two-day album release party dubbed an `` ArtRave '' .""
 ""It was followed by promotional singles `` Venus '' and `` Dope '' shortly before the album 's release . `` G.U.Y. '' was the third and last single released from the album . Gaga promoted Artpop with several television appearances and performances , including her second Thanksgiving Day special . She also embarked on the ArtRave : The Artpop Ball tour in support of the album .""
 ""Gaga has performed `` Bad Romance '' on various television programs , such as Saturday Night Live , at various award ceremonies , such as the 2009 American Music Awards , and in three of her tours , the most recent being ArtRave : The Artpop Ball .""
 ""Gaga described Artpop as `` a celebration and a poetic musical journey '' and an exploration of the `` reverse Warholian '' phenomenon in pop culture . It displays an intentional `` lack of maturity and responsibility '' by comparison to the darker and anthemic nature of Born This Way . Gaga collaborated with longtime partners Paul `` DJ White Shadow '' Blair and RedOne and new partners Zedd and Madeon .""
 'Artpop ( stylized as ARTPOP ) is the third studio album by American singer Lady Gaga , released on November 6 , 2013 , by Streamline and Interscope Records . Gaga began planning the project in 2011 , shortly after the launch of her second studio album , Born This Way . Work continued until 2013 while Gaga was traveling for her Born This Way Ball concert tour and recovering from surgery for an injury she had sustained while touring .'
 'Over the course of his career he has worked with artists including Fifth Harmony , Kenneth Babyface Edmonds , Bobby Brown , Johnny Gill , Boyz II Men , Outkast , Toni Braxton , TLC , Mariah Carey , Avril Lavigne , Paula Abdul , Pink , Justin Bieber , Meghan Trainor , Rihanna , Kanye West , Usher , Ne-Yo , 21 Savage , Young Jeezy , Ciara , Zara Larsson , Jidenna , Jennifer Lopez , Future , Travis Scott and Rick Ross .'
 ""Apart from her group 's activities , she has established herself as an actress , notably through her participation in the original and Korean versions of stage musicals including Moon Embracing the Sun , Gone with the Wind and Mamma Mia . She also starred in the drama `` Moon Lovers : Scarlet Heart Ryeo '' . She debuted as a solo artist with her debut mini album , Do n't Say No , on January 17 , 2017 , making her the third Girls ' Generation member to debut as a solo artist .""]"	REFUTES	Is it true that an hourglass is performed by a Russian singer-songwriter?	NOTENOUGHINFO	MISSING	CONTRADICTION	CONTRADICTION	5.100452843000312	274.01513671875	-1	{'retriever': 'dense', 'topk': 10, 'reranker': False, 'prompt_edit': False, 'reindex': False}	WRONG_RESPONSE_FAILURE	{'total_reward': -0.0, 'failure_reward': 0.0, 'prediction_reward': 0.0, 'consistency_reward': 0.0, 'factuality_reward': 0.0, 'latency_budget_strict': 0.0, 'vram_budget_strict': 1.0, 'latency_rate': 1.0200905686000623, 'vram_rate': 0.0}
0	Hourglass is performed by a Russian singer-songwriter.	James Taylor's first studio album in six years, Hourglass, was released in 1997.	"[""Hourglass is singer-songwriter James Taylor 's fourteenth studio album . Taylor 's first studio album in six years was released in 1997 to glowing notices . It built upon the success of his previous effort , New Moon Shine .   Hourglass was an introspective album that earned Taylor his best critical reviews in almost twenty years . The album 's lyrics focused largely on Taylor 's troubled past and family .""
 ""Rolling Stone found that `` one of the themes of this record is disbelief '' , while Taylor told the magazine that it was `` spirituals for agnostics . '' Critics embraced the dark themes on the album , and Hourglass was a huge commercial success , reaching # 9 on the Billboard 200 ( Taylor 's first Top 10 album in sixteen years ) and also provided a big adult contemporary hit on `` Little More Time With You '' .""
 'The album also gave Taylor his first Grammy since JT , when he was honored with Best Pop Album in 1998 .   There is an Enhanced CD version of the album containing interviews , photos , and videos .']"	REFUTES	Is it true that an hourglass is performed by a Russian singer-songwriter?	REFUTES	MISSING	CONTRADICTION	ENTAILMENT	4.118298499000048	84.98779296875	0	{'reranker': True}	NO_FAILURE	{'total_reward': 0.14695025016665875, 'failure_reward': 1.0, 'prediction_reward': 1.0, 'consistency_reward': 0.0, 'factuality_reward': 1.0, 'latency_budget_strict': 1.0, 'vram_budget_strict': 1.0, 'latency_rate': 0.8236596998000095, 'vram_rate': 0.0}
0	Shane Black was born in 1961.	Shane Black was born in 1961.	"['On February 22 , 2016 , he returned to the WWE as an on-screen character .'
 'In 2013 , he co-wrote and directed Iron Man 3 , which as of mid-2017 ranks as the twelfth highest-grossing film worldwide .'
 ""On the centenary of his birth , 27 August 2008 , the Royal Australian Mint issued a $ 5 commemorative gold coin with Bradman 's image . In 2009 , he was inducted into the ICC Cricket Hall of Fame .""
 ""Born in Gah ( now in Punjab , Pakistan ) , Singh 's family migrated to India during its partition in 1947 . After obtaining his doctorate in economics from Oxford , Singh worked for the United Nations during 1966 -- 69 . He subsequently began his bureaucratic career when Lalit Narayan Mishra hired him as an advisor in the Ministry of Foreign Trade .""
 'David Wayne Spade ( born July 22 , 1964 ) is an American actor , stand-up comedian , writer and television personality . He rose to fame in the 1990s as a cast member on Saturday Night Live , then began a successful acting career in both film and television . He also starred and co-starred in the films Tommy Boy , Black Sheep , Joe Dirt , Joe Dirt 2 : Beautiful Loser , Grown Ups , and Grown Ups 2 , among others .'
 'Shane Black ( born December 16 , 1961 ) is an American screenwriter , director , producer and actor , known for writing the 1987 action film hit Lethal Weapon , and his directorial debut with the film Kiss Kiss Bang Bang in 2005 . His acting credits include appearing in Predator , the first film in the series of which he is currently set to write and direct the next installment , The Predator .'
 ""Shane Brandon McMahon ( born January 15 , 1970 ) is an American businessman and part-time professional wrestler who is a minority owner of WWE and the vice-chairman of Wecast Holdings Inc. . He is currently the on-screen commissioner of WWE 's weekly television show SmackDown Live .   McMahon is a fourth-generation wrestling promoter as a member of the McMahon family . He began working in WWE at age 15 , starting in their warehouse , where he filled merchandise orders .""
 ""McMahon was also a referee , producer , announcer , and eventually a wrestler on-screen , while also becoming WWE 's Executive Vice President of Global Media behind the scenes . He is the great-grandson of Roderick `` Jess '' McMahon , grandson of Vincent J. McMahon , son of WWE Owner/Chairman/CEO Vincent K. McMahon and former WWE CEO Linda McMahon , elder brother of WWE executive/personality Stephanie McMahon , and brother-in-law of WWE executive/wrestler Paul `` Triple H '' Levesque .""
 'Albert S. Ruddy ( born March 28 , 1930 ) is a Canadian-born film and television producer .'
 'He began his professional career in 1953 , working in the studio of Joe Simon and Jack Kirby , beginning as an inker and coming under the influence of artist Mort Meskin . During this time , he then began his long association with Charlton Comics , where he did work in the genres of science fiction , horror , and mystery . He also co-created the superhero Captain Atom in 1960 .   During the 1950s , Ditko also drew for Atlas Comics , a forerunner of Marvel Comics . He went on to contribute much significant work to Marvel .']"	SUPPORTS	Was Shane Black born in the year 1961?	REFUTES	CONSISTENT	CONTRADICTION	CONTRADICTION	4.103729003999433	231.29052734375	-1	{'retriever': 'dense', 'topk': 10, 'reranker': False, 'prompt_edit': False, 'reindex': False}	WRONG_RESPONSE_FAILURE	{'total_reward': 0.029875699866685552, 'failure_reward': 0.0, 'prediction_reward': 0.0, 'consistency_reward': 1.0, 'factuality_reward': 0.0, 'latency_budget_strict': 1.0, 'vram_budget_strict': 1.0, 'latency_rate': 0.8207458007998867, 'vram_rate': 0.0}
0	Shane Black was born in 1961.	The provided context does not contain any specific birth date information for Shane Black.	"['Shane Black ( born December 16 , 1961 ) is an American screenwriter , director , producer and actor , known for writing the 1987 action film hit Lethal Weapon , and his directorial debut with the film Kiss Kiss Bang Bang in 2005 . His acting credits include appearing in Predator , the first film in the series of which he is currently set to write and direct the next installment , The Predator .'
 ""Shane Brandon McMahon ( born January 15 , 1970 ) is an American businessman and part-time professional wrestler who is a minority owner of WWE and the vice-chairman of Wecast Holdings Inc. . He is currently the on-screen commissioner of WWE 's weekly television show SmackDown Live .   McMahon is a fourth-generation wrestling promoter as a member of the McMahon family . He began working in WWE at age 15 , starting in their warehouse , where he filled merchandise orders .""
 'In 2013 , he co-wrote and directed Iron Man 3 , which as of mid-2017 ranks as the twelfth highest-grossing film worldwide .']"	SUPPORTS	Was Shane Black born in the year 1961?	NOTENOUGHINFO	MISSING	ENTAILMENT	CONTRADICTION	3.567303283000001	81.24462890625	0	{'reranker': True}	WRONG_RESPONSE_FAILURE	{'total_reward': 0.0, 'failure_reward': 0.0, 'prediction_reward': 0.0, 'consistency_reward': 0.0, 'factuality_reward': 0.0, 'latency_budget_strict': 1.0, 'vram_budget_strict': 1.0, 'latency_rate': 0.7134606566000002, 'vram_rate': 0.0}
0	A View to a Kill is an action movie.	A View to a Kill is indeed an action movie.	"['Despite the fact that John was murdered in Saw III , the films continue to focus on the posthumous influence of the Jigsaw Killer and his apprentices by exploring his character via flashbacks .   The film series as a whole has received mostly mixed to negative reviews by critics , but has been a financial success at the box office and is one of the highest grossing horror film franchies of all time .'
 ""While the films are often compared to the American horror film Hostel ( 2005 ) and classified as torture porn by critics , the creators of Saw disagree with the term `` torture porn '' . Writer Luke Y. Thompson of OC Weekly argued that , unlike Hostel , the Saw films actually have less torture than most in the sense of sadism or masochism , as Jigsaw believes that those who survive his methods will be stronger people for it . He called him a kind of a '' ( deranged ) philanthropist '' .""
 'Her breakthrough role was in the film Demolition Man ( 1993 ) . She subsequently starred in several successful films including Speed ( 1994 ) , While You Were Sleeping ( 1995 ) , The Net ( 1995 ) , A Time to Kill ( 1996 ) , Hope Floats ( 1998 ) , and Practical Magic ( 1998 ) .'
 'Saw is an American horror franchise distributed by Lions Gate Entertainment , produced by Twisted Pictures and created by two Australians , director James Wan and screenwriter Leigh Whannell , that consists of seven feature films and additional media . In 2003 , James Wan and Leigh Whannell created a short film to help pitch as a potential feature film . This was successfully done in 2004 with the release of the first installment at the Sundance Film Festival . It was released theatrically that October .'
 ""However , in November 2013 , it was reported that they were in active development of a sequel .   The franchise revolves around John Kramer , also called the `` Jigsaw Killer '' or simply `` Jigsaw '' . He was introduced briefly in Saw and developed in more detail in Saw II . Rather than killing his victims outright , Jigsaw traps them in situations that he calls `` tests '' or `` games '' to test their will to live through physical or psychological torture .""
 ""Penn directed one of the 11 segments of 11 ' 09 `` 01 September 11 ( 2002 ) , a compilation film made in response to the September 11 attacks . His fourth feature film , the biographical drama survival movie Into the Wild ( 2007 ) , garnered critical acclaim and two Academy Award nominations .""
 'The film is about Cataleya ( Amandla Stenberg ) , a nine-year-old girl in Colombia whose family is killed by drug lord named Don Luis Sandoval ( Beto Benites ) . Fifteen years later , a 24-year-old Cataleya ( Zoe Saldana ) has become an accomplished assassin . Even though Don Luis is now in the witness protection program in the U.S.'
 ""Hush is a 2016 American horror film directed and edited by Mike Flanagan , starring Kate Siegel , and written by both . The film co-stars John Gallagher Jr. , Michael Trucco , Samantha Sloyan , and Emilia `` Emma '' Graves . The film was produced by Trevor Macy , through Intrepid Pictures , and Jason Blum through his Blumhouse Productions banner .""
 ""Both of the creators remained with the franchise as executive producers . On July 22 , 2010 , producer Mark Burg confirmed that the seventh film , Saw 3D , is the final installment of the series . Series creators James Wan and Leigh Whannell are still open to continuing the series , however , if they can do something `` different '' with the material . The films collectively grossed over $ 873 million at the box office worldwide . Lionsgate reportedly expressed interest in continuing the franchise in 2012 with a reboot .""
 'For the 2007 film , see The Savages   Savages is a 2012 American crime thriller film directed by Oliver Stone . It is based on the novel of the same name by Don Winslow . The screenplay was written by Shane Salerno , Stone , and Winslow .']"	NOTENOUGHINFO	"Is it true that ""A View to a Kill"" is an action movie?"	SUPPORTS	MISSING	CONTRADICTION	CONTRADICTION	4.476522529000249	297.0966796875	-1	{'retriever': 'dense', 'topk': 10, 'reranker': False, 'prompt_edit': False, 'reindex': False}	WRONG_RESPONSE_FAILURE	{'total_reward': 0.0, 'failure_reward': 0.0, 'prediction_reward': 0.0, 'consistency_reward': 0.0, 'factuality_reward': 0.0, 'latency_budget_strict': 1.0, 'vram_budget_strict': 1.0, 'latency_rate': 0.8953045058000498, 'vram_rate': 0.0}
0	A View to a Kill is an action movie.	A View to a Kill is not an action movie.	"['Despite the fact that John was murdered in Saw III , the films continue to focus on the posthumous influence of the Jigsaw Killer and his apprentices by exploring his character via flashbacks .   The film series as a whole has received mostly mixed to negative reviews by critics , but has been a financial success at the box office and is one of the highest grossing horror film franchies of all time .'
 ""While the films are often compared to the American horror film Hostel ( 2005 ) and classified as torture porn by critics , the creators of Saw disagree with the term `` torture porn '' . Writer Luke Y. Thompson of OC Weekly argued that , unlike Hostel , the Saw films actually have less torture than most in the sense of sadism or masochism , as Jigsaw believes that those who survive his methods will be stronger people for it . He called him a kind of a '' ( deranged ) philanthropist '' .""
 'Her breakthrough role was in the film Demolition Man ( 1993 ) . She subsequently starred in several successful films including Speed ( 1994 ) , While You Were Sleeping ( 1995 ) , The Net ( 1995 ) , A Time to Kill ( 1996 ) , Hope Floats ( 1998 ) , and Practical Magic ( 1998 ) .'
 'Saw is an American horror franchise distributed by Lions Gate Entertainment , produced by Twisted Pictures and created by two Australians , director James Wan and screenwriter Leigh Whannell , that consists of seven feature films and additional media . In 2003 , James Wan and Leigh Whannell created a short film to help pitch as a potential feature film . This was successfully done in 2004 with the release of the first installment at the Sundance Film Festival . It was released theatrically that October .'
 ""However , in November 2013 , it was reported that they were in active development of a sequel .   The franchise revolves around John Kramer , also called the `` Jigsaw Killer '' or simply `` Jigsaw '' . He was introduced briefly in Saw and developed in more detail in Saw II . Rather than killing his victims outright , Jigsaw traps them in situations that he calls `` tests '' or `` games '' to test their will to live through physical or psychological torture .""
 ""Penn directed one of the 11 segments of 11 ' 09 `` 01 September 11 ( 2002 ) , a compilation film made in response to the September 11 attacks . His fourth feature film , the biographical drama survival movie Into the Wild ( 2007 ) , garnered critical acclaim and two Academy Award nominations .""
 'The film is about Cataleya ( Amandla Stenberg ) , a nine-year-old girl in Colombia whose family is killed by drug lord named Don Luis Sandoval ( Beto Benites ) . Fifteen years later , a 24-year-old Cataleya ( Zoe Saldana ) has become an accomplished assassin . Even though Don Luis is now in the witness protection program in the U.S.'
 ""Hush is a 2016 American horror film directed and edited by Mike Flanagan , starring Kate Siegel , and written by both . The film co-stars John Gallagher Jr. , Michael Trucco , Samantha Sloyan , and Emilia `` Emma '' Graves . The film was produced by Trevor Macy , through Intrepid Pictures , and Jason Blum through his Blumhouse Productions banner .""
 ""Both of the creators remained with the franchise as executive producers . On July 22 , 2010 , producer Mark Burg confirmed that the seventh film , Saw 3D , is the final installment of the series . Series creators James Wan and Leigh Whannell are still open to continuing the series , however , if they can do something `` different '' with the material . The films collectively grossed over $ 873 million at the box office worldwide . Lionsgate reportedly expressed interest in continuing the franchise in 2012 with a reboot .""
 'For the 2007 film , see The Savages   Savages is a 2012 American crime thriller film directed by Oliver Stone . It is based on the novel of the same name by Don Winslow . The screenplay was written by Shane Salerno , Stone , and Winslow .']"	NOTENOUGHINFO	"Is it true that ""A View to a Kill"" is an action movie?"	REFUTES	MISSING	CONTRADICTION	CONTRADICTION	4.867096035999566	381.66015625	1	{'prompt_edit': 'WP'}	WRONG_RESPONSE_FAILURE	{'total_reward': 0.0, 'failure_reward': 0.0, 'prediction_reward': 0.0, 'consistency_reward': 0.0, 'factuality_reward': 0.0, 'latency_budget_strict': 1.0, 'vram_budget_strict': 1.0, 'latency_rate': 0.9734192071999133, 'vram_rate': 0.0}
0	Papua comprised all of Indonesia.	The provided context does not contain any specific information about Papua's inclusion within Indonesian territory.	"['In Saigon , the anti-Communist State of Vietnam , led by former Emperor Bảo Đại , was granted independence in 1949 . On 9 November 1953 , the Kingdom of Laos and the Kingdom of Cambodia became independent . Following the Geneva Accord of 1954 , the French evacuated Vietnam and French Indochina came to an end .'
 'was a grouping of French colonial territories in Southeast Asia .   A grouping of the three Vietnamese regions of Tonkin ( north ) , Annam ( centre ) , and Cochinchina ( south ) with Cambodia was formed in 1887 . Laos was added in 1893 and the leased Chinese territory of Guangzhouwan in 1898 . The capital was moved from Saigon ( in Cochinchina ) to Hanoi ( Tonkin ) in 1902 and again to Da Lat ( Annam ) in 1939 .'
 'An independent Vietnamese state was formed in 939 , following a Vietnamese victory in the Battle of Bạch Đằng River . Successive Vietnamese imperial dynasties flourished as the nation expanded geographically and politically into Southeast Asia , until the Indochina Peninsula was colonized by the French in the mid-19th century . Following a Japanese occupation in the 1940s , the Vietnamese fought French rule in the First Indochina War , eventually expelling the French in 1954 .'
 'Vietnam is bordered by China to the north , Laos to the northwest , Cambodia to the southwest , Thailand across the Gulf of Thailand to the southwest , and the Philippines , Malaysia and Indonesia across the South China Sea to the east and southeast . Its capital city has been Hanoi since the reunification of North and South Vietnam in 1976 , with Ho Chi Minh City as a historical city as well .   The northern part of Vietnam was part of Imperial China for over a millennium , from 111 BC to AD 939 .'
 ""Despite this island group 's northerly latitude , temperatures average above freezing throughout the year because of the Gulf Stream .   Between 1035 and 1814 , the Faeroes were part of the Hereditary Kingdom of Norway . In 1814 , the Treaty of Kiel granted Denmark control over the islands , along with two other Norwegian island possessions : Greenland and Iceland . The Faroe Islands have been a self-governing country within the Kingdom of Denmark since 1948 . The Faroese have control of most domestic matters .""
 'frequently abbreviated to Đông Pháp ; ຝຣັ່ງແຫຼັມອິນດູຈີນ Cantonese : ) , officially known as the Indochinese Union ( Union indochinoise ) after 1887 and the Indochinese Federation ( Fédération indochinoise ) after 1947 , was a grouping of French colonial territories in Southeast Asia .'
 'Kentucky ( [ kənˈtʌki ] , ) , officially the Commonwealth of Kentucky , is a state located in the east south-central region of the United States . Kentucky is one of four U.S. states constituted as a commonwealth ( the others being Virginia , Pennsylvania , and Massachusetts ) . Originally a part of Virginia , in 1792 Kentucky became the 15th state to join the Union . Kentucky is the 37th most extensive and the 26th most populous of the 50 United States .'
 'Popular culture has attributed various disappearances to the paranormal or activity by extraterrestrial beings . Documented evidence indicates that a significant percentage of the incidents were spurious , inaccurately reported , or embellished by later authors .'
 'In 1945 it was moved back to Hanoi .   After the Fall of France during World War II , the colony was administered by the Vichy government and was under Japanese occupation until March 1945 , when the Japanese overthrew the colonial regime . Beginning in May 1941 , the Viet Minh , a communist army led by [ Ho Chi Minh , Hồ Chí Minh ] , began a revolt against the Japanese . In August 1945 they declared Vietnamese independence and extended the war , known as the First Indochina War , against France .'
 'He was court martialed in 1971 for his role in the My Lai Massacre , but acquitted the same year .']"	NOTENOUGHINFO	Was it true that Papua was entirely included within the territory of Indonesia?	NOTENOUGHINFO	MISSING	CONTRADICTION	ENTAILMENT	3.9886505829999805	287.88232421875	-1	{'retriever': 'dense', 'topk': 10, 'reranker': False, 'prompt_edit': False, 'reindex': False}	NO_FAILURE	{'total_reward': 0.16855823616666987, 'failure_reward': 1.0, 'prediction_reward': 1.0, 'consistency_reward': 0.0, 'factuality_reward': 1.0, 'latency_budget_strict': 1.0, 'vram_budget_strict': 1.0, 'latency_rate': 0.7977301165999962, 'vram_rate': 0.0}
0	There are not rumors that Augustus' wife, Livia, poisoned him.	There were unconfirmed rumors that Augustus' wife Livia poisoned him.	"['He reformed the Roman system of taxation , developed networks of roads with an official courier system , established a standing army , established the Praetorian Guard , created official police and fire-fighting services for Rome , and rebuilt much of the city during his reign .   Augustus died in AD 14 at the age of 75 . He probably died from natural causes , although there were unconfirmed rumors that his wife Livia poisoned him . He was succeeded as Emperor by his adopted son ( also stepson and former son-in-law ) Tiberius .'
 'Lepidus was driven into exile and stripped of his position , and Antony committed suicide following his defeat at the Battle of Actium by Octavian in 31 BC .   After the demise of the Second Triumvirate , Augustus restored the outward façade of the free Republic , with governmental power vested in the Roman Senate , the executive magistrates , and the legislative assemblies . In reality , however , he retained his autocratic power over the Republic as a military dictator .'
 'Augustus ( [ Imperator , Imperātor Caesar Divi filius , Dīvī Fīlius Augustus ( honorific ) , Augustus ] Classical Latin spelling and reconstructed Classical Latin pronunciation of the names of Augustus :  [ ˈɡaː.i.ʊs ɔkˈtaː.wi.ʊs ]  [ ˈɡaː.i.ʊs ˈjuː.li.ʊs ˈkae̯.sar ɔk.'
 ""The dates of his rule are contemporary dates ; Augustus lived under two calendars , the Roman Republican until 45 BC , and the Julian after 45 BC . Due to departures from Julius Caesar 's intentions , Augustus finished restoring the Julian calendar in March AD 4 , and the correspondence between the proleptic Julian calendar and the calendar observed in Rome is uncertain before 8 BC .""
 ""( Blackburn & Holford-Strevens 2003 : 670 -- 1 )   He was born Gaius Octavius into an old and wealthy equestrian branch of the plebeian gens Octavia . His maternal great-uncle Julius Caesar was assassinated in 44 BC , and Octavius was named in Caesar 's will as his adopted son and heir , then known as Octavianus ( Anglicized as Octavian ) .""
 'He , Mark Antony , and Marcus Lepidus formed the Second Triumvirate to defeat the assassins of Caesar . Following their victory at the Battle of Philippi , the Triumvirate divided the Roman Republic among themselves and ruled as military dictators.As part of the Triumvirate , Octavian ruled the Western provinces , Antony ruled the Eastern provinces , and Lepidus ruled Africa . The Triumvirate was eventually torn apart by the competing ambitions of its members .'
 ""tʊs ] , occurs in inscriptions . [ Imperator Caesar Divi Filius Augustus , ] means `` Commander Caesar , Son of the God [ Julius Caesar ] , the Venerable '' . 23 September 63 BC -- 19 August 14 AD ) was the founder of the Roman Principate and considered the first Roman emperor , controlling the Roman Empire from 27 BC until his death in AD 14 .""
 ""The reign of Augustus initiated an era of relative peace known as the Pax Romana ( The Roman Peace ) . The Roman world was largely free from large-scale conflict for more than two centuries , despite continuous wars of imperial expansion on the Empire 's frontiers and the year-long civil war known as the `` Year of the Four Emperors '' over the imperial succession .""
 'Augustus dramatically enlarged the Empire , annexing Egypt , Dalmatia , Pannonia , Noricum , and Raetia ; expanding possessions in Africa ; expanding into Germania ; and completing the conquest of Hispania .   Beyond the frontiers , he secured the Empire with a buffer region of client states and made peace with the Parthian Empire through diplomacy .'
 'sar ɔk.taː.wiˈaː.nʊs ]  [ ɪm.pɛˈraː.tɔr ˈkae̯.sar ˈdiː.wiː ˈfiː.li.ʊs au̯ˈgʊs.tʊs ]  The spelling , indicating the pronunciation [ aˈgʊs.tʊs ] , occurs in inscriptions .']"	REFUTES	Is it true that there are no rumors suggesting that Augustus' wife, Livia, poisoned him?	REFUTES	CONSISTENT	CONTRADICTION	ENTAILMENT	5.00296571600029	284.32861328125	-1	{'retriever': 'dense', 'topk': 10, 'reranker': False, 'prompt_edit': False, 'reindex': False}	NO_FAILURE	{'total_reward': -0.0, 'failure_reward': 1.0, 'prediction_reward': 1.0, 'consistency_reward': 1.0, 'factuality_reward': 1.0, 'latency_budget_strict': 0.0, 'vram_budget_strict': 1.0, 'latency_rate': 1.0005931432000579, 'vram_rate': 0.0}
0	Jennifer Lopez made a single.	Jennifer Lopez did release one song.	"['Her 2002 remix album , J to tha L -- O ! The Remixes , became the first in history to debut at number one on the U.S. Billboard 200 . Following her second divorce , Lopez had a high-profile relationship with Ben Affleck , which strongly influenced her third studio album , This Is Me ... Then ( 2002 ) , while also overshadowing the release of Gigli ( 2003 ) , a critical and commercial failure . She subsequently married longtime friend Marc Anthony , and rebounded with the box office successes Shall We Dance ?'
 ""For her role in Out of Sight the following year , Lopez became the first Latina actress to earn over for a film . She ventured into the music industry in 1999 with her debut studio album On the 6 , preceded by the number-one single `` If You Had My Love '' .   With the simultaneous release of her second studio album J.Lo and her film The Wedding Planner in 2001 , Lopez became the first woman to have a number one album and film in the same week . Her 2002 remix album , J to tha L -- O !""
 ""( 2004 ) and Monster-in-Law ( 2005 ) . Her fifth studio album , Como Ama una Mujer ( 2007 ) , received the highest first-week sales for a debut Spanish album in the United States . Lopez gave birth to twins in 2008 , and after a relatively unsuccessful period , returned to prominence in 2011 with her appearance as a judge on American Idol and most commercially successful single to date , `` On the Floor '' , which is one of the best-selling singles of all time .""
 'Jennifer Lynn Lopez ( born July 24 , 1969 ) , also known as JLo , is an American singer , actress , dancer , fashion designer , author , and producer . Lopez gained her first high-profile job as a Fly Girl dancer on In Living Color in 1991 , where she remained a regular until she decided to pursue an acting career in 1993 . She received her first leading role in the Selena biopic of the same name in 1997 , a portrayal that earned her a Golden Globe nomination .'
 'For her contributions to the arts , Lopez has received a landmark star on the Hollywood Walk of Fame and the Billboard Icon Award , among other honors . Beyond entertainment , she enjoys a successful business career consisting of various clothing lines , accessories , fragrances , a production company , and a charitable foundation , among other ventures .'
 'Janelle Monáe Robinson ( born December 1 , 1985 ) ( [ dʒəˈnɛl_moʊˈneɪ ] ) is an American singer , songwriter , actress , and model signed to her own imprint , Wondaland Arts Society , and Atlantic Records . After making a mark with her first unofficial studio album , The Audition , she publicly debuted with a conceptual EP titled Metropolis : Suite I ( The Chase ) , which peaked at number 115 on the Billboard 200 in the United States .'
 'In 2016 , she began starring as Harlee Santos in the crime drama series Shades of Blue .   With a cumulative film gross of over and global record sales exceeding 80 million , she is regarded as the most influential Hispanic performer in the United States , as well as its highest paid Latin entertainer . Time listed her as one of the 25 most influential Hispanic Americans , and in 2012 , Forbes ranked her as the most powerful celebrity in the world , as well as the 38th most powerful woman in the world .'
 ""Apart from her group 's activities , she has established herself as an actress , notably through her participation in the original and Korean versions of stage musicals including Moon Embracing the Sun , Gone with the Wind and Mamma Mia . She also starred in the drama `` Moon Lovers : Scarlet Heart Ryeo '' . She debuted as a solo artist with her debut mini album , Do n't Say No , on January 17 , 2017 , making her the third Girls ' Generation member to debut as a solo artist .""
 'The album was released in June 2013 .'
 ""Perry stated its lyrics are `` about the magical beauty of a woman '' . The song sparked controversy for its homosexual themes .   The song topped the Billboard Hot 100 chart for seven consecutive weeks , becoming the 1,000 th number-one song of the rock era . The single has sold over 4.7 million digital copies in the US alone .""]"	SUPPORTS	Did Jennifer Lopez release one song?	SUPPORTS	MISSING	ENTAILMENT	CONTRADICTION	3.8788423189998866	298.80078125	-1	{'retriever': 'dense', 'topk': 10, 'reranker': False, 'prompt_edit': False, 'reindex': False}	WRONG_RESPONSE_FAILURE	{'total_reward': 0.07474384540000756, 'failure_reward': 0.0, 'prediction_reward': 1.0, 'consistency_reward': 0.0, 'factuality_reward': 0.0, 'latency_budget_strict': 1.0, 'vram_budget_strict': 1.0, 'latency_rate': 0.7757684637999773, 'vram_rate': 0.0}
0	Jennifer Lopez made a single.	Jennifer Lopez released one song.	"['Her 2002 remix album , J to tha L -- O ! The Remixes , became the first in history to debut at number one on the U.S. Billboard 200 . Following her second divorce , Lopez had a high-profile relationship with Ben Affleck , which strongly influenced her third studio album , This Is Me ... Then ( 2002 ) , while also overshadowing the release of Gigli ( 2003 ) , a critical and commercial failure . She subsequently married longtime friend Marc Anthony , and rebounded with the box office successes Shall We Dance ?'
 ""For her role in Out of Sight the following year , Lopez became the first Latina actress to earn over for a film . She ventured into the music industry in 1999 with her debut studio album On the 6 , preceded by the number-one single `` If You Had My Love '' .   With the simultaneous release of her second studio album J.Lo and her film The Wedding Planner in 2001 , Lopez became the first woman to have a number one album and film in the same week . Her 2002 remix album , J to tha L -- O !""
 ""( 2004 ) and Monster-in-Law ( 2005 ) . Her fifth studio album , Como Ama una Mujer ( 2007 ) , received the highest first-week sales for a debut Spanish album in the United States . Lopez gave birth to twins in 2008 , and after a relatively unsuccessful period , returned to prominence in 2011 with her appearance as a judge on American Idol and most commercially successful single to date , `` On the Floor '' , which is one of the best-selling singles of all time .""]"	SUPPORTS	Did Jennifer Lopez release one song?	SUPPORTS	MISSING	ENTAILMENT	CONTRADICTION	2.917599013999279	105.32177734375	0	{'reranker': True}	WRONG_RESPONSE_FAILURE	{'total_reward': 0.13882673240004806, 'failure_reward': 0.0, 'prediction_reward': 1.0, 'consistency_reward': 0.0, 'factuality_reward': 0.0, 'latency_budget_strict': 1.0, 'vram_budget_strict': 1.0, 'latency_rate': 0.5835198027998558, 'vram_rate': 0.0}
0	A working animal is trained to perform life saving tasks.	Horses are trained for various working activities, including police work, agriculture, entertainment, and therapy.	"['There are more than 300 breeds of horse in the world today , developed for many different uses .   Horses and humans interact in a wide variety of sport competitions and non-competitive recreational pursuits , as well as in working activities such as police work , agriculture , entertainment , and therapy . Horses were historically used in warfare , from which a wide variety of riding and driving techniques developed , using many different styles of equipment and methods of control . Many products are derived from horses , including meat , milk , hide , hair , bone , and pharmaceuticals extracted from the urine of pregnant mares .'
 'Humans provide domesticated horses with food , water and shelter , as well as attention from specialists such as veterinarians and farriers .'
 ""Horses ' anatomy enables them to make use of speed to escape predators and they have a well-developed sense of balance and a strong fight-or-flight response . Related to this need to flee from predators in the wild is an unusual trait : horses are able to sleep both standing up and lying down . Female horses , called mares , carry their young for approximately 11 months , and a young horse , called a foal , can stand and run shortly following birth . Most domesticated horses begin training under saddle or in harness between the ages of two and four .""
 ""They reach full adult development by age five , and have an average lifespan of between 25 and 30 years .   Horse breeds are loosely divided into three categories based on general temperament : spirited `` hot bloods '' with speed and endurance ; `` cold bloods '' , such as draft horses and some ponies , suitable for slow , heavy work ; and `` warmbloods '' , developed from crosses between hot bloods and cold bloods , often focusing on creating breeds for specific riding purposes , particularly in Europe .""
 ""Horses in the subspecies caballus are domesticated , although some domesticated populations live in the wild as feral horses . These feral populations are not true wild horses , as this term is used to describe horses that have never been domesticated , such as the endangered Przewalski 's horse , a separate subspecies , and the only remaining true wild horse . There is an extensive , specialized vocabulary used to describe equine-related concepts , covering everything from anatomy to life stages , size , colors , markings , breeds , locomotion , and behavior .""
 'The cells of the brain include neurons and supportive glial cells . There are more than 86 billion neurons in the brain and a more or less equal number of other cells . Brain activity is made possible by the interconnections of neurons that are linked together to reach their targets . These connections form various neural networks of neural pathways and circuits . The whole circuitry of the brain is driven by the process of neurotransmission .   The brain is protected by the skull , suspended in cerebrospinal fluid , and isolated from the bloodstream by the blood -- brain barrier .'
 'Examining the medical history of people with brain injury has also provided great insight into the function of each part of the brain .'
 'Malignant tumours mostly originate from sites outside the brain .   The study of the anatomy of the brain is neuroanatomy , while the study of its function is neuroscience . A number of different techniques are used to study the brain . Brain specimens from other animals , which may be examined microscopically , have been a traditional source of much information . Medical imaging technologies such as functional neuroimaging and electroencephalography ( EEG ) recordings are important techniques in studying the brain .'
 'The horse ( Equus ferus caballus ) is one of two extant subspecies of Equus ferus . It is an odd-toed ungulate mammal belonging to the taxonomic family Equidae . The horse has evolved over the past 45 to 55 million years from a small multi-toed creature , Eohippus , into the large , single-toed animal of today . Humans began to domesticate horses around 4000 BC , and their domestication is believed to have been widespread by 3000 BC .'
 'The human brain is the central organ of the human nervous system . The human brain , with the spinal cord , makes up the central nervous system . The brain consists of the cerebrum , the brainstem and the cerebellum . The brain is the organ that controls most of the activities of the body . The brain processes , integrates , and coordinates all of the information it receives from the sense organs . Sensory information is interpreted and analysed , and decisions are made as to the instructions transmitted to the rest of the body .']"	NOTENOUGHINFO	Is it true that a working animal is trained specifically to perform life-saving tasks?	SUPPORTS	MISSING	ENTAILMENT	NEUTRAL	5.068960691999564	286.6513671875	-1	{'retriever': 'dense', 'topk': 10, 'reranker': False, 'prompt_edit': False, 'reindex': False}	WRONG_RESPONSE_FAILURE	{'total_reward': -0.0, 'failure_reward': 0.0, 'prediction_reward': 0.0, 'consistency_reward': 0.0, 'factuality_reward': 0.0, 'latency_budget_strict': 0.0, 'vram_budget_strict': 1.0, 'latency_rate': 1.013792138399913, 'vram_rate': 0.0}
0	A working animal is trained to perform life saving tasks.	A horse is a working animal that is trained specifically to perform life-saving tasks through various forms of veterinary care and emergency response services.	"['There are more than 300 breeds of horse in the world today , developed for many different uses .   Horses and humans interact in a wide variety of sport competitions and non-competitive recreational pursuits , as well as in working activities such as police work , agriculture , entertainment , and therapy . Horses were historically used in warfare , from which a wide variety of riding and driving techniques developed , using many different styles of equipment and methods of control . Many products are derived from horses , including meat , milk , hide , hair , bone , and pharmaceuticals extracted from the urine of pregnant mares .'
 'Humans provide domesticated horses with food , water and shelter , as well as attention from specialists such as veterinarians and farriers .'
 ""Horses ' anatomy enables them to make use of speed to escape predators and they have a well-developed sense of balance and a strong fight-or-flight response . Related to this need to flee from predators in the wild is an unusual trait : horses are able to sleep both standing up and lying down . Female horses , called mares , carry their young for approximately 11 months , and a young horse , called a foal , can stand and run shortly following birth . Most domesticated horses begin training under saddle or in harness between the ages of two and four .""
 ""They reach full adult development by age five , and have an average lifespan of between 25 and 30 years .   Horse breeds are loosely divided into three categories based on general temperament : spirited `` hot bloods '' with speed and endurance ; `` cold bloods '' , such as draft horses and some ponies , suitable for slow , heavy work ; and `` warmbloods '' , developed from crosses between hot bloods and cold bloods , often focusing on creating breeds for specific riding purposes , particularly in Europe .""
 ""Horses in the subspecies caballus are domesticated , although some domesticated populations live in the wild as feral horses . These feral populations are not true wild horses , as this term is used to describe horses that have never been domesticated , such as the endangered Przewalski 's horse , a separate subspecies , and the only remaining true wild horse . There is an extensive , specialized vocabulary used to describe equine-related concepts , covering everything from anatomy to life stages , size , colors , markings , breeds , locomotion , and behavior .""
 'The cells of the brain include neurons and supportive glial cells . There are more than 86 billion neurons in the brain and a more or less equal number of other cells . Brain activity is made possible by the interconnections of neurons that are linked together to reach their targets . These connections form various neural networks of neural pathways and circuits . The whole circuitry of the brain is driven by the process of neurotransmission .   The brain is protected by the skull , suspended in cerebrospinal fluid , and isolated from the bloodstream by the blood -- brain barrier .'
 'Examining the medical history of people with brain injury has also provided great insight into the function of each part of the brain .'
 'Malignant tumours mostly originate from sites outside the brain .   The study of the anatomy of the brain is neuroanatomy , while the study of its function is neuroscience . A number of different techniques are used to study the brain . Brain specimens from other animals , which may be examined microscopically , have been a traditional source of much information . Medical imaging technologies such as functional neuroimaging and electroencephalography ( EEG ) recordings are important techniques in studying the brain .'
 'The horse ( Equus ferus caballus ) is one of two extant subspecies of Equus ferus . It is an odd-toed ungulate mammal belonging to the taxonomic family Equidae . The horse has evolved over the past 45 to 55 million years from a small multi-toed creature , Eohippus , into the large , single-toed animal of today . Humans began to domesticate horses around 4000 BC , and their domestication is believed to have been widespread by 3000 BC .'
 'The human brain is the central organ of the human nervous system . The human brain , with the spinal cord , makes up the central nervous system . The brain consists of the cerebrum , the brainstem and the cerebellum . The brain is the organ that controls most of the activities of the body . The brain processes , integrates , and coordinates all of the information it receives from the sense organs . Sensory information is interpreted and analysed , and decisions are made as to the instructions transmitted to the rest of the body .']"	NOTENOUGHINFO	Is it true that a working animal is trained specifically to perform life-saving tasks?	SUPPORTS	MISSING	ENTAILMENT	NEUTRAL	5.49117611299971	307.41259765625	2	{'prompt_edit': 'WR'}	WRONG_RESPONSE_FAILURE	{'total_reward': -0.0, 'failure_reward': 0.0, 'prediction_reward': 0.0, 'consistency_reward': 0.0, 'factuality_reward': 0.0, 'latency_budget_strict': 0.0, 'vram_budget_strict': 1.0, 'latency_rate': 1.098235222599942, 'vram_rate': 0.0}
0	Billboard Dad is a genre of music.	Rhythm Nation 1814's success and recognition across various charts indicate that it falls under the category of music.	"[""Creedence Clearwater Revival 's music is still a staple of U.S. radio airplay ; the band has sold 26 million albums in the United States alone . Rolling Stone ranked the band 82nd on its list of the 100 greatest artists of all time .""
 ""In the United States , it peaked at number two on the Billboard Hot 100 and topped the Hot R&B / Hip-Hop Songs and Dance Club Songs singles charts . It also peak within the top 40 of most singles charts worldwide . `` Rhythm Nation '' received several accolades , including BMI Pop Awards for `` Most Played Song '' , a Billboard Award for `` Top Dance/Club Play Single '' and Grammy Award nomination for Jackson as `` Producer of the Year . ''""
 'Underground scenes produced an array of more aggressive styles : thrash metal broke into the mainstream with bands such as Metallica , Megadeth , Slayer , and Anthrax , while other extreme subgenres of metal such as death metal and black metal remain subcultural phenomena . Since the mid-1990s popular styles have further expanded the definition of the genre .'
 'Dub is a genre of music that grew out of reggae in the 1960s , and is commonly considered a subgenre , though it has developed to extend beyond the scope of reggae . Music in this genre consists predominantly of instrumental remixes of existing recordings and is achieved by significantly manipulating and reshaping the recordings , usually by removing the vocals from an existing music piece , and emphasizing the drum and bass parts ( this stripped-down track is sometimes referred to as a riddim ) .'
 'Similar experiments with recordings at the mixing desk outside of the dancehall environment were also done by producers Clive Chin and Herman Chin Loy . These producers , especially Ruddock and Perry , looked upon the mixing console as an instrument , manipulating tracks to come up with something new and different .  Dub has influenced many genres of music , including rock ( most significantly the subgenre of post-punk and other kinds of punk ) , pop , hip hop , disco , and later house , techno , ambient , electronic dance music , and trip hop .'
 ""Gaga described Artpop as `` a celebration and a poetic musical journey '' and an exploration of the `` reverse Warholian '' phenomenon in pop culture . It displays an intentional `` lack of maturity and responsibility '' by comparison to the darker and anthemic nature of Born This Way . Gaga collaborated with longtime partners Paul `` DJ White Shadow '' Blair and RedOne and new partners Zedd and Madeon .""
 'Heavy metal ( or simply metal ) is a genre of rock music that developed in the late 1960s and early 1970s , largely in the United Kingdom and the United States . With roots in blues rock and psychedelic/acid rock , the bands that created heavy metal developed a thick , massive sound , characterized by highly amplified distortion , extended guitar solos , emphatic beats , and overall loudness . Heavy metal lyrics and performance styles are sometimes associated with aggression and machismo .'
 ""The Rhythm Nation 1814 film won a Grammy Award for Best Long Form Music Video . The video 's outfit was inducted into the National Museum of Women in the Arts and Rock & Roll Hall of Fame , where its hand-written lyrics are also used in the museum 's class on female songwriters .   Artists such as Sleigh Bells , Jamie Lidell , and Kylie Minogue have cited the song as an influence , while artists including Lady Gaga , Peter Andre , OK Go , Mickey Avalon , Usher , and Britney Spears have referenced its music video .""
 ""Due to Tool 's incorporation of visual arts and very long and complex releases , the band is generally described as a style-transcending act and part of progressive rock , psychedelic rock , and art rock . The relationship between the band and today 's music industry is ambivalent , at times marked by censorship , and the band 's insistence on privacy .""
 ""Heavy metal lyrics and performance styles are sometimes associated with aggression and machismo .   In 1968 , the first heavy metal bands such as Led Zeppelin , Black Sabbath and Deep Purple attracted large audiences , though they were often derided by critics . During the mid-1970s , Judas Priest helped spur the genre 's evolution by discarding much of its blues influence ; Motörhead introduced a punk rock sensibility and an increasing emphasis on speed .""]"	NOTENOUGHINFO	Is it true that Billboard Dad is a genre of music?	SUPPORTS	CONSISTENT	CONTRADICTION	NEUTRAL	5.059934851000435	284.50732421875	-1	{'retriever': 'dense', 'topk': 10, 'reranker': False, 'prompt_edit': False, 'reindex': False}	WRONG_RESPONSE_FAILURE	{'total_reward': -0.0, 'failure_reward': 0.0, 'prediction_reward': 0.0, 'consistency_reward': 1.0, 'factuality_reward': 0.0, 'latency_budget_strict': 0.0, 'vram_budget_strict': 1.0, 'latency_rate': 1.011986970200087, 'vram_rate': 0.0}
0	Billboard Dad is a genre of music.	The context states that heavy metal is a genre of rock music that developed in the late 1960s and early 1970s, largely in the United Kingdom and the United States. It describes heavy metal as having roots in blues rock and psychedelic/acid rock, developing a thick, massive sound characterized by amplified distortion, extended guitar solos, emphatic beats, and overall loudness. However, it does not mention anything about Billboard Dad being a genre of music.	"[""Creedence Clearwater Revival 's music is still a staple of U.S. radio airplay ; the band has sold 26 million albums in the United States alone . Rolling Stone ranked the band 82nd on its list of the 100 greatest artists of all time .""
 ""In the United States , it peaked at number two on the Billboard Hot 100 and topped the Hot R&B / Hip-Hop Songs and Dance Club Songs singles charts . It also peak within the top 40 of most singles charts worldwide . `` Rhythm Nation '' received several accolades , including BMI Pop Awards for `` Most Played Song '' , a Billboard Award for `` Top Dance/Club Play Single '' and Grammy Award nomination for Jackson as `` Producer of the Year . ''""
 'Underground scenes produced an array of more aggressive styles : thrash metal broke into the mainstream with bands such as Metallica , Megadeth , Slayer , and Anthrax , while other extreme subgenres of metal such as death metal and black metal remain subcultural phenomena . Since the mid-1990s popular styles have further expanded the definition of the genre .'
 'Dub is a genre of music that grew out of reggae in the 1960s , and is commonly considered a subgenre , though it has developed to extend beyond the scope of reggae . Music in this genre consists predominantly of instrumental remixes of existing recordings and is achieved by significantly manipulating and reshaping the recordings , usually by removing the vocals from an existing music piece , and emphasizing the drum and bass parts ( this stripped-down track is sometimes referred to as a riddim ) .'
 'Similar experiments with recordings at the mixing desk outside of the dancehall environment were also done by producers Clive Chin and Herman Chin Loy . These producers , especially Ruddock and Perry , looked upon the mixing console as an instrument , manipulating tracks to come up with something new and different .  Dub has influenced many genres of music , including rock ( most significantly the subgenre of post-punk and other kinds of punk ) , pop , hip hop , disco , and later house , techno , ambient , electronic dance music , and trip hop .'
 ""Gaga described Artpop as `` a celebration and a poetic musical journey '' and an exploration of the `` reverse Warholian '' phenomenon in pop culture . It displays an intentional `` lack of maturity and responsibility '' by comparison to the darker and anthemic nature of Born This Way . Gaga collaborated with longtime partners Paul `` DJ White Shadow '' Blair and RedOne and new partners Zedd and Madeon .""
 'Heavy metal ( or simply metal ) is a genre of rock music that developed in the late 1960s and early 1970s , largely in the United Kingdom and the United States . With roots in blues rock and psychedelic/acid rock , the bands that created heavy metal developed a thick , massive sound , characterized by highly amplified distortion , extended guitar solos , emphatic beats , and overall loudness . Heavy metal lyrics and performance styles are sometimes associated with aggression and machismo .'
 ""The Rhythm Nation 1814 film won a Grammy Award for Best Long Form Music Video . The video 's outfit was inducted into the National Museum of Women in the Arts and Rock & Roll Hall of Fame , where its hand-written lyrics are also used in the museum 's class on female songwriters .   Artists such as Sleigh Bells , Jamie Lidell , and Kylie Minogue have cited the song as an influence , while artists including Lady Gaga , Peter Andre , OK Go , Mickey Avalon , Usher , and Britney Spears have referenced its music video .""
 ""Due to Tool 's incorporation of visual arts and very long and complex releases , the band is generally described as a style-transcending act and part of progressive rock , psychedelic rock , and art rock . The relationship between the band and today 's music industry is ambivalent , at times marked by censorship , and the band 's insistence on privacy .""
 ""Heavy metal lyrics and performance styles are sometimes associated with aggression and machismo .   In 1968 , the first heavy metal bands such as Led Zeppelin , Black Sabbath and Deep Purple attracted large audiences , though they were often derided by critics . During the mid-1970s , Judas Priest helped spur the genre 's evolution by discarding much of its blues influence ; Motörhead introduced a punk rock sensibility and an increasing emphasis on speed .""]"	NOTENOUGHINFO	Is it true that Billboard Dad is a genre of music?	REFUTES	CONSISTENT	CONTRADICTION	NEUTRAL	7.969691162000345	365.751953125	1	{'prompt_edit': 'WP'}	WRONG_RESPONSE_FAILURE	{'total_reward': -0.0, 'failure_reward': 0.0, 'prediction_reward': 0.0, 'consistency_reward': 1.0, 'factuality_reward': 0.0, 'latency_budget_strict': 0.0, 'vram_budget_strict': 1.0, 'latency_rate': 1.593938232400069, 'vram_rate': 0.0}
0	Vedam was written and directed by Christopher Nolan.	The provided context does not contain any information about Christopher Nolan writing and directing Vedam.	"['Andrew Kevin Walker ( born August 14 , 1964 ) is an American BAFTA-nominated screenwriter . He is known for having written Seven ( 1995 ) , for which he earned a nomination for the BAFTA Award for Best Original Screenplay , as well as several other films , including 8mm ( 1999 ) , Sleepy Hollow ( 1999 ) and many uncredited script rewrites .'
 'Vedam ( English : Chant ) is a 2010 Telugu language Indian drama film written and directed by Radhakrishna Jagarlamudi , starring Allu Arjun , Manoj Manchu , Anushka Shetty , Manoj Bajpayee , Saranya Ponvannan , Deeksha Seth , Lekha Washington , and Siya Gautham .'
 ""He also collaborated with them as the director of the television series Spaced .   He also co-wrote , produced and directed the 2010 film Scott Pilgrim vs. the World . Along with his friends Joe Cornish and Steven Moffat , he co-wrote Steven Spielberg 's The Adventures of Tintin : The Secret of the Unicorn . Wright and Cornish co-wrote the screenplay for the Marvel Studios film Ant-Man , which Wright was intended to direct before departing the project .""
 'Broadly falling into the Hyperlink cinema genre , the film was critically acclaimed , receiving several accolades including four Filmfare Awards ( Best Movie , Best Director , Best Actor and Best Actress ) and had a decent run at the box office as well .   The film was dubbed in Malayalam and Krish later remade the film in Tamil as Vaanam ( 2011 ) , with Silambarasan , Bharath and Prakash Raj , while Anushka and Saranya reprised their roles .'
 'The screenplay was written by Shane Salerno , Stone , and Winslow . The film was released on July 6 , 2012 , and stars Taylor Kitsch , Blake Lively , Aaron Taylor-Johnson , Demian Bichir , Benicio del Toro , Salma Hayek , John Travolta and Emile Hirsch .'
 'He also won the BAFTA Award for Best Original Screenplay for Manchester by the Sea at the 70th British Academy Film Awards .'
 ""Daniel Thomas `` Dan '' O'Bannon ( September 30 , 1946 -- December 17 , 2009 ) was an American film screenwriter , director , visual effects supervisor , and occasional actor , usually in the science fiction and horror genres .   O'Bannon is best known for having written the screenplay for Alien , adapted from a story he wrote with Ronald Shusett . He also contributed computer animation to Star Wars , worked on cult classics such as Dark Star , Heavy Metal and Total Recall , and both wrote and directed the horror comedy The Return of the Living Dead .""
 'Southpaw is a 2015 American sports drama film directed by Antoine Fuqua , written by Kurt Sutter and starring Jake Gyllenhaal , Forest Whitaker and Rachel McAdams . The film follows a young boxer who sets out to get his life back on track after losing his wife in an accident and his young daughter to protective services . The film was released on July 24 , 2015 , by The Weinstein Company .'
 ""and Terry Southern ; it was Lardner 's first major studio work since his 1947 blacklisting as one of The Hollywood Ten . The film was directed by Norman Jewison and stars Steve McQueen in the title role and Edward G. Robinson as Howard . Jewison , who replaced original director Sam Peckinpah shortly after filming began , describes The Cincinnati Kid as his `` ugly duckling '' film . He considers it the film that allowed him to transition from the lighter comedic films he had previously been making and take on more serious films and subjects .""
 'In 2013 , he co-wrote and directed Iron Man 3 , which as of mid-2017 ranks as the twelfth highest-grossing film worldwide .']"	REFUTES	Did Christopher Nolan write and direct Vedam?	NOTENOUGHINFO	MISSING	CONTRADICTION	ENTAILMENT	3.704103729000053	271.90673828125	-1	{'retriever': 'dense', 'topk': 10, 'reranker': False, 'prompt_edit': False, 'reindex': False}	NO_FAILURE	{'total_reward': 0.12958962709999466, 'failure_reward': 1.0, 'prediction_reward': 0.0, 'consistency_reward': 0.0, 'factuality_reward': 1.0, 'latency_budget_strict': 1.0, 'vram_budget_strict': 1.0, 'latency_rate': 0.7408207458000107, 'vram_rate': 0.0}
0	Men in Black II stars eight children.	The provided context does not contain any information specifically addressing the number of children men in black ii stars.	"['When DC Comics adjusted its continuity , Black Canary was established as two separate entities : mother and daughter , Dinah Drake and Dinah Laurel Lance . Stories since the Silver Age have focused on the younger Black Canary , ascribing her superhuman abilities to a genetic mutation she uses as well as her amazing training in martial arts .'
 'Men in Black II ( stylized as MIIB ) is a 2002 American science fiction action comedy film starring Tommy Lee Jones , Will Smith , Lara Flynn Boyle , Johnny Knoxville , Rosario Dawson , Tony Shalhoub and Rip Torn . The film is a sequel to the 1997 film Men in Black and was followed by Men in Black 3 , released in 2012 . This series of films is based on the Malibu / Marvel comic book series The Men in Black by Lowell Cunningham .'
 'A video game partly based on the film was released in 2002 titled Men in Black II : Alien Escape .'
 ""She was number 26 on Comics Buyer 's Guide 's `` 100 Sexiest Women in Comics '' list .""
 ""Tatum Beatrice O'Neal ( born November 5 , 1963 ) is an American actress and author . She is the youngest person ever to win a competitive Academy Award , which she won in 1974 at age 10 for her performance as Addie Loggins in Paper Moon opposite her father , Ryan O'Neal . She also starred in The Bad News Bears , in 1976 , followed by Nickelodeon ( 1976 ) , and Little Darlings ( 1980 ) .""
 'Black Canary has been adapted into various media , including direct-to-video animated films , video games , and both live-action and animated television series , featuring as a main or recurring character in the shows Birds of Prey , Justice League Unlimited , Smallville , Batman : The Brave and the Bold , Young Justice and Arrow . The character is ranked the 71st-greatest comic book character of all time by Wizard , and IGN rated her its 81st-greatest all-time comic book hero .'
 'Yara Sayeh Shahidi شهیدی [ jɑːɾɑː sɑːje ʃæhiːdiː ] ) ( born February 10 , 2000 ) is an American actress and model . She is best known for playing Zoey on the sitcom Black-ish .'
 ""Richard Linklater 's daughter Lorelei plays Mason 's sister , Samantha .   Production began in 2002 and finished in 2013 , with Linklater 's goal to make a film about growing up . The project began without a completed script , with only basic plot points and the ending written initially . Linklater developed the script throughout production , writing the next year 's portion of the film after rewatching the previous year 's footage .""
 'Kidman was also nominated for a Golden Globe Award for Best Actress in Drama and a BAFTA Award for Best Actress in a Leading Role , with Amenábar being nominated for a BAFTA Award for Best Original Screenplay , a rare occurrence for a horror film .'
 ""all four with his wife Lauren Bacall ; The Treasure of the Sierra Madre ( 1948 ) ; In a Lonely Place ( 1950 ) ; The African Queen ( 1951 ; Oscar winner ) ; Sabrina ( 1954 ) ; The Caine Mutiny ( 1954 ; Oscar nomination ) ; and We 're No Angels ( 1955 ) . His last film was The Harder They Fall ( 1956 ) .   During a film career of almost 30 years , Bogart appeared in more than 75 feature films .""]"	NOTENOUGHINFO	Do men in black ii stars eight children?	NOTENOUGHINFO	MISSING	CONTRADICTION	ENTAILMENT	4.53765599000053	245.97119140625	-1	{'retriever': 'dense', 'topk': 10, 'reranker': False, 'prompt_edit': False, 'reindex': False}	NO_FAILURE	{'total_reward': 0.07705733499991162, 'failure_reward': 1.0, 'prediction_reward': 1.0, 'consistency_reward': 0.0, 'factuality_reward': 1.0, 'latency_budget_strict': 1.0, 'vram_budget_strict': 1.0, 'latency_rate': 0.9075311980001061, 'vram_rate': 0.0}
0	Sancho Panza is a character in Don Quixote.	Sancho Panza is a fictional character in the novel Don Quixote.	"[""Sancho Panza [ ˈsantʃo ˈpanθa ] is a fictional character in the novel Don Quixote written by Spanish author Don Miguel de Cervantes Saavedra in 1605 . Sancho acts as squire to Don Quixote and provides comments throughout the novel , known as sanchismos '' , that are a combination of broad humour , ironic Spanish proverbs , and earthy wit . `` Panza '' in Spanish means `` belly '' ( cf.""
 ""`` Panza '' in Spanish means `` belly '' ( cf. English `` paunch , '' Italian `` pancia '' , several Italian dialects `` panza '' , Portuguese `` pança '' , French `` panse '' ) .""
 'The film is about Cataleya ( Amandla Stenberg ) , a nine-year-old girl in Colombia whose family is killed by drug lord named Don Luis Sandoval ( Beto Benites ) . Fifteen years later , a 24-year-old Cataleya ( Zoe Saldana ) has become an accomplished assassin . Even though Don Luis is now in the witness protection program in the U.S.'
 ""However Renato Balestra 's interests are not limited to fashion .  Eclectic in his tastes , he has also been involved in television , taking part a in Italian Saturday-evening T.V. programm `` Rosa Chic '' , and is the guest star in `` Chiambretti c ' è '' that is going on 3 nights a week on RAI 2 .""
 ""Qui-Gon Jinn is a fictional character in the Star Wars franchise , portrayed by Liam Neeson as the main protagonist of the 1999 film Star Wars : Episode I -- The Phantom Menace '' .""
 'José Vicente Ferrer de Otero y Cintrón ( January 8 , 1912 -- January 26 , 1992 ) , known as José Ferrer , was an American actor and theatre and film director . He was the first Puerto Rican-born actor , as well as the first Hispanic actor , to win an Academy Award ( in 1950 for Cyrano de Bergerac ) .'
 'The next year , his performance in Casablanca ( 1943 ; Oscar nomination ) raised him to the peak of his profession and , at the same time , cemented his trademark film persona , that of the hard-boiled cynic who ultimately shows his noble side . Other successes followed , including To Have and Have Not ( 1944 ) , The Big Sleep ( 1946 ) , Dark Passage ( 1947 ) , and Key Largo ( 1948 ) , all four with his wife Lauren Bacall ;'
 'Rick Yune ( born August 22 , 1971 ) is an American actor , screenwriter , producer , martial artist and former model . His most notable roles have been in the movies Snow Falling on Cedars , the first Fast and Furious film The Fast and the Furious , and in the James Bond movie Die Another Day . He was part of the main cast of the Netflix original series Marco Polo until the series was cancelled on December 12 , 2016 .'
 'Jeong Hyeong-don ( born February 7 , 1978 ) is a South Korean comedian and entertainer under FNC Entertainment .'
 ""In addition to his film work , Penn is known for his political and social activism , including his criticism of the George W. Bush administration , his contact with the Presidents of Cuba and Venezuela , and his humanitarian work in the aftermath of Hurricane Katrina ( 2005 ) and the 2010 Haiti earthquake . In January 2016 , Penn published an interview ( conducted in October 2015 ) with Mexican drug lord Joaquín `` El Chapo '' Guzmán in Rolling Stone .""]"	SUPPORTS	Is it true that Sancho Panza is a character in Don Quixote?	SUPPORTS	CONSISTENT	ENTAILMENT	ENTAILMENT	4.6187425159996565	245.97119140625	-1	{'retriever': 'dense', 'topk': 10, 'reranker': False, 'prompt_edit': False, 'reindex': False}	NO_FAILURE	{'total_reward': 0.07625149680006871, 'failure_reward': 1.0, 'prediction_reward': 1.0, 'consistency_reward': 1.0, 'factuality_reward': 1.0, 'latency_budget_strict': 1.0, 'vram_budget_strict': 1.0, 'latency_rate': 0.9237485031999313, 'vram_rate': 0.0}
0	Magic Johnson was a tap dancer.	The provided context does not contain any information about Magic Johnson's dancing abilities or his association with tap dancing.	"[""Named by Ebony magazine as one of America 's most influential black businessmen in 2009 , Johnson has numerous business interests , and was a part-owner of the Lakers for several years . Johnson also is part of a group of investors that purchased the Los Angeles Dodgers in 2012 and the Los Angeles Sparks in 2014 .""
 ""Since his retirement , Johnson has been an advocate for HIV/AIDS prevention and safe sex , as well as an entrepreneur , philanthropist , broadcaster and motivational speaker . His public announcement of his HIV-positive status in 1991 helped dispel the stereotype , still widely held at the time , that HIV was a `` gay disease '' that heterosexuals need not worry about ; his bravery in making this announcement was widely commended .""
 ""Earvin `` Magic '' Johnson Jr. ( born August 14 , 1959 ) is an American retired professional basketball player and current president of basketball operations of the Los Angeles Lakers of the National Basketball Association ( NBA ) . He played point guard for the Lakers for 13 seasons . After winning championships in high school and college , Johnson was selected first overall in the 1979 NBA draft by the Lakers . He won a championship and an NBA Finals Most Valuable Player Award in his rookie season , and won four more championships with the Lakers during the 1980s .""
 ""Johnson was honored as one of the 50 Greatest Players in NBA History in 1996 .   Johnson became a two-time inductee into the Basketball Hall of Fame -- being enshrined in 2002 for his individual career , and again in 2010 as a member of the `` Dream Team '' . He was rated the greatest NBA point guard of all time by ESPN in 2007 . His friendship and rivalry with Boston Celtics star Larry Bird , whom he faced in the 1979 NCAA finals and three NBA championship series , are well documented .""
 ""He led the league in regular-season assists four times , and is the NBA 's all-time leader in average assists per game , at 11.2 . Johnson was a member of the 1992 United States men 's Olympic basketball team ( `` The Dream Team '' ) , which won the Olympic gold medal in 1992 . After leaving the NBA in 1992 , Johnson formed the Magic Johnson All-Stars , a barnstorming team that travelled around the world playing exhibition games .""
 ""Beyoncé , Cheryl Cole , Rihanna and Ciara have also paid homage to its outfit and choreography within live performances . It has inspired the careers of choreographers such as Wade Robson and Travis Payne . Actors including Kate Hudson , Michael K. Williams , and Elizabeth Mathis have studied its music video , with its choreography also used in the film Tron : Legacy . It has been covered by Pink , Crystal Kay , and Girls ' Generation and has also been performed on Glee , The X-Factor , and Britain 's Got Talent .""
 ""Johnson retired abruptly in 1991 after announcing that he had contracted HIV , but returned to play in the 1992 All-Star Game , winning the All-Star MVP Award . After protests from his fellow players , he retired again for four years , but returned in 1996 , at age 36 , to play 32 games for the Lakers before retiring for the third and final time .   Johnson 's career achievements include three NBA MVP Awards , nine NBA Finals appearances , twelve All-Star games , and ten All-NBA First and Second Team nominations .""
 'In 1898 he joined the esoteric Hermetic Order of the Golden Dawn , where he was trained in ceremonial magic by Samuel Liddell MacGregor Mathers and Allan Bennett . Moving to Boleskine House by Loch Ness in Scotland , he went mountaineering in Mexico with Oscar Eckenstein , before studying Hindu and Buddhist practices in India .'
 "". Following his film debut in the drama Taps ( 1981 ) and a diverse range of film roles in the 1980s , including Fast Times at Ridgemont High ( 1982 ) , Penn garnered critical attention for his roles in the crime dramas At Close Range ( 1986 ) , State of Grace ( 1990 ) , and Carlito 's Way ( 1993 ) .""
 ""Jenna Jameson ( born Jenna Marie Massoli ; April 9 , 1974 ) is an American entrepreneur , webcam model and former pornographic film actress , who has been called the world 's most famous adult entertainment performer and `` The Queen of Porn '' .   She started acting in erotic videos in 1993 after having worked as a stripper and glamor model . By 1996 , she had won the `` top newcomer '' award from each of the three major adult-movie organizations .""]"	REFUTES	Was Magic Johnson known for being a tap dancer?	NOTENOUGHINFO	MISSING	CONTRADICTION	ENTAILMENT	4.968963411000004	321.7060546875	-1	{'retriever': 'dense', 'topk': 10, 'reranker': False, 'prompt_edit': False, 'reindex': False}	NO_FAILURE	{'total_reward': 0.003103658899999584, 'failure_reward': 1.0, 'prediction_reward': 0.0, 'consistency_reward': 0.0, 'factuality_reward': 1.0, 'latency_budget_strict': 1.0, 'vram_budget_strict': 1.0, 'latency_rate': 0.9937926822000008, 'vram_rate': 0.0}
0	The Adventures of Pluto Nash was reviewed by Ron Underwood.	The provided context does not contain any information about Ron Underwood or his involvement with The Adventures of Pluto Nash.	"['The Adventures of Pluto Nash is a 2002 Australian-American science fiction action comedy film starring Eddie Murphy ( in a dual role ) and directed by Ron Underwood . The film co-stars Randy Quaid , Rosario Dawson , Joe Pantoliano , Jay Mohr , Luis Guzmán , James Rebhorn , Peter Boyle , Pam Grier , and John Cleese . The film was released in the United States on August 16 , 2002 .   The film received overwhelmingly negative reviews and is notable for being one of the biggest box office bombs in history .'
 "", USA ( 2013 ) .   Besides his two Emmy Awards and six Annie Awards for SpongeBob SquarePants , Hillenburg has also received other recognition , such as the Walk the Talk award from Heal the Bay for his efforts on elevating marine life awareness , and the Television Animation Award from the National Cartoonists Society . Despite this , he has been involved in several public controversies , including one that was centered on speculation over SpongeBob SquarePants ' intended sexual orientation , and a lawsuit that was filed against him .""
 ""A , a hero reflecting the influence of Ayn Rand 's philosophy of Objectivism . Since the 1960s , Ditko has declined most interviews , stating that it is his work he offers readers , not his personality .   Ditko was inducted into the comics industry 's Jack Kirby Hall of Fame in 1990 , and into the Will Eisner Award Hall of Fame in 1994 .""
 ""Though many petitions to ban the book saw Ellis dropped by Simon & Schuster , the resounding controversy convinced Alfred A. Knopf to release it as a paperback later that year . In later years , Ellis ' novels have become increasingly metafictional . Lunar Park ( 2005 ) , a pseudo-memoir and ghost story , received positive reviews . Imperial Bedrooms ( 2010 ) , marketed as a sequel to Less Than Zero , continues in this vein .   Four of Ellis 's works have been made into films .""
 ""He also collaborated with them as the director of the television series Spaced .   He also co-wrote , produced and directed the 2010 film Scott Pilgrim vs. the World . Along with his friends Joe Cornish and Steven Moffat , he co-wrote Steven Spielberg 's The Adventures of Tintin : The Secret of the Unicorn . Wright and Cornish co-wrote the screenplay for the Marvel Studios film Ant-Man , which Wright was intended to direct before departing the project .""
 'Deceiver ( 1997 ) , Legend of 1900 ( 1999 ) , Planet of the Apes ( 2001 ) , Invincible ( 2001 ) , Funny Games ( 2007 ) , The Incredible Hulk ( 2008 ) , Arbitrage ( 2012 ) , Broken ( 2012 ) , Selma ( 2014 ) and 600 Miles ( 2016 ) . He also starred as Cal Lightman on the Fox series Lie to Me ( 2009 -- 2011 ) .'
 'Critics in the United States praised the film and its British setting , and welcomed it as a return to form for Allen . In contrast , reviewers from the United Kingdom treated Match Point less favourably , finding fault with the locations and especially the idiom of the dialogue . Allen was nominated for an Academy Award for Best Original Screenplay .'
 ""In addition to his film work , Penn is known for his political and social activism , including his criticism of the George W. Bush administration , his contact with the Presidents of Cuba and Venezuela , and his humanitarian work in the aftermath of Hurricane Katrina ( 2005 ) and the 2010 Haiti earthquake . In January 2016 , Penn published an interview ( conducted in October 2015 ) with Mexican drug lord Joaquín `` El Chapo '' Guzmán in Rolling Stone .""
 ""Four of Ellis 's works have been made into films . Less Than Zero was rapidly adapted for screen , leading to the release of a starkly different film of the same name in 1987 . Mary Harron 's adaptation of American Psycho was released to generally positive reviews in 2000 and went on to achieve cult status . Roger Avary 's 2002 adaptation The Rules of Attraction made modest box office returns but went on to attract a cult following .""
 'From 1983 to 1987 , Starrcade was produced by Jim Crockett Promotions ( JCP ) , the dominant promotion of the NWA , and aired on Thanksgiving Day . In 1987 , the WWF scheduled a pay-per-view of their own , Survivor Series , on Thanksgiving night and demanded exclusivity from cable providers on carriage of the event . In order to prevent such a problem , Starrcade was moved to December the following year and the show was held around Christmas Day , mostly in the days following , beginning in 1988 .']"	REFUTES	Was Ron Underwood one of the reviewers for The Adventures of Pluto Nash?	NOTENOUGHINFO	CONSISTENT	NEUTRAL	NEUTRAL	5.336355669000113	341.09765625	-1	{'retriever': 'dense', 'topk': 10, 'reranker': False, 'prompt_edit': False, 'reindex': False}	NOTENOUGHINFO_FAILURE	{'total_reward': -0.0, 'failure_reward': 0.0, 'prediction_reward': 0.0, 'consistency_reward': 1.0, 'factuality_reward': 0.0, 'latency_budget_strict': 0.0, 'vram_budget_strict': 1.0, 'latency_rate': 1.0672711338000227, 'vram_rate': 0.0}
0	The Adventures of Pluto Nash was reviewed by Ron Underwood.	The provided context does not contain any information about Ron Underwood or his involvement with The Adventures of Pluto Nash.	"['The Adventures of Pluto Nash is a 2002 Australian-American science fiction action comedy film starring Eddie Murphy ( in a dual role ) and directed by Ron Underwood . The film co-stars Randy Quaid , Rosario Dawson , Joe Pantoliano , Jay Mohr , Luis Guzmán , James Rebhorn , Peter Boyle , Pam Grier , and John Cleese . The film was released in the United States on August 16 , 2002 .   The film received overwhelmingly negative reviews and is notable for being one of the biggest box office bombs in history .'
 ""Ronald Bilius `` Ron '' Weasley is a fictional character in J. K. Rowling 's Harry Potter series . His first appearance was in the first book of the series , Harry Potter and the Philosopher 's Stone as the best friend of Harry Potter and Hermione Granger . He is a member of the Weasley family , a pure blood family , who reside in `` The Burrow '' outside Ottery St. Catchpole . Along with Harry and Hermione , he is a member of the Gryffindor house . Ron is present in most of the action throughout the series .""
 'Girl received generally positive reviews from critics . It peaked at number one in 12 countries worldwide , also peaking in the top 10 of the charts of 17 other countries . The album has sold 591,000 copies in the United States as of February 2015 .'
 'Giselle Loren has lent her voice to the character in both the Buffy video games and an unproduced animated series , while Kelly Albanese lent her voice to the character in the Buffy the Vampire Slayer Season Eight motion comics .   Buffy is the protagonist of the story , and the series depicts her life and adventures as she grows up . In the film , she is a high school cheerleader who learns that she is the Slayer ( a Chosen One gifted with the strength and skills to fight vampires , demons , and the forces of darkness ) .'
 'Despite the fact that John was murdered in Saw III , the films continue to focus on the posthumous influence of the Jigsaw Killer and his apprentices by exploring his character via flashbacks .   The film series as a whole has received mostly mixed to negative reviews by critics , but has been a financial success at the box office and is one of the highest grossing horror film franchies of all time .']"	REFUTES	Was Ron Underwood one of the reviewers for The Adventures of Pluto Nash?	NOTENOUGHINFO	CONSISTENT	NEUTRAL	NEUTRAL	5.364346657999704	149.61962890625	4	{'retriever': 'bm25', 'topk': 5, 'reindex': False}	NOTENOUGHINFO_FAILURE	{'total_reward': -0.0, 'failure_reward': 0.0, 'prediction_reward': 0.0, 'consistency_reward': 1.0, 'factuality_reward': 0.0, 'latency_budget_strict': 0.0, 'vram_budget_strict': 1.0, 'latency_rate': 1.0728693315999407, 'vram_rate': 0.0}
0	Hedda Gabler's world premiere took place at the Battle of Hastings.	The provided context does not contain any information about the world premiere of Hedda Gabler or its relation to the Battle of Hastings.	"['Hedda Gabler ( [ ˈˈhɛdːɑ ˈɡɑːbləɾ ] ) is a play written by Norwegian playwright Henrik Ibsen . Ibsen was present at the world premiere , which took place on 31 January 1891 at the Residenztheater in Munich . It is recognized as a classic of realism , nineteenth century theatre , and world drama . The title character , Hedda , is considered one of the great dramatic roles in theatre .'
 ""Hedda 's married name is Hedda Tesman ; Gabler is her maiden name . On the subject of the title , Ibsen wrote : `` My intention in giving it this name was to indicate that Hedda as a personality is to be regarded rather as her father 's daughter than her husband 's wife . ''""
 ""Killam recently performed the role of King George III in the Broadway production of Hamilton '' at the Richard Rodgers Theatre , ending his run on the evening of April 13 , 2017 .""
 ""all four with his wife Lauren Bacall ; The Treasure of the Sierra Madre ( 1948 ) ; In a Lonely Place ( 1950 ) ; The African Queen ( 1951 ; Oscar winner ) ; Sabrina ( 1954 ) ; The Caine Mutiny ( 1954 ; Oscar nomination ) ; and We 're No Angels ( 1955 ) . His last film was The Harder They Fall ( 1956 ) .   During a film career of almost 30 years , Bogart appeared in more than 75 feature films .""
 ""Llywelyn ap Gruffudd 's death in 1282 marked the completion of Edward I of England 's conquest of Wales , though Owain Glyndŵr briefly restored independence to Wales in the early 15th century . The whole of Wales was annexed by England and incorporated within the English legal system under the Laws in Wales Acts 1535 -- 1542 . Distinctive Welsh politics developed in the 19th century .""
 'Humphrey DeForest Bogart ( [ ˈboʊgɑrt ] December 25 , 1899January 14 , 1957 ) was an American screen and stage actor whose performances in 1940s films noir such as The Maltese Falcon , Casablanca , and The Big Sleep earned him status as a cultural icon .   Bogart began acting in 1921 after a hitch in the U.S. Navy in World War I and little success in various jobs in finance and the production side of the theater .'
 'The film is a character story , set between 1939 and 1942 against a dramatised backdrop of events across northern Australia at the time , such as the bombing of Darwin during World War II . Production took place in Sydney , Darwin , Kununurra , and Bowen . The film was released to cinemas on 26 November 2008 in both the United States and Australia , with subsequent worldwide release dates throughout late December 2008 and January and February 2009 .'
 ""Gradually he became a regular in Broadway shows in the 1920s and 1930s . When the stock market crash of 1929 reduced the demand for plays , Bogart turned to film . His first great success was as Duke Mantee in The Petrified Forest ( 1936 ) , and this led to a period of typecasting as a gangster with films such as Angels with Dirty Faces ( 1938 ) .   Bogart 's breakthrough as a leading man came in 1941 with High Sierra and The Maltese Falcon .""
 ""In 1947 , Ferrer won the Tony Award for his theatrical performance of Cyrano de Bergerac , and in 1952 , he won the Distinguished Dramatic Actor Award for The Shrike , and also the Outstanding Director Award for directing the plays The Shrike , The Fourposter , and Stalag 17 .   Ferrer 's contributions to American theatre were recognized in 1981 , when he was inducted into the American Theater Hall of Fame .""
 ""Boston City Council named October 16 , 2013 `` Janelle Monáe Day '' in the city of Boston , Massachusetts , in recognition of her artistry and social leadership . In 2016 , she had major roles in two feature films , Hidden Figures and Moonlight , for which she received widespread praise . Both films received Academy Award nominations for Best Picture , with Moonlight winning the award at the 89th Academy Awards .""]"	REFUTES	Did Hedda Gabler's world premiere occur during the Battle of Hastings?	NOTENOUGHINFO	MISSING	CONTRADICTION	CONTRADICTION	5.393227571999887	320.595703125	-1	{'retriever': 'dense', 'topk': 10, 'reranker': False, 'prompt_edit': False, 'reindex': False}	WRONG_RESPONSE_FAILURE	{'total_reward': -0.0, 'failure_reward': 0.0, 'prediction_reward': 0.0, 'consistency_reward': 0.0, 'factuality_reward': 0.0, 'latency_budget_strict': 0.0, 'vram_budget_strict': 1.0, 'latency_rate': 1.0786455143999774, 'vram_rate': 0.0}
0	Hedda Gabler's world premiere took place at the Battle of Hastings.	The context provided does not contain any information about the world premiere of Hedda Gabler or its relation to the Battle of Hastings.	"['Hedda Gabler ( [ ˈˈhɛdːɑ ˈɡɑːbləɾ ] ) is a play written by Norwegian playwright Henrik Ibsen . Ibsen was present at the world premiere , which took place on 31 January 1891 at the Residenztheater in Munich . It is recognized as a classic of realism , nineteenth century theatre , and world drama . The title character , Hedda , is considered one of the great dramatic roles in theatre .'
 ""Hedda 's married name is Hedda Tesman ; Gabler is her maiden name . On the subject of the title , Ibsen wrote : `` My intention in giving it this name was to indicate that Hedda as a personality is to be regarded rather as her father 's daughter than her husband 's wife . ''""
 'The film is a character story , set between 1939 and 1942 against a dramatised backdrop of events across northern Australia at the time , such as the bombing of Darwin during World War II . Production took place in Sydney , Darwin , Kununurra , and Bowen . The film was released to cinemas on 26 November 2008 in both the United States and Australia , with subsequent worldwide release dates throughout late December 2008 and January and February 2009 .']"	REFUTES	Did Hedda Gabler's world premiere occur during the Battle of Hastings?	NOTENOUGHINFO	MISSING	CONTRADICTION	CONTRADICTION	3.4797354060001453	92.63330078125	0	{'reranker': True}	WRONG_RESPONSE_FAILURE	{'total_reward': 0.0, 'failure_reward': 0.0, 'prediction_reward': 0.0, 'consistency_reward': 0.0, 'factuality_reward': 0.0, 'latency_budget_strict': 1.0, 'vram_budget_strict': 1.0, 'latency_rate': 0.695947081200029, 'vram_rate': 0.0}
0	Brazzers is a company.	Brazzers is described as a pornographic production company based in Montreal, Canada.	"['Brazzers ( [ ˈbræzərz ] ) is a pornographic production company based in Montreal , Canada . The online network consists of thirty-one hardcore pornography websites . As of October 2015 , Brazzers.com has a traffic ranking of 1,650 .'
 ""Topman is the stand-alone fashion business counterpart of Topshop that caters exclusively to men 's clothing . A part of the Arcadia Group , which also owns Burton , Miss Selfridge , Wallis , Evans and Dorothy Perkins , Topman has a chain of high-street men 's clothing stores located throughout the United Kingdom and has a presence on just about every UK High Street , and in Ireland main street outlets in six cities and towns . Topman stores almost always share their premises with Topshop .""
 ""Named by Ebony magazine as one of America 's most influential black businessmen in 2009 , Johnson has numerous business interests , and was a part-owner of the Lakers for several years . Johnson also is part of a group of investors that purchased the Los Angeles Dodgers in 2012 and the Los Angeles Sparks in 2014 .""
 '( Tata Marcopolo ) , a construction-equipment manufacturing joint venture with Hitachi ( Tata Hitachi Construction Machinery ) , and a joint venture with Fiat Chrysler which manufactures automotive components and Fiat Chrysler and Tata branded vehicles.Founded in 1945 as a manufacturer of locomotives , the company manufactured its first commercial vehicle in 1954 in a collaboration with Daimler-Benz AG , which ended in 1969 .'
 ""Formerly , Penguin Group was wholly owned by Pearson PLC , the global media company which also owned the Financial Times , but it now retains only a minority holding of 47 % of the stock against Random House owner Bertelsmann which controls the majority stake . It is one of the largest English-language publishers , formerly known as the `` Big Six '' , now the `` Big Five '' .""
 'Tata Motors Limited ( formerly TELCO , short for Tata Engineering and Locomotive Company ) is an Indian multinational automotive manufacturing company headquartered in Mumbai , India , and a member of the Tata Group . Its products include passenger cars , trucks , vans , coaches , buses , sports cars , construction equipment and military vehicles .   Tata Motors has auto manufacturing and assembly plants in Jamshedpur , Pantnagar , Lucknow , Sanand , Dharwad , and Pune in India , as well as in Argentina , South Africa , Great Britain and Thailand .'
 ""Antonio Marquis `` L.A. '' Reid ( born June 7 , 1956 ) is an American music executive , musician , songwriter , record producer , author and former television music competition judge . He has served as the chairman and CEO of Epic Records , a division of Sony Music Entertainment , the president and CEO of Arista Records , and the chairman and CEO of the Island Def Jam Music Group .  Reid was also the founder and CEO of Hitco Music Publishing and the co-founder of LaFace Records .""
 ""Tata Motors is listed on the ( BSE ) Bombay Stock Exchange , where it is a constituent of the BSE SENSEX index , the National Stock Exchange of India , and the New York Stock Exchange . The company is ranked 226th on the Fortune Global 500 list of the world 's biggest corporations as of 2016 .   On 17 January 2017 , Natarajan Chandrasekaran was appointed chairman of the company .  . The company plans to introduce a new compact SUV named NEXON in Q4 of 2017 .""
 ""It has research and development centres in Pune , Jamshedpur , Lucknow , and Dharwad , India and in South Korea , Great Britain and Spain . Tata Motors ' principal subsidiaries purchased the English premium car maker Jaguar Land Rover ( the maker of Jaguar and Land Rover cars ) and the South Korean commercial vehicle manufacturer Tata Daewoo . Tata Motors has a bus-manufacturing joint venture with Marcopolo S.A.""
 ""A former high school drop-out , he attended Seattle University 's Albers School of Business and Economics in the early 2000s , and subsequently founded the wealth management firm Meridian Rock . He was a high school honor student , but dropped out early to pursue a career in music .""]"	SUPPORTS	Is it true that Brazzers is a company?	SUPPORTS	MISSING	ENTAILMENT	ENTAILMENT	4.326365734999854	275.6728515625	-1	{'retriever': 'dense', 'topk': 10, 'reranker': False, 'prompt_edit': False, 'reindex': False}	NO_FAILURE	{'total_reward': 0.11227237750002432, 'failure_reward': 1.0, 'prediction_reward': 1.0, 'consistency_reward': 0.0, 'factuality_reward': 1.0, 'latency_budget_strict': 1.0, 'vram_budget_strict': 1.0, 'latency_rate': 0.8652731469999708, 'vram_rate': 0.0}
0	Tim Roth is an English actor.	Timothy Simon Roth is described as an English actor.	"['Timothy Simon Roth ( born 14 May 1961 ) is an English actor and director . He made his debut role in the 1982 television film Made in Britain ( 1982 ) . He garnered critical acclaim for his role as Myron in the 1984 film The Hit ( 1984 ) , for which he was nominated for his first BAFTA Award .'
 ""Roth gained more attention for his performances in The Cook , the Thief , His Wife & Her Lover ( 1989 ) , Vincent & Theo ( 1990 ) and Rosencrantz & Guildenstern Are Dead ( 1990 ) .   He later earned international recognition for appearing in Quentin Tarantino 's films , such as Reservoir Dogs ( 1992 ) , Pulp Fiction ( 1994 ) , Four Rooms ( 1995 ) and The Hateful Eight ( 2015 ) .""
 'Deceiver ( 1997 ) , Legend of 1900 ( 1999 ) , Planet of the Apes ( 2001 ) , Invincible ( 2001 ) , Funny Games ( 2007 ) , The Incredible Hulk ( 2008 ) , Arbitrage ( 2012 ) , Broken ( 2012 ) , Selma ( 2014 ) and 600 Miles ( 2016 ) . He also starred as Cal Lightman on the Fox series Lie to Me ( 2009 -- 2011 ) .'
 ""For the historical drama Rob Roy ( 1995 ) , Roth won the BAFTA Award for Best Actor in a Supporting Role and was nominated for the Academy Award for Best Supporting Actor . He made his directorial debut with The War Zone ( 1999 ) , for which he received numerous accolades .   Roth 's other notable films include Captives ( 1994 ) , Little Odessa ( 1994 ) , Everyone Says I Love You ( 1996 ) , Gridlock 'd ( 1997 ) , Deceiver ( 1997 ) ,""
 'Andrew Kevin Walker ( born August 14 , 1964 ) is an American BAFTA-nominated screenwriter . He is known for having written Seven ( 1995 ) , for which he earned a nomination for the BAFTA Award for Best Original Screenplay , as well as several other films , including 8mm ( 1999 ) , Sleepy Hollow ( 1999 ) and many uncredited script rewrites .'
 'David Wayne Spade ( born July 22 , 1964 ) is an American actor , stand-up comedian , writer and television personality . He rose to fame in the 1990s as a cast member on Saturday Night Live , then began a successful acting career in both film and television . He also starred and co-starred in the films Tommy Boy , Black Sheep , Joe Dirt , Joe Dirt 2 : Beautiful Loser , Grown Ups , and Grown Ups 2 , among others .'
 'Humphrey DeForest Bogart ( [ ˈboʊgɑrt ] December 25 , 1899January 14 , 1957 ) was an American screen and stage actor whose performances in 1940s films noir such as The Maltese Falcon , Casablanca , and The Big Sleep earned him status as a cultural icon .   Bogart began acting in 1921 after a hitch in the U.S. Navy in World War I and little success in various jobs in finance and the production side of the theater .'
 'José Vicente Ferrer de Otero y Cintrón ( January 8 , 1912 -- January 26 , 1992 ) , known as José Ferrer , was an American actor and theatre and film director . He was the first Puerto Rican-born actor , as well as the first Hispanic actor , to win an Academy Award ( in 1950 for Cyrano de Bergerac ) .'
 ""Keith Rupert Murdoch [ ˈmɜrdɒk ] , AC , KCSG ( born 11 March 1931 ) is an Australian-born American media mogul . His father , Sir Keith Murdoch , had been a reporter , editor , and senior executive of the Herald and Weekly Times newspaper publishing company , covering all Australian states except New South Wales . After his father 's death in 1952 , Murdoch declined to join his late father 's registered public company and created his own private company , News Limited .""
 'His Soul2Soul II Tour with Faith Hill is one of the highest grossing tours in country music history , and one of the top 5 among all genres of music .   McGraw has ventured into acting , with supporting roles in The Blind Side ( with Sandra Bullock ) , Friday Night Lights , The Kingdom , Tomorrowland , and Four Christmases ( with Vince Vaughn and Reese Witherspoon ) , and lead roles in Flicka ( 2006 ) and Country Strong ( 2010 ) .']"	SUPPORTS	Is Tim Roth an English actor?	SUPPORTS	MISSING	ENTAILMENT	ENTAILMENT	3.7472610750000968	352.43505859375	-1	{'retriever': 'dense', 'topk': 10, 'reranker': False, 'prompt_edit': False, 'reindex': False}	NO_FAILURE	{'total_reward': 0.2087898208333172, 'failure_reward': 1.0, 'prediction_reward': 1.0, 'consistency_reward': 0.0, 'factuality_reward': 1.0, 'latency_budget_strict': 1.0, 'vram_budget_strict': 1.0, 'latency_rate': 0.7494522150000194, 'vram_rate': 0.0}
0	Juventus F.C. rejected their traditional black-and-white-striped home uniform in 1903.	The context states that Juventus F.C. has traditionally worn a black and white striped home kit since 1903.	"[""The club is the second oldest of its kind still active in the country after Genoa 's football section ( 1893 ) , has traditionally worn a black and white striped home kit since 1903 and has played its home matches in several grounds , being the latest the 41,507-capacity Juventus Stadium . Juventus is also the most successful club in Italian football , the one that has the most sporting tradition in the country and one of the most awarded globally having won overall sixty-three official titles on the national and international stage ,""
 ""Unlike most European sporting supporters groups -- often concentrated around their own club 's city of origin -- , it is widespread throughout the Apennine Peninsula and abroad , mainly in countries with a significant presence of Italian immigrants , making Juventus a symbol of campanilismo ( `` Anti-parochialism '' ) and italianità ( `` Italianness '' ) along with the club 's tradition of success , some of which have had a significant impact in Italian society , especially in the 1930s and the first post-war decade ,""
 'Founded with the name of Sport-Club Juventus initially as a athletics club , it has spent uninterruptedly in the top flight league system ( reformulated as Serie A since 1929 ) since its debut in 1900 with the exception of the 2006 -- 07 season , being managed by the industrial Agnelli family since 1923 to 1943 and since 1947 until the date . The uninterrupted relationship between the club and the Torinese industrial dynasty is the oldest and longest in national sports , making Juventus the first professional sporting club in the country .'
 ""Juventus Football Club S.p.A. ( from Latin iuventūs , `` youth '' ; [ juˈvɛntus ] ) , colloquially known as Juve ( [ ˈjuːve ] ) , is a professional Italian association football club based in Turin , Piedmont , founded in 1897 by a group of young Torinese students , among them was their first president Eugenio Canfari and his brother Enrico , author of the company 's historical memory .""
 ""especially in the 1930s and the first post-war decade , as well as the ideological politics and socio-economic origin of the club 's sympathisers and the club 's contribution to the national team -- the most for an Italian club -- , uninterrupted since the second half of the 1920s and recognised as one of the most influential in international football , having performed a decisive role in the Azzurri 's World Cup triumphs of 1934 , 1982 and 2006 .""
 'Juventus established itself as a major force at national level since the 1930s and at confederation level since mid-1970s .'
 'With its successive triumphs in the Super Cup in 1984 and in the Intercontinental Cup in 1985 , the club become also the first in the world -- and remains the only one at present -- to complete a clean sweep of all confederation trophies , an achievement that they revalidated with the title won in the UEFA Intertoto Cup in 1999 .'
 ""Since then , under the management of Giovanni Trapattoni , who led the Torinese team to thirteen official trophies in ten years until 1986 , including six league titles and five international titles ; Juventus became the first club in the history of European football to have won all three seasonal competitions organised by the Union of European Football Associations : the European Champions ' Cup , the ( now-defunct ) Cup Winners ' Cup and the UEFA Cup ( the first Italian and Southern European side to win the tournament ) .""
 ""In 2000 , Juventus was ranked seventh in the FIFA 's century ranking of the best clubs in the world -- the highest for an Italian club -- , while nine years later , according to the all-time ranking published by the International Federation of Football History & Statistics , an organisation recognised by FIFA , based on clubs ' performance in international competitions , Juventus were Italy 's best club and second in Europe of the 20th century .   The club 's fan base is the largest at national level and is one of the largest worldwide .""
 'The dress itself , which was identified as a product of the retailer Roman Originals , experienced a major surge in sales as a result of the incident . The retailer also produced a one-off version of the dress actually coloured in white and gold as a charity campaign .']"	REFUTES	Did Juventus F.C. stop using their traditional black-and-white-striped home uniform in 1903?	REFUTES	MISSING	CONTRADICTION	ENTAILMENT	5.6024678690000655	296.75732421875	-1	{'retriever': 'dense', 'topk': 10, 'reranker': False, 'prompt_edit': False, 'reindex': False}	NO_FAILURE	{'total_reward': -0.0, 'failure_reward': 1.0, 'prediction_reward': 1.0, 'consistency_reward': 0.0, 'factuality_reward': 1.0, 'latency_budget_strict': 0.0, 'vram_budget_strict': 1.0, 'latency_rate': 1.120493573800013, 'vram_rate': 0.0}
0	Ernest Medina participated in the My Lai Massacre.	The provided context does not contain any information about Ernest Medina's involvement in the My Lai Massacre.	"['He was court martialed in 1971 for his role in the My Lai Massacre , but acquitted the same year .'
 'Ernest Lou Medina ( born August 27 , 1936 ) is a former captain of infantry in the United States Army . He served during the Vietnam War and was acquitted in a court-martial of war crimes charges in 1971 . He was the commanding officer of Company C , 1st Battalion , 20th Infantry of the 11th Brigade , Americal Division , the unit responsible for the My Lai Massacre of 16 March 1968 .'
 ""After escaping , Singh and his associates , using pseudonyms , publicly owned to avenging Lajpat Rai 's death , putting up prepared posters , which , however , they had altered to show Saunders as their intended target . Singh was thereafter on the run for many months , and no convictions resulted at the time . Surfacing again in April 1929 , he and another associate , Batukeshwar Dutt , exploded two improvised bombs inside the Central Legislative Assembly in Delhi .""
 'In 1945 it was moved back to Hanoi .   After the Fall of France during World War II , the colony was administered by the Vichy government and was under Japanese occupation until March 1945 , when the Japanese overthrew the colonial regime . Beginning in May 1941 , the Viet Minh , a communist army led by [ Ho Chi Minh , Hồ Chí Minh ] , began a revolt against the Japanese . In August 1945 they declared Vietnamese independence and extended the war , known as the First Indochina War , against France .'
 'The story is presented as a flashback , as one survivor reflects upon his experiences in a frame story set in 1980s New York . Several real-life events that occurred during the war , such as the Sant ` Anna di Stazzema massacre , are re-enacted , placing Miracle at St. Anna within the genre of historical fiction .   Lee first learned of the novel in 2004 and approached McBride with the idea of a film adaptation .'
 'In 1971 he was found guilty of first-degree murder and conspiracy to commit murder for the deaths of seven people ( Abigail Ann Folger , Wojciech Frykowski , Steven Earl Parent , Sharon Tate Polanski , Jay Sebring , and Leno and Rosemary La Bianca ) -- most notably of the actress Sharon Tate -- all of which were carried out by members of the group at his instruction .'
 'In Saigon , the anti-Communist State of Vietnam , led by former Emperor Bảo Đại , was granted independence in 1949 . On 9 November 1953 , the Kingdom of Laos and the Kingdom of Cambodia became independent . Following the Geneva Accord of 1954 , the French evacuated Vietnam and French Indochina came to an end .'
 ""In addition to his film work , Penn is known for his political and social activism , including his criticism of the George W. Bush administration , his contact with the Presidents of Cuba and Venezuela , and his humanitarian work in the aftermath of Hurricane Katrina ( 2005 ) and the 2010 Haiti earthquake . In January 2016 , Penn published an interview ( conducted in October 2015 ) with Mexican drug lord Joaquín `` El Chapo '' Guzmán in Rolling Stone .""
 'Macmillan served in the Grenadier Guards during the First World War . He was wounded three times , most severely in September 1916 during the Battle of the Somme . He spent the rest of the war in a military hospital unable to walk , and suffered pain and partial immobility for the rest of his life . After the war Macmillan joined his family business , then entered Parliament in the 1924 General Election , for the northern industrial constituency of Stockton-on-Tees .'
 'The starting date is conventionally held to be 24 April 1915 , the day that Ottoman authorities rounded up , arrested , and deported 235 to 270 Armenian intellectuals and community leaders from Constantinople to the region of Ankara , the majority of whom were eventually murdered .  The genocide was carried out during and after World War I and implemented in two phases : the wholesale killing of the able-bodied male population through massacre and subjection of army conscripts to forced labour , followed by the deportation of women , children , the elderly , and the infirm on death marches leading to the Syrian desert .']"	SUPPORTS	Did Ernest Medina participate in the My Lai Massacre?	NOTENOUGHINFO	MISSING	ENTAILMENT	CONTRADICTION	4.747721712000384	297.77734375	-1	{'retriever': 'dense', 'topk': 10, 'reranker': False, 'prompt_edit': False, 'reindex': False}	WRONG_RESPONSE_FAILURE	{'total_reward': 0.0, 'failure_reward': 0.0, 'prediction_reward': 0.0, 'consistency_reward': 0.0, 'factuality_reward': 0.0, 'latency_budget_strict': 1.0, 'vram_budget_strict': 1.0, 'latency_rate': 0.9495443424000769, 'vram_rate': 0.0}
0	Ernest Medina participated in the My Lai Massacre.	Ernest Medina was court-martialed in 1971 for his role in the My Lai Massacre, but he was acquitted the same year.	"['He was court martialed in 1971 for his role in the My Lai Massacre , but acquitted the same year .'
 'Ernest Lou Medina ( born August 27 , 1936 ) is a former captain of infantry in the United States Army . He served during the Vietnam War and was acquitted in a court-martial of war crimes charges in 1971 . He was the commanding officer of Company C , 1st Battalion , 20th Infantry of the 11th Brigade , Americal Division , the unit responsible for the My Lai Massacre of 16 March 1968 .'
 ""After escaping , Singh and his associates , using pseudonyms , publicly owned to avenging Lajpat Rai 's death , putting up prepared posters , which , however , they had altered to show Saunders as their intended target . Singh was thereafter on the run for many months , and no convictions resulted at the time . Surfacing again in April 1929 , he and another associate , Batukeshwar Dutt , exploded two improvised bombs inside the Central Legislative Assembly in Delhi .""
 'In 1945 it was moved back to Hanoi .   After the Fall of France during World War II , the colony was administered by the Vichy government and was under Japanese occupation until March 1945 , when the Japanese overthrew the colonial regime . Beginning in May 1941 , the Viet Minh , a communist army led by [ Ho Chi Minh , Hồ Chí Minh ] , began a revolt against the Japanese . In August 1945 they declared Vietnamese independence and extended the war , known as the First Indochina War , against France .'
 'The story is presented as a flashback , as one survivor reflects upon his experiences in a frame story set in 1980s New York . Several real-life events that occurred during the war , such as the Sant ` Anna di Stazzema massacre , are re-enacted , placing Miracle at St. Anna within the genre of historical fiction .   Lee first learned of the novel in 2004 and approached McBride with the idea of a film adaptation .'
 'In 1971 he was found guilty of first-degree murder and conspiracy to commit murder for the deaths of seven people ( Abigail Ann Folger , Wojciech Frykowski , Steven Earl Parent , Sharon Tate Polanski , Jay Sebring , and Leno and Rosemary La Bianca ) -- most notably of the actress Sharon Tate -- all of which were carried out by members of the group at his instruction .'
 'In Saigon , the anti-Communist State of Vietnam , led by former Emperor Bảo Đại , was granted independence in 1949 . On 9 November 1953 , the Kingdom of Laos and the Kingdom of Cambodia became independent . Following the Geneva Accord of 1954 , the French evacuated Vietnam and French Indochina came to an end .'
 ""In addition to his film work , Penn is known for his political and social activism , including his criticism of the George W. Bush administration , his contact with the Presidents of Cuba and Venezuela , and his humanitarian work in the aftermath of Hurricane Katrina ( 2005 ) and the 2010 Haiti earthquake . In January 2016 , Penn published an interview ( conducted in October 2015 ) with Mexican drug lord Joaquín `` El Chapo '' Guzmán in Rolling Stone .""
 'Macmillan served in the Grenadier Guards during the First World War . He was wounded three times , most severely in September 1916 during the Battle of the Somme . He spent the rest of the war in a military hospital unable to walk , and suffered pain and partial immobility for the rest of his life . After the war Macmillan joined his family business , then entered Parliament in the 1924 General Election , for the northern industrial constituency of Stockton-on-Tees .'
 'The starting date is conventionally held to be 24 April 1915 , the day that Ottoman authorities rounded up , arrested , and deported 235 to 270 Armenian intellectuals and community leaders from Constantinople to the region of Ankara , the majority of whom were eventually murdered .  The genocide was carried out during and after World War I and implemented in two phases : the wholesale killing of the able-bodied male population through massacre and subjection of army conscripts to forced labour , followed by the deportation of women , children , the elderly , and the infirm on death marches leading to the Syrian desert .']"	SUPPORTS	Did Ernest Medina participate in the My Lai Massacre?	REFUTES	MISSING	ENTAILMENT	NEUTRAL	5.8646335390003514	382.4306640625	1	{'prompt_edit': 'WP'}	WRONG_RESPONSE_FAILURE	{'total_reward': -0.0, 'failure_reward': 0.0, 'prediction_reward': 0.0, 'consistency_reward': 0.0, 'factuality_reward': 0.0, 'latency_budget_strict': 0.0, 'vram_budget_strict': 1.0, 'latency_rate': 1.1729267078000702, 'vram_rate': 0.0}
0	Viola Davis appeared in Kate & Leopold as Darth Maul.	The provided context does not contain any information about Viola Davis appearing in the movie Kate & Leopold or being portrayed as Darth Maul.	"[""She has also appeared in the television series Camelot ( 2011 ) , and played Angelique Bouchard in Tim Burton 's big-screen adaptation of Dark Shadows ( 2012 ) . In 2014 , she played Artemisia in the 300 sequel , 300 : Rise of an Empire ( 2014 ) , and Ava Lord in Frank Miller 's and Robert Rodriguez 's Sin City sequel , Sin City : A Dame to Kill For ( 2014 ) .""
 ""She achieved international recognition when she appeared as Sibylla , Queen of Jerusalem in Ridley Scott 's historical epic Kingdom of Heaven ( 2005 ) , and portrayed Bond girl Vesper Lynd in the James Bond film Casino Royale ( 2006 ) . In 2006 , Green was awarded the BAFTA Rising Star Award .   Since 2006 , Green has starred in independent films Cracks ( 2009 ) , Womb ( 2010 ) , and Perfect Sense ( 2011 ) .""
 ""In 2013 , she had a recurring role on the FX horror series American Horror Story : Coven , earning her second Primetime Emmy Award nomination for her performance as Voodoo queen Marie Laveau . She returned for Freak Show , the anthology series ' fourth season , portraying a three-breasted woman named Desiree Dupree for which she received another nomination for Outstanding Supporting Actress in a Miniseries or a Movie . In 2015 , Bassett returned for the fifth season Hotel portraying Ramona Royale , a famous movie star .""
 'Early in her career , she appeared in popular films spanning a wide variety of genres , including Act of Violence ( 1948 ) , Little Women ( 1949 ) , Angels in the Outfield ( 1951 ) , Scaramouche ( 1952 ) , The Naked Spur ( 1953 ) and Living It Up ( 1954 ) .'
 ""She began her career in films directed by Derek Jarman , starting with Caravaggio ( 1986 ) , followed by The Last of England ( 1988 ) , War Requiem ( 1989 ) and The Garden ( 1990 ) . Swinton won the Volpi Cup for Best Actress at the Venice Film Festival for her performance as Isabella of France in Edward II ( 1991 ) . She next starred in Sally Potter 's Orlando ( 1992 ) , and was nominated for the European Film Award for Best Actress .""
 ""Bassett began her film career in the mid-1980s , after earning a bachelor of arts degree from Yale University and a master of fine arts degree from drama school . In the 1990s , she appeared in films nearly every year . The 2000s saw a succession of films starring Bassett , with her appearing in at least one film every year . Bassett 's success has continued into the 2010s .""
 ""Swinton later starred in the dark romantic fantasy drama , Only Lovers Left Alive ( 2014 ) . She is also known for her performances as the White Witch in the Chronicles of Narnia series ( 2005 -- 10 ) . Swinton won the Academy Award for Best Supporting Actress and the BAFTA Award for Best Actress in a Supporting Role for her performance as lawyer Karen Crowder in Michael Clayton ( 2007 ) . Her other film appearances include Female Perversions ( 1996 ) , Tim Roth 's The War Zone ( 1998 ) ,""
 ""Annette Badland ( born 26 August 1949 ) is an English actress known for a wide range of roles on TV , radio and film . She has played Margaret Blaine in the BBC science fiction series Doctor Who , Doomsday Dora in The Sparticle Mystery , Birdie Henshall in the drama series Cutting It , Mavis in season 6 of Skins , Ursula Crowe in children 's science fiction/fantasy series Wizards vs Aliens , and Babe Smith in soap opera EastEnders . Badland plays Hazel Woolley in BBC Radio The Archers .""
 'Swinton was nominated for a Golden Globe Award for her performance in The Deep End ( 2001 ) . She followed this with appearances in Vanilla Sky ( 2001 ) , Adaptation ( 2002 ) , Young Adam ( 2003 ) , and Constantine ( 2005 ) . She then starred in the crime drama Julia ( 2008 ) , I Am Love ( 2009 ) , and the psychological thriller We Need to Talk About Kevin ( 2011 ) .'
 'Yara Sayeh Shahidi شهیدی [ jɑːɾɑː sɑːje ʃæhiːdiː ] ) ( born February 10 , 2000 ) is an American actress and model . She is best known for playing Zoey on the sitcom Black-ish .']"	NOTENOUGHINFO	Did Viola Davis appear in the movie Kate & Leopold and was she portrayed as Darth Maul?	NOTENOUGHINFO	MISSING	CONTRADICTION	ENTAILMENT	5.984620829999585	351.27099609375	-1	{'retriever': 'dense', 'topk': 10, 'reranker': False, 'prompt_edit': False, 'reindex': False}	NO_FAILURE	{'total_reward': -0.0, 'failure_reward': 1.0, 'prediction_reward': 1.0, 'consistency_reward': 0.0, 'factuality_reward': 1.0, 'latency_budget_strict': 0.0, 'vram_budget_strict': 1.0, 'latency_rate': 1.196924165999917, 'vram_rate': 0.0}
0	Jenna Jameson worked as a glamor model and a stripper.	Jenna Jameson has been described as a glamour model and a stripper, indicating she had careers in both fields.	"['Jameson announced her retirement from pornography at the 2008 AVN Awards , stating that she would never return to the industry . Although she no longer performs in pornographic films , she has been working as a webcam model since 2013 .'
 ""Jenna Jameson ( born Jenna Marie Massoli ; April 9 , 1974 ) is an American entrepreneur , webcam model and former pornographic film actress , who has been called the world 's most famous adult entertainment performer and `` The Queen of Porn '' .   She started acting in erotic videos in 1993 after having worked as a stripper and glamor model . By 1996 , she had won the `` top newcomer '' award from each of the three major adult-movie organizations .""
 ""Jameson has also crossed over into mainstream pop culture , starting with a minor role in Howard Stern 's 1997 film Private Parts . Her mainstream appearances continued with several guest-hosting and guest-starring on various television programs . Playboy TV hosted her Jenna 's American Sex Star reality show , in which aspiring porn stars competed for a ClubJenna contract . Her 2004 autobiography , How to Make Love Like a Porn Star : A Cautionary Tale , spent six weeks on The New York Times Best Seller list .""
 ""The first such movie , Briana Loves Jenna ( with Briana Banks ) , was named at the 2003 AVN Awards as the best-selling and best-renting pornographic title for 2002 . By 2005 , ClubJenna had revenues of US$ 30 million with profits estimated at half that . Advertisements for her site and films , often bearing her picture , have towered on a 48-foot-tall billboard in New York City 's Times Square .""
 'She has since won more than 35 adult-video awards , and has been inducted into the X-Rated Critics Organization ( XRCO ) and Adult Video News ( AVN ) Halls of Fame .   Jameson founded the adult-entertainment company ClubJenna in 2000 with Jay Grdina , whom she later married and divorced . Initially a single website , this business expanded into managing similar websites of other stars and began producing sexually explicit videos in 2001 .'
 'Early in her career , she appeared in popular films spanning a wide variety of genres , including Act of Violence ( 1948 ) , Little Women ( 1949 ) , Angels in the Outfield ( 1951 ) , Scaramouche ( 1952 ) , The Naked Spur ( 1953 ) and Living It Up ( 1954 ) .'
 ""In 2013 , she had a recurring role on the FX horror series American Horror Story : Coven , earning her second Primetime Emmy Award nomination for her performance as Voodoo queen Marie Laveau . She returned for Freak Show , the anthology series ' fourth season , portraying a three-breasted woman named Desiree Dupree for which she received another nomination for Outstanding Supporting Actress in a Miniseries or a Movie . In 2015 , Bassett returned for the fifth season Hotel portraying Ramona Royale , a famous movie star .""
 'Intermittently , she continued to appear in notable films , including Bye Bye Birdie ( 1963 ) , Harper ( 1966 ) and Night of the Lepus ( 1972 ) as well as two films with her daughter , Jamie Lee : The Fog ( 1980 ) and Halloween H20 : 20 Years Later ( 1998 ) . She also wrote four books between 1984 and 2002 , including two novels .'
 ""In 2013 she was ranked as the second highest earning actress/models in Israel , behind Bar Refaeli , but ahead of Esti Ginzburg and Shlomit Malka , with the majority of her income coming from acting . She is the face of Gucci 's Bamboo perfume .""
 'Janet Leigh ( born Jeanette Helen Morrison ; July 6 , 1927 -- October 3 , 2004 ) was an American actress , singer , dancer and author . She is best remembered for her performance in Psycho , for which she was awarded the Golden Globe Award for Best Supporting Actress and received an Academy Award nomination . She was the first wife of actor Tony Curtis and the mother of Kelly Curtis and Jamie Lee Curtis .   Discovered by actress Norma Shearer , Leigh made her acting debut on radio in 1946 and secured a contract with MGM the following year .']"	SUPPORTS	Did Jenna Jameson have a career as both a glamour model and a stripper?	SUPPORTS	CONSISTENT	ENTAILMENT	ENTAILMENT	4.355071441000291	307.0498046875	-1	{'retriever': 'dense', 'topk': 10, 'reranker': False, 'prompt_edit': False, 'reindex': False}	NO_FAILURE	{'total_reward': 0.12898571179994178, 'failure_reward': 1.0, 'prediction_reward': 1.0, 'consistency_reward': 1.0, 'factuality_reward': 1.0, 'latency_budget_strict': 1.0, 'vram_budget_strict': 1.0, 'latency_rate': 0.8710142882000582, 'vram_rate': 0.0}
0	New Orleans Pelicans compete in the National Football Association.	The New Orleans Pelicans compete in the National Basketball Association (NBA) as a member club of the league's Western Conference Southwest Division.	"[""The New Orleans Pelicans are an American professional basketball team based in New Orleans . The Pelicans compete in the National Basketball Association ( NBA ) as a member club of the league 's Western Conference Southwest Division . The team plays their home games in the Smoothie King Center ( formerly known as the New Orleans Arena ) .   The Pelicans were established as the New Orleans Hornets in the when then-owner of the Charlotte Hornets , George Shinn , relocated the franchise to New Orleans .""
 'Due to the damage caused by Hurricane Katrina in 2005 , the franchise temporarily relocated to Oklahoma City , where they spent two seasons officially known as the New Orleans/Oklahoma City Hornets . The team returned to New Orleans full-time for the 2007 -- 08 season . On January 24 , 2013 , the franchise announced it would rename itself the Pelicans , effective after the conclusion of the 2012 -- 13 season .'
 'The Charlotte Hornets name , history and records from 1988 to 2002 were returned to its original city to be used by the then -- Charlotte Bobcats franchise , which subsequently became the Charlotte Hornets , starting May 20 , 2014 .   In 14 seasons of play since the original franchise relocated from North Carolina , the Louisiana franchise has achieved an overall regular season record of 528 -- 604 , and has qualified for the playoffs six times . Their achievements include one playoff series victory and one division title .'
 'He was released by the Falcons shortly before leaving prison .   After serving his sentence , Vick signed with the Eagles in 2009 . As a member of the Eagles for five years , he enjoyed the greatest statistical season of his career and was named to a fourth Pro Bowl in 2010 , but left the team after being unable to match his prior success . In his final two seasons , Vick played for the New York Jets and Pittsburgh Steelers for one year each , primarily as a backup .'
 'He officially retired from professional football in 2017 after spending the entirety of the 2016 season in free agency .'
 'Founded with the name of Sport-Club Juventus initially as a athletics club , it has spent uninterruptedly in the top flight league system ( reformulated as Serie A since 1929 ) since its debut in 1900 with the exception of the 2006 -- 07 season , being managed by the industrial Agnelli family since 1923 to 1943 and since 1947 until the date . The uninterrupted relationship between the club and the Torinese industrial dynasty is the oldest and longest in national sports , making Juventus the first professional sporting club in the country .'
 ""Popular characters and historical figures who have come to symbolise the city include Januarius , the patron saint of Naples , the comic figure Pulcinella , and the Sirens from the Greek epic poem the Odyssey . According to CNN , the metro stop `` Toledo '' is the most beautiful in Europe and it won also the LEAF Award ' 2013 as `` Public building of the year '' .  Naples is the Italian city with the highest number of accredited stars from the Michelin Guide .   Naples ' sports scene is dominated by football and Serie A club S.S.C.""
 'He then played college basketball for the Miami Hurricanes of the University of Miami , where he was a three-year starter and finished his career averaging 11 points per game . He was named Third Team All-Big East his junior year and Second Team Verizon Academic All-American his senior year . He was inducted into the University of Miami Sports Hall of Fame in 2014 .   Jones was drafted by the Indiana Pacers in the second round of the 2003 NBA Draft .'
 ""Unlike its European and South American counterparts , the winners of the CONCACAF Champions League do not automatically qualify for the following season 's competition .   The competition was originally known as the CONCACAF Champions ' Cup when it was first organized in 1962 . The title has been won by 28 different clubs , 17 of which have won the title more than once . Mexican clubs have accumulated the highest number of victories , with 31 titles in total .""
 'Michael Dwayne Vick ( born June 26 , 1980 ) is a former American football quarterback who played 13 seasons in the National Football League , primarily with the Atlanta Falcons and the Philadelphia Eagles . He played college football at Virginia Tech and was selected by the Falcons as the first overall pick in the 2001 NFL Draft . During his six years with the Falcons , Vick was regarded as having transformed the quarterback position with his rushing abilities and was named to three Pro Bowls .']"	REFUTES	Do the New Orleans Pelicans compete in the National Football League (NFL)?	REFUTES	CONSISTENT	CONTRADICTION	ENTAILMENT	5.566164408999612	317.64111328125	-1	{'retriever': 'dense', 'topk': 10, 'reranker': False, 'prompt_edit': False, 'reindex': False}	NO_FAILURE	{'total_reward': -0.0, 'failure_reward': 1.0, 'prediction_reward': 1.0, 'consistency_reward': 1.0, 'factuality_reward': 1.0, 'latency_budget_strict': 0.0, 'vram_budget_strict': 1.0, 'latency_rate': 1.1132328817999224, 'vram_rate': 0.0}
0	Caroline Kennedy is a Catholic.	The provided context does not contain any information about Caroline Kennedy's religious affiliation or identification.	"[""She has also acted as a spokesperson for her family 's legacy and co-authored two books on civil liberties with Ellen Alderman .   Early in the primary race for the 2008 presidential election , Kennedy and her uncle Ted endorsed Democratic candidate Barack Obama for President ; she later stumped for him in Florida , Indiana , and Ohio , served as co-chair of his Vice Presidential Search Committee , and addressed the 2008 Democratic National Convention in Denver .""
 'Caroline Bouvier Kennedy ( born November 27 , 1957 ) is an American author , attorney , and diplomat who served as the United States Ambassador to Japan from 2013 to 2017 . She is a prominent member of the Kennedy family and the only surviving child of President John F. Kennedy and First Lady Jacqueline Bouvier Kennedy .   Caroline Kennedy was just short of her sixth birthday when her father was assassinated on November 22 , 1963 .'
 ""The following year , Caroline , her mother , and brother settled on the Upper East Side of Manhattan , where she attended school . Kennedy graduated from Radcliffe College and worked at Manhattan 's Metropolitan Museum of Art , where she met her future husband , exhibit designer Edwin Schlossberg . She went on to receive a J.D. degree from Columbia Law School . Most of Kennedy 's professional life has spanned law and politics , as well as education reform and charitable work .""
 'She was raised in an observant Catholic family , but became an agnostic as a young adult . She began her professional writing career with the publication of Interview with the Vampire in 1976 , while living in California , and began writing sequels to the novel in the 1980s . In the mid-2000s , following a publicized return to Catholicism , Rice published the novels Christ the Lord : Out of Egypt and Christ the Lord : The Road to Cana , fictionalized accounts of certain incidents in the life of Jesus .'
 ""She is also known for being Michael Jackson 's first girlfriend .   In 1986 , O'Neal married professional tennis player John McEnroe , with whom she had three children . The couple separated in 1992 and were divorced in 1994 .""
 ""She was informally known as `` May '' , after her birth month . At the age of 24 , she was betrothed to Prince Albert Victor , Duke of Clarence and Avondale , the eldest son of the Prince of Wales , but six weeks after the announcement of the engagement , he died unexpectedly of pneumonia . The following year , she became engaged to Albert Victor 's next surviving brother , George , who subsequently became king . Before her husband 's accession , she was successively Duchess of York , Duchess of Cornwall , and Princess of Wales .""
 ""After Obama selected United States Senator Hillary Clinton to serve as Secretary of State , Kennedy expressed interest in being appointed to Clinton 's vacant Senate seat from New York , but she later withdrew from consideration , citing `` personal reasons . '' Congresswoman Kirsten Gillibrand ultimately replaced Clinton as the junior New York Senator . In 2013 , President Obama appointed Kennedy as the United States ambassador to Japan .""
 ""Several years later she distanced herself from organized Christianity , citing disagreement with the Church 's stances on social issues but pledging that faith in God remained `` central to [ her ] life . '' However , she now considers herself a secular humanist .   Rice 's books have sold nearly 100 million copies , placing her among the most popular authors in recent American history . While reaction to her early works was initially mixed , she became more popular with critics and readers in the 1980s .""
 ""The concept is ancient and can be seen in many religions and in philosophy .   In the Greek language the term can apply to women , but in modern English it is mainly in use for men . The word nun is typically used for female monastics .   Although the term monachos is of Christian origin , in the English language `` monk '' tends to be used loosely also for both male and female ascetics from other religious or philosophical backgrounds .""
 'Intermittently , she continued to appear in notable films , including Bye Bye Birdie ( 1963 ) , Harper ( 1966 ) and Night of the Lepus ( 1972 ) as well as two films with her daughter , Jamie Lee : The Fog ( 1980 ) and Halloween H20 : 20 Years Later ( 1998 ) . She also wrote four books between 1984 and 2002 , including two novels .']"	NOTENOUGHINFO	Is it true that Caroline Kennedy identifies as a Catholic?	NOTENOUGHINFO	MISSING	CONTRADICTION	CONTRADICTION	4.691583099000127	300.16650390625	-1	{'retriever': 'dense', 'topk': 10, 'reranker': False, 'prompt_edit': False, 'reindex': False}	WRONG_RESPONSE_FAILURE	{'total_reward': 0.020561126733324886, 'failure_reward': 0.0, 'prediction_reward': 1.0, 'consistency_reward': 0.0, 'factuality_reward': 0.0, 'latency_budget_strict': 1.0, 'vram_budget_strict': 1.0, 'latency_rate': 0.9383166198000253, 'vram_rate': 0.0}
0	Caroline Kennedy is a Catholic.	The context does not provide any specific information about Caroline Kennedy's religious affiliation or identification. It focuses on her political career and family background rather than her religious beliefs.	"[""She has also acted as a spokesperson for her family 's legacy and co-authored two books on civil liberties with Ellen Alderman .   Early in the primary race for the 2008 presidential election , Kennedy and her uncle Ted endorsed Democratic candidate Barack Obama for President ; she later stumped for him in Florida , Indiana , and Ohio , served as co-chair of his Vice Presidential Search Committee , and addressed the 2008 Democratic National Convention in Denver .""
 'Caroline Bouvier Kennedy ( born November 27 , 1957 ) is an American author , attorney , and diplomat who served as the United States Ambassador to Japan from 2013 to 2017 . She is a prominent member of the Kennedy family and the only surviving child of President John F. Kennedy and First Lady Jacqueline Bouvier Kennedy .   Caroline Kennedy was just short of her sixth birthday when her father was assassinated on November 22 , 1963 .'
 ""The following year , Caroline , her mother , and brother settled on the Upper East Side of Manhattan , where she attended school . Kennedy graduated from Radcliffe College and worked at Manhattan 's Metropolitan Museum of Art , where she met her future husband , exhibit designer Edwin Schlossberg . She went on to receive a J.D. degree from Columbia Law School . Most of Kennedy 's professional life has spanned law and politics , as well as education reform and charitable work .""
 'She was raised in an observant Catholic family , but became an agnostic as a young adult . She began her professional writing career with the publication of Interview with the Vampire in 1976 , while living in California , and began writing sequels to the novel in the 1980s . In the mid-2000s , following a publicized return to Catholicism , Rice published the novels Christ the Lord : Out of Egypt and Christ the Lord : The Road to Cana , fictionalized accounts of certain incidents in the life of Jesus .'
 ""She is also known for being Michael Jackson 's first girlfriend .   In 1986 , O'Neal married professional tennis player John McEnroe , with whom she had three children . The couple separated in 1992 and were divorced in 1994 .""
 ""She was informally known as `` May '' , after her birth month . At the age of 24 , she was betrothed to Prince Albert Victor , Duke of Clarence and Avondale , the eldest son of the Prince of Wales , but six weeks after the announcement of the engagement , he died unexpectedly of pneumonia . The following year , she became engaged to Albert Victor 's next surviving brother , George , who subsequently became king . Before her husband 's accession , she was successively Duchess of York , Duchess of Cornwall , and Princess of Wales .""
 ""After Obama selected United States Senator Hillary Clinton to serve as Secretary of State , Kennedy expressed interest in being appointed to Clinton 's vacant Senate seat from New York , but she later withdrew from consideration , citing `` personal reasons . '' Congresswoman Kirsten Gillibrand ultimately replaced Clinton as the junior New York Senator . In 2013 , President Obama appointed Kennedy as the United States ambassador to Japan .""
 ""Several years later she distanced herself from organized Christianity , citing disagreement with the Church 's stances on social issues but pledging that faith in God remained `` central to [ her ] life . '' However , she now considers herself a secular humanist .   Rice 's books have sold nearly 100 million copies , placing her among the most popular authors in recent American history . While reaction to her early works was initially mixed , she became more popular with critics and readers in the 1980s .""
 ""The concept is ancient and can be seen in many religions and in philosophy .   In the Greek language the term can apply to women , but in modern English it is mainly in use for men . The word nun is typically used for female monastics .   Although the term monachos is of Christian origin , in the English language `` monk '' tends to be used loosely also for both male and female ascetics from other religious or philosophical backgrounds .""
 'Intermittently , she continued to appear in notable films , including Bye Bye Birdie ( 1963 ) , Harper ( 1966 ) and Night of the Lepus ( 1972 ) as well as two films with her daughter , Jamie Lee : The Fog ( 1980 ) and Halloween H20 : 20 Years Later ( 1998 ) . She also wrote four books between 1984 and 2002 , including two novels .']"	NOTENOUGHINFO	Is it true that Caroline Kennedy identifies as a Catholic?	NOTENOUGHINFO	MISSING	CONTRADICTION	CONTRADICTION	5.377182428999731	322.07763671875	2	{'prompt_edit': 'WR'}	WRONG_RESPONSE_FAILURE	{'total_reward': -0.0, 'failure_reward': 0.0, 'prediction_reward': 1.0, 'consistency_reward': 0.0, 'factuality_reward': 0.0, 'latency_budget_strict': 0.0, 'vram_budget_strict': 1.0, 'latency_rate': 1.0754364857999463, 'vram_rate': 0.0}
0	Starrcade was an annual professional wrestling event that began in 1988.	The context states that Starrcade was an annual professional wrestling event that started in 1988.	"['Starrcade was an annual professional wrestling event , originally broadcast via closed-circuit television and eventually broadcast via pay-per-view television , held from 1983 to 2000 by the National Wrestling Alliance ( NWA ) and later World Championship Wrestling ( WCW ) . Starrcade was regarded by the NWA and WCW as their flagship event of the year , much in the same vein that its rival , the World Wrestling Entertainment , regards WrestleMania . As a result , the buildup to each Starrcade featured the largest feuds of the promotion .'
 'It popularized broadcasting on closed-circuit television and was financially successful . From 1987 , Starrcade was broadcast on pay-per-view , the first NWA event to do so .   The rights to the event now belong to WWE ( formerly the World Wrestling Federation ) . In November 2008 , WWE 24/7 Classics aired a special as a celebration of the 25th anniversary of the event called The Essential Starrcade . This five-part series counts down the top 25 matches in Starrcade history .'
 'From 1983 to 1987 , Starrcade was produced by Jim Crockett Promotions ( JCP ) , the dominant promotion of the NWA , and aired on Thanksgiving Day . In 1987 , the WWF scheduled a pay-per-view of their own , Survivor Series , on Thanksgiving night and demanded exclusivity from cable providers on carriage of the event . In order to prevent such a problem , Starrcade was moved to December the following year and the show was held around Christmas Day , mostly in the days following , beginning in 1988 .'
 'Also in 1988 , JCP was sold to Turner Broadcasting due to financial problems and became WCW , though Starrcade was held under the NWA banner until 1990 .   From the 1960s to the 1980s , it was tradition for JCP to hold major professional wrestling events on Thanksgiving and Christmas , mostly at Greensboro Coliseum . In 1983 , JCP created Starrcade as their supercard to continue the Thanksgiving tradition , and spread it across its territory on closed-circuit television .'
 'In January 2009 , WWE Home Video released Starrcade : The Essential Collection as a three disc DVD set . With the launch of the WWE Network in 2014 all Starrcade shows became available on demand to Network subscribers .'
 'On February 22 , 2016 , he returned to the WWE as an on-screen character .'
 ""As a wrestler , he won the European Championship once and the Hardcore Championship once , and has wrestled in the main event of multiple WWE pay per views .   In 2009 , McMahon announced his resignation from WWE which went into effect January 1 , 2010 . He later became CEO of entertainment service company YOU On Demand in late 2010 . On July 12 , 2013 , McMahon voluntarily stepped down as CEO of YOU On Demand and appointed Weicheng Liu as his successor , while remaining the company 's principal executive officer and Vice Chairman of the Board .""
 'It is also the home of the Will Eisner Awards .   Originally showcasing primarily comic books and science fiction/fantasy related film , television , and similar popular arts , the convention has since included a larger range of pop culture and entertainment elements across virtually all genres , including horror , animation , anime , manga , toys , collectible card games , video games , webcomics , and fantasy novels .'
 ""San Diego Comic-Con International is a multi-genre entertainment and comic convention held annually in San Diego , California , United States . It was founded as the Golden State Comic Book Convention in 1970 by a group of San Diegans that included Shel Dorf , Richard Alf , Ken Krueger and Mike Towry ; later , it was called the `` San Diego Comic Book Convention '' .""
 'She has since won more than 35 adult-video awards , and has been inducted into the X-Rated Critics Organization ( XRCO ) and Adult Video News ( AVN ) Halls of Fame .   Jameson founded the adult-entertainment company ClubJenna in 2000 with Jay Grdina , whom she later married and divorced . Initially a single website , this business expanded into managing similar websites of other stars and began producing sexually explicit videos in 2001 .']"	REFUTES	Was Starrcade an annual professional wrestling event that started in 1988?	SUPPORTS	CONSISTENT	CONTRADICTION	CONTRADICTION	5.1242922960000215	287.57275390625	-1	{'retriever': 'dense', 'topk': 10, 'reranker': False, 'prompt_edit': False, 'reindex': False}	WRONG_RESPONSE_FAILURE	{'total_reward': -0.0, 'failure_reward': 0.0, 'prediction_reward': 0.0, 'consistency_reward': 1.0, 'factuality_reward': 0.0, 'latency_budget_strict': 0.0, 'vram_budget_strict': 1.0, 'latency_rate': 1.0248584592000043, 'vram_rate': 0.0}
0	Starrcade was an annual professional wrestling event that began in 1988.	The context states that Starrcade was an annual professional wrestling event that started in 1988, which directly supports the claim in the question.	"['Starrcade was an annual professional wrestling event , originally broadcast via closed-circuit television and eventually broadcast via pay-per-view television , held from 1983 to 2000 by the National Wrestling Alliance ( NWA ) and later World Championship Wrestling ( WCW ) . Starrcade was regarded by the NWA and WCW as their flagship event of the year , much in the same vein that its rival , the World Wrestling Entertainment , regards WrestleMania . As a result , the buildup to each Starrcade featured the largest feuds of the promotion .'
 'It popularized broadcasting on closed-circuit television and was financially successful . From 1987 , Starrcade was broadcast on pay-per-view , the first NWA event to do so .   The rights to the event now belong to WWE ( formerly the World Wrestling Federation ) . In November 2008 , WWE 24/7 Classics aired a special as a celebration of the 25th anniversary of the event called The Essential Starrcade . This five-part series counts down the top 25 matches in Starrcade history .'
 'From 1983 to 1987 , Starrcade was produced by Jim Crockett Promotions ( JCP ) , the dominant promotion of the NWA , and aired on Thanksgiving Day . In 1987 , the WWF scheduled a pay-per-view of their own , Survivor Series , on Thanksgiving night and demanded exclusivity from cable providers on carriage of the event . In order to prevent such a problem , Starrcade was moved to December the following year and the show was held around Christmas Day , mostly in the days following , beginning in 1988 .'
 'Also in 1988 , JCP was sold to Turner Broadcasting due to financial problems and became WCW , though Starrcade was held under the NWA banner until 1990 .   From the 1960s to the 1980s , it was tradition for JCP to hold major professional wrestling events on Thanksgiving and Christmas , mostly at Greensboro Coliseum . In 1983 , JCP created Starrcade as their supercard to continue the Thanksgiving tradition , and spread it across its territory on closed-circuit television .'
 'In January 2009 , WWE Home Video released Starrcade : The Essential Collection as a three disc DVD set . With the launch of the WWE Network in 2014 all Starrcade shows became available on demand to Network subscribers .'
 'On February 22 , 2016 , he returned to the WWE as an on-screen character .'
 ""As a wrestler , he won the European Championship once and the Hardcore Championship once , and has wrestled in the main event of multiple WWE pay per views .   In 2009 , McMahon announced his resignation from WWE which went into effect January 1 , 2010 . He later became CEO of entertainment service company YOU On Demand in late 2010 . On July 12 , 2013 , McMahon voluntarily stepped down as CEO of YOU On Demand and appointed Weicheng Liu as his successor , while remaining the company 's principal executive officer and Vice Chairman of the Board .""
 'It is also the home of the Will Eisner Awards .   Originally showcasing primarily comic books and science fiction/fantasy related film , television , and similar popular arts , the convention has since included a larger range of pop culture and entertainment elements across virtually all genres , including horror , animation , anime , manga , toys , collectible card games , video games , webcomics , and fantasy novels .'
 ""San Diego Comic-Con International is a multi-genre entertainment and comic convention held annually in San Diego , California , United States . It was founded as the Golden State Comic Book Convention in 1970 by a group of San Diegans that included Shel Dorf , Richard Alf , Ken Krueger and Mike Towry ; later , it was called the `` San Diego Comic Book Convention '' .""
 'She has since won more than 35 adult-video awards , and has been inducted into the X-Rated Critics Organization ( XRCO ) and Adult Video News ( AVN ) Halls of Fame .   Jameson founded the adult-entertainment company ClubJenna in 2000 with Jay Grdina , whom she later married and divorced . Initially a single website , this business expanded into managing similar websites of other stars and began producing sexually explicit videos in 2001 .']"	REFUTES	Was Starrcade an annual professional wrestling event that started in 1988?	SUPPORTS	CONSISTENT	CONTRADICTION	CONTRADICTION	5.919630209000388	369.71533203125	1	{'prompt_edit': 'WP'}	WRONG_RESPONSE_FAILURE	{'total_reward': -0.0, 'failure_reward': 0.0, 'prediction_reward': 0.0, 'consistency_reward': 1.0, 'factuality_reward': 0.0, 'latency_budget_strict': 0.0, 'vram_budget_strict': 1.0, 'latency_rate': 1.1839260418000777, 'vram_rate': 0.0}
0	Jack Falahee is a person who acts.	Jack Falahee is described as an American actor who acted in several TV shows.	"['Jack Ryan Falahee ( born February 20 , 1989 ) is an American actor . He is known for his role as Connor Walsh on the ABC television legal drama How to Get Away with Murder , and for playing Benjamin Stringfellow on the PBS historical drama Mercy Street .'
 'Humphrey DeForest Bogart ( [ ˈboʊgɑrt ] December 25 , 1899January 14 , 1957 ) was an American screen and stage actor whose performances in 1940s films noir such as The Maltese Falcon , Casablanca , and The Big Sleep earned him status as a cultural icon .   Bogart began acting in 1921 after a hitch in the U.S. Navy in World War I and little success in various jobs in finance and the production side of the theater .'
 'Luke , while Dr. Luke claims breach of contract and defamation against Kesha . Kesha has not released any solo studio recordings during the legal dispute , but has continued to perform live , and has appeared as a guest musician in collaborations with other artists , including Zedd , Ben Folds , and The Flaming Lips .'
 ""Tom Fogerty had officially left the previous year , and his brother John was at odds with the remaining members over matters of business and artistic control , all of which resulted in subsequent lawsuits between the former bandmates . Fogerty 's ongoing disagreements with Saul Zaentz , owner of their label Fantasy Records , created further protracted court battles . As a result , John Fogerty refused to perform with the two other surviving former members at CCR 's 1993 induction into the Rock and Roll Hall of Fame .""
 ""Between 2002 and 2008 , he played bass in the supergroup Velvet Revolver with his former Guns N ' Roses bandmates Slash and Matt Sorum . He briefly performed with Jane 's Addiction in 2010 and joined the supergroup Hollywood Vampires in 2016 .   In addition to his musical career , McKagan has established himself as a writer . He has written weekly columns on a wide variety of topics for SeattleWeekly.com , Playboy.com , and ESPN.com .""
 'David Wayne Spade ( born July 22 , 1964 ) is an American actor , stand-up comedian , writer and television personality . He rose to fame in the 1990s as a cast member on Saturday Night Live , then began a successful acting career in both film and television . He also starred and co-starred in the films Tommy Boy , Black Sheep , Joe Dirt , Joe Dirt 2 : Beautiful Loser , Grown Ups , and Grown Ups 2 , among others .'
 ""Edgar Howard Wright ( born 18 April 1974 ) is an English director , screenwriter , producer , and actor . He is best known for his comedic Three Flavours Cornetto film trilogy consisting of Shaun of the Dead ( 2004 ) , Hot Fuzz ( 2007 ) , and The World 's End ( 2013 ) , made with recurrent collaborators Simon Pegg , Nira Park and Nick Frost . He also collaborated with them as the director of the television series Spaced .""
 ""Motörhead 's success peaked in 1980 and 1981 and included the hit single `` Ace of Spades '' and the top charting live album No Sleep 'til Hammersmith . Lemmy continued to record and tour regularly with Motörhead until his death in December 2015 in Los Angeles , where he had lived since 1990 .   Aside from his musical activities , Lemmy was well known for his hard-living lifestyle , chain smoking , and regular consumption of alcohol ( notably Jack Daniel 's ) and amphetamines .""
 ""He was denounced in the popular press as `` the wickedest man in the world '' and a Satanist . Crowley has remained a highly influential figure over Western esotericism and the counter-culture , and continues to be considered a prophet in Thelema . In 2002 , a BBC poll ranked him as the seventy-third greatest Briton of all time .""
 ""Michael Andrew `` Duff '' McKagan ( born February 5 , 1964 ) is an American musician , singer , songwriter and author . He is best known for his twelve-year tenure as the bass guitarist of the hard rock band Guns N ' Roses , with whom he achieved worldwide success in the late 1980s and early 1990s . McKagan rejoined the band in 2016 , following their induction into the Rock and Roll Hall of Fame .""]"	SUPPORTS	Is it true that Jack Falahee acts?	SUPPORTS	MISSING	ENTAILMENT	ENTAILMENT	4.247762287999649	307.0498046875	-1	{'retriever': 'dense', 'topk': 10, 'reranker': False, 'prompt_edit': False, 'reindex': False}	NO_FAILURE	{'total_reward': 0.1253729520000585, 'failure_reward': 1.0, 'prediction_reward': 1.0, 'consistency_reward': 0.0, 'factuality_reward': 1.0, 'latency_budget_strict': 1.0, 'vram_budget_strict': 1.0, 'latency_rate': 0.8495524575999298, 'vram_rate': 0.0}
0	Seohyun is a dog.	The context does not contain any information about Seohyun being a dog.	"[""Seo Ju-hyun ( born June 28 , 1991 ) , known professionally as Seohyun , is a South Korean singer and actress . She debuted as a member of girl group Girls ' Generation ( and later its subgroup TTS ) in August 2007 , who went on to be one of the best-selling artists in South Korea and one of South Korea 's most popular girl groups worldwide .""
 ""Apart from her group 's activities , she has established herself as an actress , notably through her participation in the original and Korean versions of stage musicals including Moon Embracing the Sun , Gone with the Wind and Mamma Mia . She also starred in the drama `` Moon Lovers : Scarlet Heart Ryeo '' . She debuted as a solo artist with her debut mini album , Do n't Say No , on January 17 , 2017 , making her the third Girls ' Generation member to debut as a solo artist .""
 'The horse ( Equus ferus caballus ) is one of two extant subspecies of Equus ferus . It is an odd-toed ungulate mammal belonging to the taxonomic family Equidae . The horse has evolved over the past 45 to 55 million years from a small multi-toed creature , Eohippus , into the large , single-toed animal of today . Humans began to domesticate horses around 4000 BC , and their domestication is believed to have been widespread by 3000 BC .'
 ""Horses in the subspecies caballus are domesticated , although some domesticated populations live in the wild as feral horses . These feral populations are not true wild horses , as this term is used to describe horses that have never been domesticated , such as the endangered Przewalski 's horse , a separate subspecies , and the only remaining true wild horse . There is an extensive , specialized vocabulary used to describe equine-related concepts , covering everything from anatomy to life stages , size , colors , markings , breeds , locomotion , and behavior .""
 'Kelly Preston ( born October 13 , 1962 ) is an American actress and former model . She has appeared in more than sixty television and film productions , most notably including Mischief , Twins and Jerry Maguire . She is married to John Travolta , with whom she collaborated on the fantasy film Battlefield Earth . She also starred in the films The Cat in the Hat , Old Dogs , and Broken Bridges .'
 'He started his professional career in 1984 , instructing marine biology , at the Orange County Marine Institute , where he wrote The Intertidal Zone , an informative comic book about tide-pool animals , which he used to educate his students . In 1989 , two years after leaving teaching , Hillenburg enrolled at the California Institute of the Arts to pursue a career in animation .'
 ""Her debut album , Animal , and her first extended play , Cannibal , were released in 2010 . Kesha 's music and image propelled her to immediate commercial success , with Animal debuting as the number-one album in the United States . She also achieved 3 more number-one singles , `` Tik Tok '' and `` We R Who We R '' as a solo artist , and `` Timber '' as a featured artist , and a string of top-ten singles from the album and its re-release .""
 'He is the subject of the 2016 Todd Phillips drama-comedy film War Dogs , in which he is portrayed by Miles Teller . Packouz has a cameo in the film as a guitarist and singer at an elderly home .   Packouz went on to invent a guitar pedal drum machine , the BeatBuddy , and is currently the CEO of music technology company Singular Sound .'
 ""Noah Lindsey Cyrus ( born January 8 , 2000 ) is an American actress and singer . She voiced the title role in the English version of the 2009 animated feature film Ponyo . In 2016 , she released her debut single `` Make Me ( Cry ) '' , featuring vocals from Labrinth . Her debut album is set to be released in late 2017 . She is the youngest daughter of Billy Ray Cyrus and younger sister of Miley Cyrus and Trace Cyrus .""
 ""He married Rose Edith Kelly and in 1904 they honeymooned in Cairo , Egypt , where Crowley claimed to have been contacted by a supernatural entity named Aiwass , who provided him with The Book of the Law , a sacred text that served as the basis for Thelema . Announcing the start of the Æon of Horus , The Book declared that its followers should `` Do what thou wilt '' and seek to align themselves with their True Will through the practice of magick .""]"	REFUTES	Is it true that Seohyun is a dog?	NOTENOUGHINFO	MISSING	CONTRADICTION	ENTAILMENT	4.622478400000546	308.13720703125	-1	{'retriever': 'dense', 'topk': 10, 'reranker': False, 'prompt_edit': False, 'reindex': False}	NO_FAILURE	{'total_reward': 0.03775215999994541, 'failure_reward': 1.0, 'prediction_reward': 0.0, 'consistency_reward': 0.0, 'factuality_reward': 1.0, 'latency_budget_strict': 1.0, 'vram_budget_strict': 1.0, 'latency_rate': 0.9244956800001092, 'vram_rate': 0.0}
0	Steve Wozniak was born after the Apple II came out.	Steve Wozniak was born in 1950, and the Apple II computer was released in 1977. Therefore, Steve Wozniak was indeed born before the Apple II was released.	"[""Stephen ( or Stephan ) Gary Wozniak ( [ ˈwɒzniæk ] , born August 11 , 1950 ) , nicknamed `` Woz '' , is an American inventor , electronics engineer , programmer , philanthropist , and technology entrepreneur who co-founded Apple Inc. . He is known as a pioneer of the personal computer revolution of the 1970s and 1980s , along with Apple co-founder Steve Jobs .""
 'Wozniak single-handedly developed the 1976 Apple I , which was the computer that launched Apple . He primarily designed the 1977 Apple II , known as one of the first highly successful mass-produced microcomputers , while Jobs oversaw the development of its unusual case and Rod Holt developed the unique power supply .'
 'He began his professional career in 1953 , working in the studio of Joe Simon and Jack Kirby , beginning as an inker and coming under the influence of artist Mort Meskin . During this time , he then began his long association with Charlton Comics , where he did work in the genres of science fiction , horror , and mystery . He also co-created the superhero Captain Atom in 1960 .   During the 1950s , Ditko also drew for Atlas Comics , a forerunner of Marvel Comics . He went on to contribute much significant work to Marvel .'
 'Stephen McDannell Hillenburg ( born August21 , 1961 ) is an American cartoonist , animator , director , producer , and writer . A former marine-biology teacher , he created SpongeBob SquarePants ( 1999 ) , which has gone on to become one of the longest-running American television series as well as the highest-rated show ever to air on Nickelodeon .   Born in Lawton , Oklahoma and raised in Anaheim , California , Hillenburg became fascinated with the ocean as a child and also developed an interest in art .'
 ""He was later offered a job on the Nickelodeon animated television series Rocko 's Modern Life ( 19931996 ) after his success with animated short films The Green Beret and Wormholes ( both 1992 ) , which he made while studying animation .   In 1994 , Hillenburg began developing The Intertidal Zone characters and concepts for what became SpongeBob SquarePants . The show premiered in 1999 and has since aired episodes .""
 'She has produced some of the films in which she starred , including Two Weeks Notice , Miss Congeniality 2 : Armed and Fabulous , and All About Steve . She was an executive producer of the ABC sitcom , George Lopez , and made several appearances during its run .'
 ""A , a hero reflecting the influence of Ayn Rand 's philosophy of Objectivism . Since the 1960s , Ditko has declined most interviews , stating that it is his work he offers readers , not his personality .   Ditko was inducted into the comics industry 's Jack Kirby Hall of Fame in 1990 , and into the Will Eisner Award Hall of Fame in 1994 .""
 'On February 22 , 2016 , he returned to the WWE as an on-screen character .'
 ""His activities eventually led to his arrest on charges of treason in 1807 . The subsequent trial resulted in acquittal , but Burr 's western schemes left him with large debts and few influential friends . In a final quest for grand opportunities , he left the United States for Europe . He remained overseas until 1812 , when he returned to the United States to practice law in New York City . There he spent the rest of his life in relative obscurity .""
 'The album was released in June 2013 .']"	REFUTES	Was Steve Wozniak born after the Apple II computer was released?	REFUTES	MISSING	CONTRADICTION	ENTAILMENT	6.070864727999833	240.7412109375	-1	{'retriever': 'dense', 'topk': 10, 'reranker': False, 'prompt_edit': False, 'reindex': False}	NO_FAILURE	{'total_reward': -0.0, 'failure_reward': 1.0, 'prediction_reward': 1.0, 'consistency_reward': 0.0, 'factuality_reward': 1.0, 'latency_budget_strict': 0.0, 'vram_budget_strict': 1.0, 'latency_rate': 1.2141729455999666, 'vram_rate': 0.0}
0	A&E is a cable and satellite television network.	A&E is described as an American cable and satellite television channel.	"['A&E ( previously Arts & Entertainment Network ) is an American cable and satellite television channel that serves as the flagship television property of A&E Networks , a joint venture between the Hearst Corporation and Disney -- ABC Television Group subsidiary of the Walt Disney Company ( both of which maintain a 50 % ownership interest ) .   The channel originally focused programming on biographies , documentaries , and drama series ( especially crime dramas and mysteries ) but has later expanded to include reality television programming .'
 'As of July 2015 , the A&E network is available to approximately 95,968,000 pay television households ( 82.4 % of households with television ) in the United States .   The channel is headquartered in New York City and operates offices in Atlanta , Georgia ; Chicago , Illinois ; Detroit , Michigan ; London , United Kingdom ; Los Angeles , California and Stamford , Connecticut . The U.S. version of the channel is shown in Canada while international versions exist for Australia , Latin America , and Europe .'
 ""AMGTV is an American family-oriented television network featuring television programming consisting of drama , sports , movies , entertainment , how-to , hunting and fishing , children 's shows , and other features . The network is owned by the American company Access Media Group .   AMGTV provides programming to television stations in the United States , and is a competitor of Youtoo America and similar networks . AMGTV also syndicates several movie packages and music specials to stations outside their affiliate base .   The president of AMGTV is Terry Elaqua .""
 'Telemundo ( [ teleˈmundo ] ) is an American Spanish-language terrestrial television network owned by Comcast through the NBCUniversal division NBCUniversal Telemundo Enterprises . It is the second largest provider of Spanish content nationwide behind American competitor Univision , with programming syndicated worldwide to more than 100 countries in over 35 languages .   The channel broadcasts programs and original content aimed at Hispanic and Latino American audiences in the United States and worldwide , consisting of telenovelas , sports , reality television , news programming , and films -- either imported or Spanish-dubbed .'
 'In addition , Telemundo operates NBC Universo , a separate channel directed towards young Hispanic audiences ; Telemundo Digital Media , which distributes original programming content across mass media , the Telemundo and NBC Universo websites ; Puerto Rico telestation WKAQ-TV ; and international distribution arm Telemundo Internacional .   Telemundo is headquartered in the Miami suburb of Hialeah , Florida , and has 1,900 employees worldwide .'
 'Murdoch and his family own both 21st Century Fox and News Corp through the Murdoch Family Trust .   In July 2016 , after the resignation of Roger Ailes due to accusations of sexual harassment , Murdoch was named the acting CEO of Fox News .'
 ""The dot duration is the basic unit of time measurement in code transmission . To increase the speed of the communication , the code was designed so that the length of each character in Morse varies approximately inversely to its frequency of occurrence in English . Thus the most common letter in English , the letter `` E '' , has the shortest code , a single dot .   Morse code is used by some amateur radio operators , although knowledge of and proficiency with it is no longer required for licensing in most countries . Pilots and air traffic controllers usually need only a cursory understanding .""
 ""Murdoch 's News Corporation acquired Twentieth Century Fox ( 1985 ) , HarperCollins ( 1989 ) , and The Wall Street Journal ( 2007 ) . Murdoch formed the British broadcaster BSkyB in 1990 , and during the 1990s expanded into Asian networks and South American television . By 2000 , Murdoch 's News Corporation owned over 800 companies in more than 50 countries , with a net worth of over $ 5 billion .""
 ""Murdoch thus had full control as Chairman and CEO of global media holding company News Corporation , now the world 's second-largest media conglomerate , and its successors , News Corp and 21st Century Fox , after the conglomerate split on 28 June 2013 .   In the 1950s and 1960s , Murdoch acquired a number of newspapers in Australia and New Zealand , before expanding into the United Kingdom in 1969 , taking over the News of the World , followed closely by The Sun .""
 'In July 2011 , Murdoch faced allegations that his companies , including the News of the World , owned by News Corporation , had been regularly hacking the phones of celebrities , royalty , and public citizens . Murdoch faces police and government investigations into bribery and corruption by the British government and FBI investigations in the U.S. On 21 July 2012 , Murdoch resigned as a director of News International . On 1 July 2015 , Murdoch left his post as CEO of 21st Century Fox .']"	SUPPORTS	Is it true that A&E is a cable and satellite television network?	SUPPORTS	CONSISTENT	ENTAILMENT	ENTAILMENT	4.6852435510008945	329.5400390625	-1	{'retriever': 'dense', 'topk': 10, 'reranker': False, 'prompt_edit': False, 'reindex': False}	NO_FAILURE	{'total_reward': 0.06295128979982112, 'failure_reward': 1.0, 'prediction_reward': 1.0, 'consistency_reward': 1.0, 'factuality_reward': 1.0, 'latency_budget_strict': 1.0, 'vram_budget_strict': 1.0, 'latency_rate': 0.9370487102001789, 'vram_rate': 0.0}
0	L.A. Reid has served as the president of a record label.	L.A. Reid holds the positions of chairman and CEO of Epic Records, president and CEO of Arista Records, and chairman and CEO of the Island Def Jam Music Group.	"[""Antonio Marquis `` L.A. '' Reid ( born June 7 , 1956 ) is an American music executive , musician , songwriter , record producer , author and former television music competition judge . He has served as the chairman and CEO of Epic Records , a division of Sony Music Entertainment , the president and CEO of Arista Records , and the chairman and CEO of the Island Def Jam Music Group .  Reid was also the founder and CEO of Hitco Music Publishing and the co-founder of LaFace Records .""
 'Over the course of his career he has worked with artists including Fifth Harmony , Kenneth Babyface Edmonds , Bobby Brown , Johnny Gill , Boyz II Men , Outkast , Toni Braxton , TLC , Mariah Carey , Avril Lavigne , Paula Abdul , Pink , Justin Bieber , Meghan Trainor , Rihanna , Kanye West , Usher , Ne-Yo , 21 Savage , Young Jeezy , Ciara , Zara Larsson , Jidenna , Jennifer Lopez , Future , Travis Scott and Rick Ross .'
 ""He appeared as a judge on the first two seasons of the U.S. version of the television show The X Factor , but in December 2012 announced he would not be back for the show 's third season , saying he wanted to focus on his leadership at Epic Records .""
 ""She has also acted as a spokesperson for her family 's legacy and co-authored two books on civil liberties with Ellen Alderman .   Early in the primary race for the 2008 presidential election , Kennedy and her uncle Ted endorsed Democratic candidate Barack Obama for President ; she later stumped for him in Florida , Indiana , and Ohio , served as co-chair of his Vice Presidential Search Committee , and addressed the 2008 Democratic National Convention in Denver .""
 'He was elected twice to the New York State Assembly ( 1784 -- 1785 , 1798 -- 1799 ) , was appointed New York State Attorney General ( 1789 -- 1791 ) , was chosen as a U.S. senator ( 1791 -- 1797 ) , from the State of New York , and reached the apex of his career as vice president .'
 ""Aaron Burr Jr. ( February 6 , 1756September 14 , 1836 ) was an American politician . He was the third Vice President of the United States ( 1801 -- 1805 ) , serving during Thomas Jefferson 's first term .   Burr served as a Continental Army officer in the Revolutionary War , after which he became a successful lawyer and politician .""
 ""Tom Fogerty had officially left the previous year , and his brother John was at odds with the remaining members over matters of business and artistic control , all of which resulted in subsequent lawsuits between the former bandmates . Fogerty 's ongoing disagreements with Saul Zaentz , owner of their label Fantasy Records , created further protracted court battles . As a result , John Fogerty refused to perform with the two other surviving former members at CCR 's 1993 induction into the Rock and Roll Hall of Fame .""
 'In 1997 , to coincide with the release of Nimrod , Armstrong founded Adeline Records in Oakland to help support other bands releasing music and signed bands such as The Frustrators , AFI and Dillinger Four . The record company has since come under the management of Pat Magnarella .'
 'Pharrell Lanscilo Williams ( [ fəˈɹ̠ɛːl ] born April 5 , 1973 ) is an American singer-songwriter , rapper , record producer , and film producer .   Williams and Chad Hugo make up the record production duo The Neptunes , producing soul , hip hop and R&B music . He is the lead vocalist and drummer of the rock-funk-hip hop band N * E * R * D , that he formed with Hugo and childhood friend , Shay Haley .'
 ""During Jackson 's eight years as president , Van Buren was a key advisor , and built the organizational structure for the coalescing Democratic Party , particularly in New York . In 1831 , following his resignation as Secretary of State , which aided Jackson in resolving the Petticoat affair , Jackson gave Van Buren a recess appointment as American minister to Britain . Van Buren 's nomination was rejected by the Senate , cutting short his service in London , but he was elected vice president in the 1832 election .""]"	SUPPORTS	Does L.A. Reid hold the position of president at a record label?	SUPPORTS	MISSING	ENTAILMENT	ENTAILMENT	5.846932104000189	295.509765625	-1	{'retriever': 'dense', 'topk': 10, 'reranker': False, 'prompt_edit': False, 'reindex': False}	NO_FAILURE	{'total_reward': -0.0, 'failure_reward': 1.0, 'prediction_reward': 1.0, 'consistency_reward': 0.0, 'factuality_reward': 1.0, 'latency_budget_strict': 0.0, 'vram_budget_strict': 1.0, 'latency_rate': 1.1693864208000377, 'vram_rate': 0.0}
0	Veeram is something other than an Indian Tamil film.	The provided context does not contain any information specifically addressing whether Veeram is an Indian Tamil film.	"['The film was released on 10 January 2014 . The film received positive reviews from critics and became successful at box-office . The film was dubbed and released in Telugu as Veerudokkade and in Hindi as Veeram The Powerman . Despite the release of dubbed version , the film is being remade in Telugu as Katamarayudu ( 2017 ) with Pawan Kalyan .'
 'Veeram ( Valour ) is a 2014 Indian Tamil action film directed by Siva and produced by Vijaya Productions . The film features Ajith Kumar in the lead role , while an ensemble supporting cast includes Tamannaah , Vidharth , Bala , Santhanam , Nassar , Pradeep Rawat and Abhinaya , among others . Pre-production works had been ongoing since December 2011 , with shooting starting in April 2013 .'
 'Broadly falling into the Hyperlink cinema genre , the film was critically acclaimed , receiving several accolades including four Filmfare Awards ( Best Movie , Best Director , Best Actor and Best Actress ) and had a decent run at the box office as well .   The film was dubbed in Malayalam and Krish later remade the film in Tamil as Vaanam ( 2011 ) , with Silambarasan , Bharath and Prakash Raj , while Anushka and Saranya reprised their roles .'
 'Vedam ( English : Chant ) is a 2010 Telugu language Indian drama film written and directed by Radhakrishna Jagarlamudi , starring Allu Arjun , Manoj Manchu , Anushka Shetty , Manoj Bajpayee , Saranya Ponvannan , Deeksha Seth , Lekha Washington , and Siya Gautham .'
 ""It was also dubbed in Hindi as `` Antim Faisla '' by Goldmines Telefilms .""
 ""Gopala Ratnam Subramaniam ( born 2 June 1955 ) , commonly known by his screen name Mani Ratnam , is an Indian film director , screenwriter , and producer who predominantly works in Tamil cinema . Cited by the media as one of India 's influential filmmakers , Mani Ratnam is widely credited with revolutionising the Tamil film industry and altering the profile of Indian cinema . Although working in the mainstream medium , his films are noted for their realism , technical finesse , and craft .""
 ""It spawned many imitations of its story and style , and homages to specific scenes . Dilwale Dulhania Le Jayenge was one of only three Hindi films in the reference book 1001 Movies You Must See Before You Die , and was placed twelfth on the British Film Institute 's list of top Indian films of all time . It is the longest-running film in the history of Indian cinema .""
 'The film was later remade into the Telugu film Vichitra Jeevitham ( 1978 ) starring Akkineni Nageswara Rao , Vanisri , and Jayasudha .'
 ""However , his fifth directorial outing , Mouna Ragam ( 1986 ) , established him as a leading filmmaker in Tamil cinema . He followed that with the Godfatheresque Nayagan ( 1987 ) , which is regarded as a cult film over the years . Mani Ratnam is well known for his `` Political trilogy '' consisting of Roja ( 1992 ) , Bombay ( 1995 ) , and Dil Se . . ( 1998 ) .""
 'Veeru Devgan is an Indian stunt and action choreographer and film director in Bollywood . Born into the Devgan family in Amritsar , he is married to Veena , and has four children with her , including the actor Ajay Devgan and director Anil Devgan . He has choreographed fight and action scenes for over 80 Hindi films . He has also directed a film -- Hindustan Ki Kasam ( 1999 ) .']"	REFUTES	Is it true that Veeram is an Indian Tamil film?	NOTENOUGHINFO	CONSISTENT	ENTAILMENT	CONTRADICTION	4.478465891999804	282.01806640625	-1	{'retriever': 'dense', 'topk': 10, 'reranker': False, 'prompt_edit': False, 'reindex': False}	WRONG_RESPONSE_FAILURE	{'total_reward': 0.017384470266673203, 'failure_reward': 0.0, 'prediction_reward': 0.0, 'consistency_reward': 1.0, 'factuality_reward': 0.0, 'latency_budget_strict': 1.0, 'vram_budget_strict': 1.0, 'latency_rate': 0.8956931783999608, 'vram_rate': 0.0}
0	Veeram is something other than an Indian Tamil film.	The provided context does not contain any specific information about Veeram being an Indian Tamil film.	"['Veeram ( Valour ) is a 2014 Indian Tamil action film directed by Siva and produced by Vijaya Productions . The film features Ajith Kumar in the lead role , while an ensemble supporting cast includes Tamannaah , Vidharth , Bala , Santhanam , Nassar , Pradeep Rawat and Abhinaya , among others . Pre-production works had been ongoing since December 2011 , with shooting starting in April 2013 .'
 'The film was released on 10 January 2014 . The film received positive reviews from critics and became successful at box-office . The film was dubbed and released in Telugu as Veerudokkade and in Hindi as Veeram The Powerman . Despite the release of dubbed version , the film is being remade in Telugu as Katamarayudu ( 2017 ) with Pawan Kalyan .'
 'Broadly falling into the Hyperlink cinema genre , the film was critically acclaimed , receiving several accolades including four Filmfare Awards ( Best Movie , Best Director , Best Actor and Best Actress ) and had a decent run at the box office as well .   The film was dubbed in Malayalam and Krish later remade the film in Tamil as Vaanam ( 2011 ) , with Silambarasan , Bharath and Prakash Raj , while Anushka and Saranya reprised their roles .']"	REFUTES	Is it true that Veeram is an Indian Tamil film?	NOTENOUGHINFO	CONSISTENT	CONTRADICTION	CONTRADICTION	3.899213120999775	100.62451171875	0	{'reranker': True}	WRONG_RESPONSE_FAILURE	{'total_reward': 0.03669289596667417, 'failure_reward': 0.0, 'prediction_reward': 0.0, 'consistency_reward': 1.0, 'factuality_reward': 0.0, 'latency_budget_strict': 1.0, 'vram_budget_strict': 1.0, 'latency_rate': 0.779842624199955, 'vram_rate': 0.0}
0	Home for the Holidays stars an American actress.	Holly Hunter and Robert Downey Jr., who star in 'Home for the Holidays', are both American actresses.	"['Home for the Holidays is a 1995 comedy-drama film directed by Jodie Foster and produced by Peggy Rajski and Foster . The screenplay was by W. D. Richter based on the short story by Chris Radant . The music score was by Mark Isham and the cinematography by Lajos Koltai .   The film stars Holly Hunter , Robert Downey Jr.'
 'The film stars Holly Hunter , Robert Downey Jr. , Anne Bancroft , Charles Durning , Dylan McDermott , Geraldine Chaplin , Steve Guttenberg , Cynthia Stevenson , Claire Danes , Austin Pendleton and David Strathairn .'
 ""She also starred as Vanessa Ives in Showtime 's horror drama Penny Dreadful ( 2014 -- 16 ) . Her performance in the series earned her a nomination for Best Actress in a Television Series -- Drama at the 73rd Golden Globe Awards . In 2016 , she played the titular character in Tim Burton 's fantasy film Miss Peregrine 's Home for Peculiar Children .""
 ""She has also appeared in the television series Camelot ( 2011 ) , and played Angelique Bouchard in Tim Burton 's big-screen adaptation of Dark Shadows ( 2012 ) . In 2014 , she played Artemisia in the 300 sequel , 300 : Rise of an Empire ( 2014 ) , and Ava Lord in Frank Miller 's and Robert Rodriguez 's Sin City sequel , Sin City : A Dame to Kill For ( 2014 ) .""
 'Early in her career , she appeared in popular films spanning a wide variety of genres , including Act of Violence ( 1948 ) , Little Women ( 1949 ) , Angels in the Outfield ( 1951 ) , Scaramouche ( 1952 ) , The Naked Spur ( 1953 ) and Living It Up ( 1954 ) .'
 ""Alexandra Anna Daddario ( born March 16 , 1986 ) is an American actress . She is best known for playing Annabeth Chase in the Percy Jackson film series , and Blake Gaines in San Andreas . She starred in the films Texas Chainsaw 3D and Hall Pass , and has guest starred on series including White Collar , It 's Always Sunny in Philadelphia , True Detective , and American Horror Story : Hotel .""
 ""He has also won a Best Actor Award of the Cannes Film Festival for the Nick Cassavetes-directed She 's So Lovely ( 1997 ) , and two Best Actor Awards at the Venice Film Festival for the indie film Hurlyburly ( 1998 ) and the drama 21 Grams ( 2003 ) .   Penn made his feature film directorial debut with The Indian Runner ( 1991 ) , followed by the drama film The Crossing Guard ( 1995 ) and the mystery film The Pledge ( 2001 ) .""
 'Danielle Cormack ( born 26 December 1970 ) is a stage and screen actress from New Zealand . She was one of the original core cast of the long-running soap opera Shortland Street , though she is also known for her role as the Amazon Ephiny in the television series Xena : Warrior Princess , Cynthia Ross in The Cult , and Shota in Legend of the Seeker . Other works include the 2009 film , Separation City , and the Australian series Rake . She also portrayed notorious Sydney underworld figure Kate Leigh in Underbelly : Razor .'
 ""Boston City Council named October 16 , 2013 `` Janelle Monáe Day '' in the city of Boston , Massachusetts , in recognition of her artistry and social leadership . In 2016 , she had major roles in two feature films , Hidden Figures and Moonlight , for which she received widespread praise . Both films received Academy Award nominations for Best Picture , with Moonlight winning the award at the 89th Academy Awards .""
 'His Soul2Soul II Tour with Faith Hill is one of the highest grossing tours in country music history , and one of the top 5 among all genres of music .   McGraw has ventured into acting , with supporting roles in The Blind Side ( with Sandra Bullock ) , Friday Night Lights , The Kingdom , Tomorrowland , and Four Christmases ( with Vince Vaughn and Reese Witherspoon ) , and lead roles in Flicka ( 2006 ) and Country Strong ( 2010 ) .']"	SUPPORTS	"Does the movie ""Home for the Holidays"" feature an American actress?"	SUPPORTS	CONSISTENT	NEUTRAL	NEUTRAL	5.119427970000288	313.60205078125	-1	{'retriever': 'dense', 'topk': 10, 'reranker': False, 'prompt_edit': False, 'reindex': False}	NOTENOUGHINFO_FAILURE	{'total_reward': -0.0, 'failure_reward': 0.0, 'prediction_reward': 1.0, 'consistency_reward': 1.0, 'factuality_reward': 0.0, 'latency_budget_strict': 0.0, 'vram_budget_strict': 1.0, 'latency_rate': 1.0238855940000575, 'vram_rate': 0.0}
0	Home for the Holidays stars an American actress.	The provided context does not contain any information about American actresses appearing in the movie 'Home for the Holidays'.	"[""AMGTV is an American family-oriented television network featuring television programming consisting of drama , sports , movies , entertainment , how-to , hunting and fishing , children 's shows , and other features . The network is owned by the American company Access Media Group .   AMGTV provides programming to television stations in the United States , and is a competitor of Youtoo America and similar networks . AMGTV also syndicates several movie packages and music specials to stations outside their affiliate base .   The president of AMGTV is Terry Elaqua .""
 'Home for the Holidays is a 1995 comedy-drama film directed by Jodie Foster and produced by Peggy Rajski and Foster . The screenplay was by W. D. Richter based on the short story by Chris Radant . The music score was by Mark Isham and the cinematography by Lajos Koltai .   The film stars Holly Hunter , Robert Downey Jr.'
 ""In 2013 , she had a recurring role on the FX horror series American Horror Story : Coven , earning her second Primetime Emmy Award nomination for her performance as Voodoo queen Marie Laveau . She returned for Freak Show , the anthology series ' fourth season , portraying a three-breasted woman named Desiree Dupree for which she received another nomination for Outstanding Supporting Actress in a Miniseries or a Movie . In 2015 , Bassett returned for the fifth season Hotel portraying Ramona Royale , a famous movie star .""
 ""Noah Lindsey Cyrus ( born January 8 , 2000 ) is an American actress and singer . She voiced the title role in the English version of the 2009 animated feature film Ponyo . In 2016 , she released her debut single `` Make Me ( Cry ) '' , featuring vocals from Labrinth . Her debut album is set to be released in late 2017 . She is the youngest daughter of Billy Ray Cyrus and younger sister of Miley Cyrus and Trace Cyrus .""
 ""The song has been certified multi-platinum in Australia , Canada , Denmark , and the US .   The accompanying music video for the song was released on May 16 , 2008 . The video , directed by Kinga Burza , features Perry in a setting inspired by burlesque and Moulin Rouge styles . It features appearances from Perry 's friends , including actress Shannon Woodward and then-unknown American electropop singer Kesha . The song is recognized as the 10th best-selling single in the 21st century .""]"	SUPPORTS	"Does the movie ""Home for the Holidays"" feature an American actress?"	NOTENOUGHINFO	MISSING	NEUTRAL	NEUTRAL	4.914624113999707	155.8623046875	5	{'retriever': 'bm25', 'topk': 5, 'reindex': True}	NOTENOUGHINFO_FAILURE	{'total_reward': 0.0, 'failure_reward': 0.0, 'prediction_reward': 0.0, 'consistency_reward': 0.0, 'factuality_reward': 0.0, 'latency_budget_strict': 1.0, 'vram_budget_strict': 1.0, 'latency_rate': 0.9829248227999414, 'vram_rate': 0.0}
0	Taran Killam is an American writer.	Taran Killam is described as both an American actor, comedian, and writer.	"[""Taran Hourie Killam ( born April 1 , 1982 ) is an American actor , comedian , and writer . He is best known for his television work on shows such as The Amanda Show , Wild 'n Out , Mad TV , and Saturday Night Live . Killam is also known for his portrayal of a teen pop star in the Disney Channel Original Movie Stuck in the Suburbs .""
 'Bret Easton Ellis ( born March 7 , 1964 ) is an American author , screenwriter , and short story writer . His works have been translated into 27 languages . He was at first regarded as one of the so-called literary Brat Pack , which also included Tama Janowitz and Jay McInerney . He is a self-proclaimed satirist , whose trademark technique , as a writer , is the expression of extreme acts and opinions in an affectless style . Ellis employs a technique of linking novels with common , recurring characters .'
 ""Homer Hadley Hickam , Jr. ( born February 19 , 1943 ) is an American author , Vietnam veteran , and a former NASA engineer . His memoir Rocket Boys was a New York Times Best Seller and is studied in many American and international school systems , and was the basis for the 1999 film October Sky . Hickam has also written a number of best-selling memoirs and novels including the `` Josh Thurlow '' historical fiction novels . His books have been translated into many languages .""
 ""Tim Roth 's The War Zone ( 1998 ) , The Beach ( 2000 ) , Teknolust ( 2002 ) , Thumbsucker ( 2005 ) , Stephanie Daley ( 2006 ) , The Curious Case of Benjamin Button ( 2008 ) , Burn After Reading ( 2008 ) , Moonrise Kingdom ( 2012 ) , Snowpiercer ( 2013 ) , The Grand Budapest Hotel ( 2014 ) , Trainwreck ( 2015 ) ,""
 ""Keith Rupert Murdoch [ ˈmɜrdɒk ] , AC , KCSG ( born 11 March 1931 ) is an Australian-born American media mogul . His father , Sir Keith Murdoch , had been a reporter , editor , and senior executive of the Herald and Weekly Times newspaper publishing company , covering all Australian states except New South Wales . After his father 's death in 1952 , Murdoch declined to join his late father 's registered public company and created his own private company , News Limited .""
 'Veeru Devgan is an Indian stunt and action choreographer and film director in Bollywood . Born into the Devgan family in Amritsar , he is married to Veena , and has four children with her , including the actor Ajay Devgan and director Anil Devgan . He has choreographed fight and action scenes for over 80 Hindi films . He has also directed a film -- Hindustan Ki Kasam ( 1999 ) .'
 ""Gopala Ratnam Subramaniam ( born 2 June 1955 ) , commonly known by his screen name Mani Ratnam , is an Indian film director , screenwriter , and producer who predominantly works in Tamil cinema . Cited by the media as one of India 's influential filmmakers , Mani Ratnam is widely credited with revolutionising the Tamil film industry and altering the profile of Indian cinema . Although working in the mainstream medium , his films are noted for their realism , technical finesse , and craft .""
 ""Killam recently performed the role of King George III in the Broadway production of Hamilton '' at the Richard Rodgers Theatre , ending his run on the evening of April 13 , 2017 .""
 'Andrew Kevin Walker ( born August 14 , 1964 ) is an American BAFTA-nominated screenwriter . He is known for having written Seven ( 1995 ) , for which he earned a nomination for the BAFTA Award for Best Original Screenplay , as well as several other films , including 8mm ( 1999 ) , Sleepy Hollow ( 1999 ) and many uncredited script rewrites .'
 'Rick Yune ( born August 22 , 1971 ) is an American actor , screenwriter , producer , martial artist and former model . His most notable roles have been in the movies Snow Falling on Cedars , the first Fast and Furious film The Fast and the Furious , and in the James Bond movie Die Another Day . He was part of the main cast of the Netflix original series Marco Polo until the series was cancelled on December 12 , 2016 .']"	SUPPORTS	Is it true that Taran Killam is both an American and a writer?	SUPPORTS	MISSING	ENTAILMENT	ENTAILMENT	4.983268767000482	314.7021484375	-1	{'retriever': 'dense', 'topk': 10, 'reranker': False, 'prompt_edit': False, 'reindex': False}	NO_FAILURE	{'total_reward': 0.0027885388332530665, 'failure_reward': 1.0, 'prediction_reward': 1.0, 'consistency_reward': 0.0, 'factuality_reward': 1.0, 'latency_budget_strict': 1.0, 'vram_budget_strict': 1.0, 'latency_rate': 0.9966537534000963, 'vram_rate': 0.0}
0	Jayasudha is an actor that stars in Daag.	The provided context does not contain any information about Jayasudha starring in the movie Daag.	"['The film was later remade into the Telugu film Vichitra Jeevitham ( 1978 ) starring Akkineni Nageswara Rao , Vanisri , and Jayasudha .'
 ""The film stars Sharmila Tagore , Rajesh Khanna , Raakhee ( who won her first Filmfare award ) , Madan Puri , Kader Khan , Prem Chopra and A.K. Hangal .   The film was made at the height of the Rajesh Khanna craze and became a `` super hit '' at the box office . The music by Laxmikant Pyarelal dominated the charts for the year .""
 'Broadly falling into the Hyperlink cinema genre , the film was critically acclaimed , receiving several accolades including four Filmfare Awards ( Best Movie , Best Director , Best Actor and Best Actress ) and had a decent run at the box office as well .   The film was dubbed in Malayalam and Krish later remade the film in Tamil as Vaanam ( 2011 ) , with Silambarasan , Bharath and Prakash Raj , while Anushka and Saranya reprised their roles .'
 'Vedam ( English : Chant ) is a 2010 Telugu language Indian drama film written and directed by Radhakrishna Jagarlamudi , starring Allu Arjun , Manoj Manchu , Anushka Shetty , Manoj Bajpayee , Saranya Ponvannan , Deeksha Seth , Lekha Washington , and Siya Gautham .'
 ""Aparshakti Khurrana is an Indian Bollywood actor , RJ , and TV anchor . He is the younger brother of Ayushmann Khurrana who is a popular actor from B-Town . Khurana made his Bollywood debut with Aamir Khan 's `` Dangal '' . He is currently hosting a show on discovery channel `` You Have Been Warned '' .""
 'Veeru Devgan is an Indian stunt and action choreographer and film director in Bollywood . Born into the Devgan family in Amritsar , he is married to Veena , and has four children with her , including the actor Ajay Devgan and director Anil Devgan . He has choreographed fight and action scenes for over 80 Hindi films . He has also directed a film -- Hindustan Ki Kasam ( 1999 ) .'
 'The film was released on 10 January 2014 . The film received positive reviews from critics and became successful at box-office . The film was dubbed and released in Telugu as Veerudokkade and in Hindi as Veeram The Powerman . Despite the release of dubbed version , the film is being remade in Telugu as Katamarayudu ( 2017 ) with Pawan Kalyan .'
 'Dilwale Dulhania Le Jayenge ( The Big-Hearted Will Take Away the Bride ) , also known by the initialism DDLJ , is an Indian romance film written and directed by Aditya Chopra ( In his directorial debut ) and produced by his father Yash Chopra . Released on 20 October 1995 , the film stars Shah Rukh Khan and Kajol .'
 ""Smriti Mandhana ( born 18 July 1996 ) is an Indian cricketer who plays for the Indian women 's cricket team .""
 ""However , his fifth directorial outing , Mouna Ragam ( 1986 ) , established him as a leading filmmaker in Tamil cinema . He followed that with the Godfatheresque Nayagan ( 1987 ) , which is regarded as a cult film over the years . Mani Ratnam is well known for his `` Political trilogy '' consisting of Roja ( 1992 ) , Bombay ( 1995 ) , and Dil Se . . ( 1998 ) .""]"	REFUTES	Is it true that Jayasudha stars in the movie Daag?	NOTENOUGHINFO	CONSISTENT	ENTAILMENT	ENTAILMENT	4.061539348999759	275.0087890625	-1	{'retriever': 'dense', 'topk': 10, 'reranker': False, 'prompt_edit': False, 'reindex': False}	NO_FAILURE	{'total_reward': 0.12512808680003218, 'failure_reward': 1.0, 'prediction_reward': 0.0, 'consistency_reward': 1.0, 'factuality_reward': 1.0, 'latency_budget_strict': 1.0, 'vram_budget_strict': 1.0, 'latency_rate': 0.8123078697999517, 'vram_rate': 0.0}
0	XHamster's The Sex Factor forces eight men and eight women to battle to become a porn star.	The provided context does not contain any specific information about XHamster's 'The Sex Factor' requiring eight men and eight women to compete.	"['She has since won more than 35 adult-video awards , and has been inducted into the X-Rated Critics Organization ( XRCO ) and Adult Video News ( AVN ) Halls of Fame .   Jameson founded the adult-entertainment company ClubJenna in 2000 with Jay Grdina , whom she later married and divorced . Initially a single website , this business expanded into managing similar websites of other stars and began producing sexually explicit videos in 2001 .'
 ""Jameson has also crossed over into mainstream pop culture , starting with a minor role in Howard Stern 's 1997 film Private Parts . Her mainstream appearances continued with several guest-hosting and guest-starring on various television programs . Playboy TV hosted her Jenna 's American Sex Star reality show , in which aspiring porn stars competed for a ClubJenna contract . Her 2004 autobiography , How to Make Love Like a Porn Star : A Cautionary Tale , spent six weeks on The New York Times Best Seller list .""
 ""Jenna Jameson ( born Jenna Marie Massoli ; April 9 , 1974 ) is an American entrepreneur , webcam model and former pornographic film actress , who has been called the world 's most famous adult entertainment performer and `` The Queen of Porn '' .   She started acting in erotic videos in 1993 after having worked as a stripper and glamor model . By 1996 , she had won the `` top newcomer '' award from each of the three major adult-movie organizations .""
 ""The first such movie , Briana Loves Jenna ( with Briana Banks ) , was named at the 2003 AVN Awards as the best-selling and best-renting pornographic title for 2002 . By 2005 , ClubJenna had revenues of US$ 30 million with profits estimated at half that . Advertisements for her site and films , often bearing her picture , have towered on a 48-foot-tall billboard in New York City 's Times Square .""
 'In June 2012 , she was a guest judge during the Manchester auditions for the ninth series of The X Factor UK , as one of the temporary replacements for Kelly Rowland ; before the role eventually went to Nicole Scherzinger . She later joined The X Factor UK for its eleventh series in 2014 .   During this time she became the female co-host for Dancing with the Stars Australia , in which she hosted the twelfth season alongside Daniel MacPherson . However , Brown resigned from the show and did not return for the thirteenth season in 2013 .'
 'She became the presenter of shows such as This Is My Moment , Top of the Pops , Party in the Park and The All Star Animal Awards . In September 2007 , she became a contestant on the fifth season of the American dance competition , Dancing with the Stars ; in which she placed runner-up overall partnered with Maksim Chmerkovskiy . Brown returned to television work becoming a judge for the Australian version of The X Factor from 2011 to 2012 , replacing Kyle Sandilands and having previously been a celebrity mentor on the show in 2010 .'
 'Brazzers ( [ ˈbræzərz ] ) is a pornographic production company based in Montreal , Canada . The online network consists of thirty-one hardcore pornography websites . As of October 2015 , Brazzers.com has a traffic ranking of 1,650 .'
 ""The Gifted is an upcoming American television series created for Fox by Matt Nix , based on Marvel Comics ' X-Men properties . It is connected to the X-Men film series , the second television series to be so . The show is produced by 20th Century Fox Television in association with Marvel Television , with Nix serving as showrunner .   The series stars Stephen Moyer and Amy Acker as ordinary parents who take their family on the run after they discover their children 's mutant abilities .""
 'Jameson announced her retirement from pornography at the 2008 AVN Awards , stating that she would never return to the industry . Although she no longer performs in pornographic films , she has been working as a webcam model since 2013 .'
 ""He appeared as a judge on the first two seasons of the U.S. version of the television show The X Factor , but in December 2012 announced he would not be back for the show 's third season , saying he wanted to focus on his leadership at Epic Records .""]"	NOTENOUGHINFO	"Does XHamster's ""The Sex Factor"" require eight men and eight women to compete for becoming a porn star?"	NOTENOUGHINFO	MISSING	CONTRADICTION	ENTAILMENT	5.982516134000434	301.87841796875	-1	{'retriever': 'dense', 'topk': 10, 'reranker': False, 'prompt_edit': False, 'reindex': False}	NO_FAILURE	{'total_reward': -0.0, 'failure_reward': 1.0, 'prediction_reward': 1.0, 'consistency_reward': 0.0, 'factuality_reward': 1.0, 'latency_budget_strict': 0.0, 'vram_budget_strict': 1.0, 'latency_rate': 1.1965032268000868, 'vram_rate': 0.0}
0	John Dolmayan was born on July 15, 1873.	The provided context does not contain any information about John Dolmayan's birth date.	"['John Hovig Dolmayan ( Ջոն Դոլմայան , born July 15 , 1973 ) is a Lebanese-born Armenian -- American songwriter and drummer . He is best known as the drummer of System of a Down . Dolmayan is also the drummer for the band Indicator and former drummer for Scars on Broadway . His energetic live performances with System Of A Down over the years , have garnered him critical acclaim .'
 'Loudwire listed him as one of the Top 50 Hard Rock + Metal Drummers Of All Time , with Dolmayan being ranked at # 22 .'
 'The 14th Dalai Lama was born in Taktser village , Amdo , Tibet ( was administratively in Qinghai province , Republic of China ) , and was selected as the tulku of the 13th Dalai Lama in 1937 and formally recognized as the 14th Dalai Lama at a public declaration near the town of Bumchen in 1939 .'
 'He then played college basketball for the Miami Hurricanes of the University of Miami , where he was a three-year starter and finished his career averaging 11 points per game . He was named Third Team All-Big East his junior year and Second Team Verizon Academic All-American his senior year . He was inducted into the University of Miami Sports Hall of Fame in 2014 .   Jones was drafted by the Indiana Pacers in the second round of the 2003 NBA Draft .'
 'Jeong Hyeong-don ( born February 7 , 1978 ) is a South Korean comedian and entertainer under FNC Entertainment .'
 'The 14th Dalai Lama ( [ ˈdɑːlaɪ_ˈlɑːmə ] ( US ) , [ ˌdælaɪ_ˈlɑːmə ] ( UK ) ( religious name : Tenzin Gyatso , shortened from Jetsun Jamphel Ngawang Lobsang Yeshe Tenzin Gyatso , born Lhamo Thondup , 6 July 1935 ) is the current Dalai Lama .'
 'In 1898 he joined the esoteric Hermetic Order of the Golden Dawn , where he was trained in ceremonial magic by Samuel Liddell MacGregor Mathers and Allan Bennett . Moving to Boleskine House by Loch Ness in Scotland , he went mountaineering in Mexico with Oscar Eckenstein , before studying Hindu and Buddhist practices in India .'
 ""His enthronement ceremony as the Dalai Lama was held in Lhasa on 22 February 1940 , and he eventually assumed full temporal ( political ) duties on 17 November 1950 , at the age of 15 , after the People 's Republic of China 's invasion of Tibet . The Gelug school 's government administered an area roughly corresponding to the Tibet Autonomous Region just as the nascent PRC wished to assert central control over it .""
 ""( Blackburn & Holford-Strevens 2003 : 670 -- 1 )   He was born Gaius Octavius into an old and wealthy equestrian branch of the plebeian gens Octavia . His maternal great-uncle Julius Caesar was assassinated in 44 BC , and Octavius was named in Caesar 's will as his adopted son and heir , then known as Octavianus ( Anglicized as Octavian ) .""
 ""Under James , the `` Golden Age '' of Elizabethan literature and drama continued , with writers such as William Shakespeare , John Donne , Ben Jonson , and Sir Francis Bacon contributing to a flourishing literary culture . James himself was a talented scholar , the author of works such as Daemonologie ( 1597 ) , The True Law of Free Monarchies ( 1598 ) , and Basilikon Doron ( 1599 ) . He sponsored the translation of the Bible that would later be named after him : the Authorised King James Version .""]"	REFUTES	Was John Dolmayan born on July 15, 1873?	NOTENOUGHINFO	MISSING	CONTRADICTION	CONTRADICTION	4.366075289000037	271.24755859375	-1	{'retriever': 'dense', 'topk': 10, 'reranker': False, 'prompt_edit': False, 'reindex': False}	WRONG_RESPONSE_FAILURE	{'total_reward': 0.0, 'failure_reward': 0.0, 'prediction_reward': 0.0, 'consistency_reward': 0.0, 'factuality_reward': 0.0, 'latency_budget_strict': 1.0, 'vram_budget_strict': 1.0, 'latency_rate': 0.8732150578000073, 'vram_rate': 0.0}
0	John Dolmayan was born on July 15, 1873.	The context does not provide any information about John Dolmayan's birth date.	"['John Hovig Dolmayan ( Ջոն Դոլմայան , born July 15 , 1973 ) is a Lebanese-born Armenian -- American songwriter and drummer . He is best known as the drummer of System of a Down . Dolmayan is also the drummer for the band Indicator and former drummer for Scars on Broadway . His energetic live performances with System Of A Down over the years , have garnered him critical acclaim .'
 'Loudwire listed him as one of the Top 50 Hard Rock + Metal Drummers Of All Time , with Dolmayan being ranked at # 22 .'
 'The 14th Dalai Lama was born in Taktser village , Amdo , Tibet ( was administratively in Qinghai province , Republic of China ) , and was selected as the tulku of the 13th Dalai Lama in 1937 and formally recognized as the 14th Dalai Lama at a public declaration near the town of Bumchen in 1939 .'
 'He then played college basketball for the Miami Hurricanes of the University of Miami , where he was a three-year starter and finished his career averaging 11 points per game . He was named Third Team All-Big East his junior year and Second Team Verizon Academic All-American his senior year . He was inducted into the University of Miami Sports Hall of Fame in 2014 .   Jones was drafted by the Indiana Pacers in the second round of the 2003 NBA Draft .'
 'Jeong Hyeong-don ( born February 7 , 1978 ) is a South Korean comedian and entertainer under FNC Entertainment .'
 'The 14th Dalai Lama ( [ ˈdɑːlaɪ_ˈlɑːmə ] ( US ) , [ ˌdælaɪ_ˈlɑːmə ] ( UK ) ( religious name : Tenzin Gyatso , shortened from Jetsun Jamphel Ngawang Lobsang Yeshe Tenzin Gyatso , born Lhamo Thondup , 6 July 1935 ) is the current Dalai Lama .'
 'In 1898 he joined the esoteric Hermetic Order of the Golden Dawn , where he was trained in ceremonial magic by Samuel Liddell MacGregor Mathers and Allan Bennett . Moving to Boleskine House by Loch Ness in Scotland , he went mountaineering in Mexico with Oscar Eckenstein , before studying Hindu and Buddhist practices in India .'
 ""His enthronement ceremony as the Dalai Lama was held in Lhasa on 22 February 1940 , and he eventually assumed full temporal ( political ) duties on 17 November 1950 , at the age of 15 , after the People 's Republic of China 's invasion of Tibet . The Gelug school 's government administered an area roughly corresponding to the Tibet Autonomous Region just as the nascent PRC wished to assert central control over it .""
 ""( Blackburn & Holford-Strevens 2003 : 670 -- 1 )   He was born Gaius Octavius into an old and wealthy equestrian branch of the plebeian gens Octavia . His maternal great-uncle Julius Caesar was assassinated in 44 BC , and Octavius was named in Caesar 's will as his adopted son and heir , then known as Octavianus ( Anglicized as Octavian ) .""
 ""Under James , the `` Golden Age '' of Elizabethan literature and drama continued , with writers such as William Shakespeare , John Donne , Ben Jonson , and Sir Francis Bacon contributing to a flourishing literary culture . James himself was a talented scholar , the author of works such as Daemonologie ( 1597 ) , The True Law of Free Monarchies ( 1598 ) , and Basilikon Doron ( 1599 ) . He sponsored the translation of the Bible that would later be named after him : the Authorised King James Version .""]"	REFUTES	Was John Dolmayan born on July 15, 1873?	NOTENOUGHINFO	MISSING	CONTRADICTION	CONTRADICTION	5.09768500500013	352.43505859375	1	{'prompt_edit': 'WP'}	WRONG_RESPONSE_FAILURE	{'total_reward': -0.0, 'failure_reward': 0.0, 'prediction_reward': 0.0, 'consistency_reward': 0.0, 'factuality_reward': 0.0, 'latency_budget_strict': 0.0, 'vram_budget_strict': 1.0, 'latency_rate': 1.019537001000026, 'vram_rate': 0.0}
0	Despicable Me 2 was directed by a lake.	Steve Carell, Russell Brand, Miranda Cosgrove, Elsie Fisher, and Dana Gaier all live near lakes.	"['Despicable Me 2 is a 2013 American 3D computer-animated comedy film and the sequel to the 2010 animated film Despicable Me . Produced by Illumination Entertainment for Universal Pictures , and animated by Illumination Mac Guff , the film is directed by Pierre Coffin and Chris Renaud , and written by Cinco Paul and Ken Daurio .   Steve Carell , Russell Brand , Miranda Cosgrove , Elsie Fisher , and Dana Gaier reprise their roles as Gru , Dr.'
 'A third film , Despicable Me 3 , is scheduled for release on June 30 , 2017 .'
 ""Despicable Me 2 premiered on June 5 , 2013 in Australia , and was theatrically released in the United States on July 3 , 2013 . The film received mostly positive reviews from critics , and was nominated for Academy Award for Best Animated Feature and for Academy Award for Best Original Song ( for `` Happy '' ) , losing both to Walt Disney Animation Studios ' Frozen .""
 'The Beach is a 2000 adventure drama film directed by Danny Boyle and based on the 1996 novel of the same name by Alex Garland , which was adapted for the film by John Hodge . The film stars Leonardo DiCaprio , Virginie Ledoyen , Guillaume Canet , Robert Carlyle , Tilda Swinton , and Paterson Joseph . It was filmed on the Thai island Koh Phi Phi .'
 'Grossing over $ 970 million worldwide against its budget of $ 76 million , the film became the second-highest-grossing animated film of 2013 and the third-highest-grossing film of 2013 . It is also the most profitable film in the 101-year history of Universal Studios .   A prequel/spin-off film , Minions , focusing on the little yellow henchmen before they met Gru , was released on July 10 , 2015 .'
 'The film is written and directed by Dean DeBlois , and stars the voices of Jay Baruchel , Gerard Butler , Craig Ferguson , America Ferrera , Jonah Hill , Christopher Mintz-Plasse , T.J. Miller , and Kristen Wiig , with the addition of Cate Blanchett , Djimon Hounsou , and Kit Harington .'
 ""A sequel to Boyle 's 1996 film , Trainspotting , T2 stars the original ensemble cast , including Ewan McGregor , Ewen Bremner , Jonny Lee Miller , Robert Carlyle , and Kelly Macdonald . T2 is deliberately self-referential , with film-clips , music and echoes from the first film . The screenplay is based on Porno , with characters and elements lifted from the novel Trainspotting .""
 'Her breakthrough role was in the film Demolition Man ( 1993 ) . She subsequently starred in several successful films including Speed ( 1994 ) , While You Were Sleeping ( 1995 ) , The Net ( 1995 ) , A Time to Kill ( 1996 ) , Hope Floats ( 1998 ) , and Practical Magic ( 1998 ) .'
 'T2 Trainspotting is a 2017 British comedy drama film , set in and around Edinburgh , Scotland . The film is directed by Danny Boyle and written by John Hodge , based on characters created by Irvine Welsh in his novel Trainspotting and its follow-up Porno . T2 was released in the United Kingdom on 27 January 2017 and worldwide throughout February and March 2017 .'
 ""In Europe , the film 's development attracted the attention of Italian film producers Roberto Cicutto and Luigi Musini , who helped finance the $ 45 million production . A majority of the film was shot in Italy , on several locations affected by World War II . Other filming locations included New York , Louisiana and The Bahamas . Frequent Lee collaborator Terence Blanchard composed the score , and the visual effects were created by Industrial Light & Magic .   Miracle at St.""]"	REFUTES	Was Despicable Me 2 directed by a person who lives near a lake?	SUPPORTS	MISSING	CONTRADICTION	NEUTRAL	5.285239202999946	278.33349609375	-1	{'retriever': 'dense', 'topk': 10, 'reranker': False, 'prompt_edit': False, 'reindex': False}	WRONG_RESPONSE_FAILURE	{'total_reward': -0.0, 'failure_reward': 0.0, 'prediction_reward': 0.0, 'consistency_reward': 0.0, 'factuality_reward': 0.0, 'latency_budget_strict': 0.0, 'vram_budget_strict': 1.0, 'latency_rate': 1.0570478405999892, 'vram_rate': 0.0}
0	Despicable Me 2 was directed by a lake.	Steve Carell, Russell Brand, Miranda Cosgrove, Elsie Fisher, and Dana Gaier all live near lakes.	"['Despicable Me 2 is a 2013 American 3D computer-animated comedy film and the sequel to the 2010 animated film Despicable Me . Produced by Illumination Entertainment for Universal Pictures , and animated by Illumination Mac Guff , the film is directed by Pierre Coffin and Chris Renaud , and written by Cinco Paul and Ken Daurio .   Steve Carell , Russell Brand , Miranda Cosgrove , Elsie Fisher , and Dana Gaier reprise their roles as Gru , Dr.'
 'A third film , Despicable Me 3 , is scheduled for release on June 30 , 2017 .'
 ""Despicable Me 2 premiered on June 5 , 2013 in Australia , and was theatrically released in the United States on July 3 , 2013 . The film received mostly positive reviews from critics , and was nominated for Academy Award for Best Animated Feature and for Academy Award for Best Original Song ( for `` Happy '' ) , losing both to Walt Disney Animation Studios ' Frozen .""]"	REFUTES	Was Despicable Me 2 directed by a person who lives near a lake?	SUPPORTS	MISSING	CONTRADICTION	NEUTRAL	3.2857755530003487	80.5498046875	0	{'reranker': True}	WRONG_RESPONSE_FAILURE	{'total_reward': 0.0, 'failure_reward': 0.0, 'prediction_reward': 0.0, 'consistency_reward': 0.0, 'factuality_reward': 0.0, 'latency_budget_strict': 1.0, 'vram_budget_strict': 1.0, 'latency_rate': 0.6571551106000697, 'vram_rate': 0.0}
0	Island Records is a music school.	The provided context does not contain any explicit information about Island Records being a music school.	"[""A former high school drop-out , he attended Seattle University 's Albers School of Business and Economics in the early 2000s , and subsequently founded the wealth management firm Meridian Rock . He was a high school honor student , but dropped out early to pursue a career in music .""
 ""Antonio Marquis `` L.A. '' Reid ( born June 7 , 1956 ) is an American music executive , musician , songwriter , record producer , author and former television music competition judge . He has served as the chairman and CEO of Epic Records , a division of Sony Music Entertainment , the president and CEO of Arista Records , and the chairman and CEO of the Island Def Jam Music Group .  Reid was also the founder and CEO of Hitco Music Publishing and the co-founder of LaFace Records .""
 ""Creedence Clearwater Revival 's music is still a staple of U.S. radio airplay ; the band has sold 26 million albums in the United States alone . Rolling Stone ranked the band 82nd on its list of the 100 greatest artists of all time .""
 ""Dub has become a basis for the genres of jungle and drum and bass Traditional dub has survived , and some of the originators , such as Lee `` Scratch '' Perry and Mad Professor , continue to produce new material .""
 'Similar experiments with recordings at the mixing desk outside of the dancehall environment were also done by producers Clive Chin and Herman Chin Loy . These producers , especially Ruddock and Perry , looked upon the mixing console as an instrument , manipulating tracks to come up with something new and different .  Dub has influenced many genres of music , including rock ( most significantly the subgenre of post-punk and other kinds of punk ) , pop , hip hop , disco , and later house , techno , ambient , electronic dance music , and trip hop .'
 'In 1997 , to coincide with the release of Nimrod , Armstrong founded Adeline Records in Oakland to help support other bands releasing music and signed bands such as The Frustrators , AFI and Dillinger Four . The record company has since come under the management of Pat Magnarella .'
 ""The Rhythm Nation 1814 film won a Grammy Award for Best Long Form Music Video . The video 's outfit was inducted into the National Museum of Women in the Arts and Rock & Roll Hall of Fame , where its hand-written lyrics are also used in the museum 's class on female songwriters .   Artists such as Sleigh Bells , Jamie Lidell , and Kylie Minogue have cited the song as an influence , while artists including Lady Gaga , Peter Andre , OK Go , Mickey Avalon , Usher , and Britney Spears have referenced its music video .""
 'Dub is a genre of music that grew out of reggae in the 1960s , and is commonly considered a subgenre , though it has developed to extend beyond the scope of reggae . Music in this genre consists predominantly of instrumental remixes of existing recordings and is achieved by significantly manipulating and reshaping the recordings , usually by removing the vocals from an existing music piece , and emphasizing the drum and bass parts ( this stripped-down track is sometimes referred to as a riddim ) .'
 'Asylum Records is an American record label founded in 1971 by David Geffen and partner Elliot Roberts . It was taken over by Warner Communications ( now the Warner Music Group ) in 1972 , and later merged with Elektra Records to become Elektra/Asylum Records .   After various incarnations , today it is geared primarily towards hip-hop , along with rock and alternative metal . It is owned by Warner Music Group , and is currently distributed through Atlantic Records .'
 'De la Rocha started a low-key solo career , while the rest of the band formed the rock supergroup Audioslave with Chris Cornell , then-former frontman of Soundgarden ; Audioslave recorded three albums before disbanding in 2007 . The same year , Rage Against the Machine announced a reunion and performed together for the first time in seven years at the Coachella Valley Music and Arts Festival in April 2007 . Up until 2011 , the band continued to perform at more live venues and festivals around the world .']"	NOTENOUGHINFO	Island Records is a music school?	NOTENOUGHINFO	MISSING	CONTRADICTION	ENTAILMENT	4.371399165999719	271.90673828125	-1	{'retriever': 'dense', 'topk': 10, 'reranker': False, 'prompt_edit': False, 'reindex': False}	NO_FAILURE	{'total_reward': 0.10476680566671347, 'failure_reward': 1.0, 'prediction_reward': 1.0, 'consistency_reward': 0.0, 'factuality_reward': 1.0, 'latency_budget_strict': 1.0, 'vram_budget_strict': 1.0, 'latency_rate': 0.8742798331999438, 'vram_rate': 0.0}
0	Sikkim is a part of the World Bank.	The provided context does not contain any information about Sikkim being a part of the World Bank.	"[""Tata Motors is listed on the ( BSE ) Bombay Stock Exchange , where it is a constituent of the BSE SENSEX index , the National Stock Exchange of India , and the New York Stock Exchange . The company is ranked 226th on the Fortune Global 500 list of the world 's biggest corporations as of 2016 .   On 17 January 2017 , Natarajan Chandrasekaran was appointed chairman of the company .  . The company plans to introduce a new compact SUV named NEXON in Q4 of 2017 .""
 ""Decades later , Shankar would say of the overwhelming success of the event : `` In one day , the whole world knew the name of Bangladesh . It was a fantastic occasion ... ''   The concerts were attended by a total of 40,000 people , and raised close to US$ 250,000 for Bangladesh relief , which was administered by UNICEF .""
 'Tata Motors Limited ( formerly TELCO , short for Tata Engineering and Locomotive Company ) is an Indian multinational automotive manufacturing company headquartered in Mumbai , India , and a member of the Tata Group . Its products include passenger cars , trucks , vans , coaches , buses , sports cars , construction equipment and military vehicles .   Tata Motors has auto manufacturing and assembly plants in Jamshedpur , Pantnagar , Lucknow , Sanand , Dharwad , and Pune in India , as well as in Argentina , South Africa , Great Britain and Thailand .'
 ""Nuuk ( [ nuːk ] ; Godthåb ) is the capital and largest city of Greenland and the municipality of Sermersooq . It is the seat of government and the country 's largest cultural and economic centre . The major cities closest to the capital are Iqaluit and St. John 's in Canada and Reykjavík in Iceland . Nuuk contains almost a third of Greenland 's population , and also has the tallest building in Greenland . Nuuk is the seat of government for the Sermersooq municipality .""
 ""It has research and development centres in Pune , Jamshedpur , Lucknow , and Dharwad , India and in South Korea , Great Britain and Spain . Tata Motors ' principal subsidiaries purchased the English premium car maker Jaguar Land Rover ( the maker of Jaguar and Land Rover cars ) and the South Korean commercial vehicle manufacturer Tata Daewoo . Tata Motors has a bus-manufacturing joint venture with Marcopolo S.A.""
 ""Villa Somalia is the official residential palace and principal workplace of the President of Somalia , Mohamed Abdullahi Mohamed . In May 2012 , the First Somali Bank was established in the capital , which organized Mogadishu 's first ever Technology , Entertainment , Design ( TEDx ) conference . The establishment of a local construction yard has also galvanized the city 's real-estate sector . Arba'a Rukun Mosque is one of the oldest Islamic places of worship in the capital , built circa 667 ( 1268/9 AD ) .""
 ""By 2000 , it had established diplomatic relations with all nations . Since 2000 , Vietnam 's economic growth rate has been among the highest in the world , and , in 2011 , it had the highest Global Growth Generators Index among 11 major economies . Its successful economic reforms resulted in its joining the World Trade Organization in 2007 . It is also a member of the Asia-Pacific Economic Cooperation and the Organisation Internationale de la Francophonie . Vietnam remains one of the world 's four remaining one-party socialist states officially espousing communism .""
 ""Murdoch thus had full control as Chairman and CEO of global media holding company News Corporation , now the world 's second-largest media conglomerate , and its successors , News Corp and 21st Century Fox , after the conglomerate split on 28 June 2013 .   In the 1950s and 1960s , Murdoch acquired a number of newspapers in Australia and New Zealand , before expanding into the United Kingdom in 1969 , taking over the News of the World , followed closely by The Sun .""
 'The Faroese have control of most domestic matters . Areas that remain the responsibility of Denmark include military defence , the police department , the justice department , currency , and foreign affairs . However , as they are not part of the same customs area as Denmark , the Faroe Islands have an independent trade policy , and can establish trade agreements with other states . The islands also have representation in the Nordic Council as members of the Danish delegation . The people of the Faroe Islands also compete as a national team in certain sports .'
 '( Tata Marcopolo ) , a construction-equipment manufacturing joint venture with Hitachi ( Tata Hitachi Construction Machinery ) , and a joint venture with Fiat Chrysler which manufactures automotive components and Fiat Chrysler and Tata branded vehicles.Founded in 1945 as a manufacturer of locomotives , the company manufactured its first commercial vehicle in 1954 in a collaboration with Daimler-Benz AG , which ended in 1969 .']"	NOTENOUGHINFO	Is it true that Sikkim is a part of the World Bank?	NOTENOUGHINFO	MISSING	CONTRADICTION	ENTAILMENT	5.185295413999484	342.03662109375	-1	{'retriever': 'dense', 'topk': 10, 'reranker': False, 'prompt_edit': False, 'reindex': False}	NO_FAILURE	{'total_reward': -0.0, 'failure_reward': 1.0, 'prediction_reward': 1.0, 'consistency_reward': 0.0, 'factuality_reward': 1.0, 'latency_budget_strict': 0.0, 'vram_budget_strict': 1.0, 'latency_rate': 1.0370590827998967, 'vram_rate': 0.0}
0	Christa McAuliffe taught social studies at Concord High School.	Christa McAuliffe taught social studies at Concord High School.	"['In 1985 , she was selected from more than 11,000 applicants to participate in the NASA Teacher in Space Project and was scheduled to become the first teacher in space . As a member of mission STS-51-L , she was planning to conduct experiments and teach two lessons from Space Shuttle Challenger . On January 28 , 1986 , the shuttle broke apart 73 seconds after launch . After her death , schools and scholarships were named in her honor , and in 2004 she was posthumously awarded the Congressional Space Medal of Honor .'
 ""Sharon Christa McAuliffe ( September 2 , 1948 -- January 28 , 1986 ) was an American teacher from Concord , New Hampshire , and was one of the seven crew members killed in the Space Shuttle Challenger disaster .   She received her bachelor 's degree in education and history from Framingham State College in 1970 , and also a master 's in education supervision and administration from Bowie State University in 1978 . She took a teaching position as a social studies teacher at Concord High School in New Hampshire in 1983 .""
 ""The following year , Caroline , her mother , and brother settled on the Upper East Side of Manhattan , where she attended school . Kennedy graduated from Radcliffe College and worked at Manhattan 's Metropolitan Museum of Art , where she met her future husband , exhibit designer Edwin Schlossberg . She went on to receive a J.D. degree from Columbia Law School . Most of Kennedy 's professional life has spanned law and politics , as well as education reform and charitable work .""
 ""A former high school drop-out , he attended Seattle University 's Albers School of Business and Economics in the early 2000s , and subsequently founded the wealth management firm Meridian Rock . He was a high school honor student , but dropped out early to pursue a career in music .""
 ""She has also acted as a spokesperson for her family 's legacy and co-authored two books on civil liberties with Ellen Alderman .   Early in the primary race for the 2008 presidential election , Kennedy and her uncle Ted endorsed Democratic candidate Barack Obama for President ; she later stumped for him in Florida , Indiana , and Ohio , served as co-chair of his Vice Presidential Search Committee , and addressed the 2008 Democratic National Convention in Denver .""
 'In New York he reorganized the Democratic-Republican Party and established the Albany Regency to keep it in power . He then moved on Washington where he did more than anyone to construct the modern Democratic Party which dominated American politics down to the American Civil War .   A delegate to a political convention at age 18 , he quickly moved from local to state politics , gaining fame both as a political organizer and an accomplished lawyer .'
 ""Teaching Alexander the Great gave Aristotle many opportunities and an abundance of supplies . He established a library in the Lyceum which aided in the production of many of his hundreds of books . The fact that Aristotle was a pupil of Plato contributed to his former views of Platonism , but , following Plato 's death , Aristotle immersed himself in empirical studies and shifted from Platonism to empiricism . He believed all peoples ' concepts and all of their knowledge was ultimately based on perception . Aristotle 's views on natural sciences represent the groundwork underlying many of his works .""
 'In 1898 he joined the esoteric Hermetic Order of the Golden Dawn , where he was trained in ceremonial magic by Samuel Liddell MacGregor Mathers and Allan Bennett . Moving to Boleskine House by Loch Ness in Scotland , he went mountaineering in Mexico with Oscar Eckenstein , before studying Hindu and Buddhist practices in India .'
 'He started his professional career in 1984 , instructing marine biology , at the Orange County Marine Institute , where he wrote The Intertidal Zone , an informative comic book about tide-pool animals , which he used to educate his students . In 1989 , two years after leaving teaching , Hillenburg enrolled at the California Institute of the Arts to pursue a career in animation .'
 'Richards was the second female governor of Texas , and was frequently noted in the media for her outspoken feminism and her one-liners .']"	SUPPORTS	Did Christa McAuliffe teach social studies at Concord High School?	SUPPORTS	CONSISTENT	ENTAILMENT	ENTAILMENT	3.6813549839998814	274.34716796875	-1	{'retriever': 'dense', 'topk': 10, 'reranker': False, 'prompt_edit': False, 'reindex': False}	NO_FAILURE	{'total_reward': 0.2637290032000237, 'failure_reward': 1.0, 'prediction_reward': 1.0, 'consistency_reward': 1.0, 'factuality_reward': 1.0, 'latency_budget_strict': 1.0, 'vram_budget_strict': 1.0, 'latency_rate': 0.7362709967999763, 'vram_rate': 0.0}
0	Ron Weasley is a President.	The provided context does not contain any information about Ron Weasley's position within the Harry Potter universe.	"[""Ronald Bilius `` Ron '' Weasley is a fictional character in J. K. Rowling 's Harry Potter series . His first appearance was in the first book of the series , Harry Potter and the Philosopher 's Stone as the best friend of Harry Potter and Hermione Granger . He is a member of the Weasley family , a pure blood family , who reside in `` The Burrow '' outside Ottery St. Catchpole . Along with Harry and Hermione , he is a member of the Gryffindor house . Ron is present in most of the action throughout the series .""
 'In New York he reorganized the Democratic-Republican Party and established the Albany Regency to keep it in power . He then moved on Washington where he did more than anyone to construct the modern Democratic Party which dominated American politics down to the American Civil War .   A delegate to a political convention at age 18 , he quickly moved from local to state politics , gaining fame both as a political organizer and an accomplished lawyer .'
 'He was elected twice to the New York State Assembly ( 1784 -- 1785 , 1798 -- 1799 ) , was appointed New York State Attorney General ( 1789 -- 1791 ) , was chosen as a U.S. senator ( 1791 -- 1797 ) , from the State of New York , and reached the apex of his career as vice president .'
 ""Aaron Burr Jr. ( February 6 , 1756September 14 , 1836 ) was an American politician . He was the third Vice President of the United States ( 1801 -- 1805 ) , serving during Thomas Jefferson 's first term .   Burr served as a Continental Army officer in the Revolutionary War , after which he became a successful lawyer and politician .""
 ""During Jackson 's eight years as president , Van Buren was a key advisor , and built the organizational structure for the coalescing Democratic Party , particularly in New York . In 1831 , following his resignation as Secretary of State , which aided Jackson in resolving the Petticoat affair , Jackson gave Van Buren a recess appointment as American minister to Britain . Van Buren 's nomination was rejected by the Senate , cutting short his service in London , but he was elected vice president in the 1832 election .""
 ""Martin Van Buren ( Maarten van Buren ; December 5 , 1782 -- July 24 , 1862 ) was an American politician who served as the eighth President of the United States ( 1837 -- 41 ) . A member of the Democratic Party , he served in a number of other senior roles , including eighth Vice President ( 1833 -- 37 ) and tenth Secretary of State ( 1829 -- 31 ) , both under Andrew Jackson . Van Buren won the presidency by promising to continue Jackson 's policies .""
 'Murdoch and his family own both 21st Century Fox and News Corp through the Murdoch Family Trust .   In July 2016 , after the resignation of Roger Ailes due to accusations of sexual harassment , Murdoch was named the acting CEO of Fox News .'
 ""She has also acted as a spokesperson for her family 's legacy and co-authored two books on civil liberties with Ellen Alderman .   Early in the primary race for the 2008 presidential election , Kennedy and her uncle Ted endorsed Democratic candidate Barack Obama for President ; she later stumped for him in Florida , Indiana , and Ohio , served as co-chair of his Vice Presidential Search Committee , and addressed the 2008 Democratic National Convention in Denver .""
 ""Elected to the Senate by the New York State Legislature in 1821 , Van Buren supported William H. Crawford for president in the 1824 election , but by 1828 had come to support Jackson . Van Buren was a major supporter and organizer for Jackson in the 1828 election , and ran for Governor of New York in the hope of using his personal popularity to boost Jackson 's campaign . Jackson and Van Buren were elected , and after serving as governor for two months , Van Buren resigned to become Jackson 's Secretary of State .""
 ""After Obama selected United States Senator Hillary Clinton to serve as Secretary of State , Kennedy expressed interest in being appointed to Clinton 's vacant Senate seat from New York , but she later withdrew from consideration , citing `` personal reasons . '' Congresswoman Kirsten Gillibrand ultimately replaced Clinton as the junior New York Senator . In 2013 , President Obama appointed Kennedy as the United States ambassador to Japan .""]"	NOTENOUGHINFO	Is it true that Ron Weasley holds the position of President?	NOTENOUGHINFO	MISSING	CONTRADICTION	CONTRADICTION	4.999447209000209	307.41259765625	-1	{'retriever': 'dense', 'topk': 10, 'reranker': False, 'prompt_edit': False, 'reindex': False}	WRONG_RESPONSE_FAILURE	{'total_reward': 3.6852733319399825e-05, 'failure_reward': 0.0, 'prediction_reward': 1.0, 'consistency_reward': 0.0, 'factuality_reward': 0.0, 'latency_budget_strict': 1.0, 'vram_budget_strict': 1.0, 'latency_rate': 0.9998894418000418, 'vram_rate': 0.0}
0	Ron Weasley is a President.	The provided context does not contain any information about Ron Weasley's political positions.	"[""Ronald Bilius `` Ron '' Weasley is a fictional character in J. K. Rowling 's Harry Potter series . His first appearance was in the first book of the series , Harry Potter and the Philosopher 's Stone as the best friend of Harry Potter and Hermione Granger . He is a member of the Weasley family , a pure blood family , who reside in `` The Burrow '' outside Ottery St. Catchpole . Along with Harry and Hermione , he is a member of the Gryffindor house . Ron is present in most of the action throughout the series .""
 ""Martin Van Buren ( Maarten van Buren ; December 5 , 1782 -- July 24 , 1862 ) was an American politician who served as the eighth President of the United States ( 1837 -- 41 ) . A member of the Democratic Party , he served in a number of other senior roles , including eighth Vice President ( 1833 -- 37 ) and tenth Secretary of State ( 1829 -- 31 ) , both under Andrew Jackson . Van Buren won the presidency by promising to continue Jackson 's policies .""
 ""During Jackson 's eight years as president , Van Buren was a key advisor , and built the organizational structure for the coalescing Democratic Party , particularly in New York . In 1831 , following his resignation as Secretary of State , which aided Jackson in resolving the Petticoat affair , Jackson gave Van Buren a recess appointment as American minister to Britain . Van Buren 's nomination was rejected by the Senate , cutting short his service in London , but he was elected vice president in the 1832 election .""]"	NOTENOUGHINFO	Is it true that Ron Weasley holds the position of President?	NOTENOUGHINFO	MISSING	CONTRADICTION	ENTAILMENT	3.845395412000471	107.24169921875	0	{'reranker': True}	NO_FAILURE	{'total_reward': 0.19243409799992156, 'failure_reward': 1.0, 'prediction_reward': 1.0, 'consistency_reward': 0.0, 'factuality_reward': 1.0, 'latency_budget_strict': 1.0, 'vram_budget_strict': 1.0, 'latency_rate': 0.7690790824000941, 'vram_rate': 0.0}
0	Reign Over Me was released in 2017.	The film was released on March 23, 2007.	"['Reign Over Me is a 2007 American drama film written and directed by Mike Binder , and produced by his brother Jack Binder . The film stars Adam Sandler , Don Cheadle , Jada Pinkett Smith , Liv Tyler , Donald Sutherland , Saffron Burrows and Mike Binder himself .   Distributed by Columbia Pictures , the film was released on March 23 , 2007 . The film was released to DVD , and Blu-ray on October 9 , 2007 .'
 'A third film , Despicable Me 3 , is scheduled for release on June 30 , 2017 .'
 ""Despicable Me 2 premiered on June 5 , 2013 in Australia , and was theatrically released in the United States on July 3 , 2013 . The film received mostly positive reviews from critics , and was nominated for Academy Award for Best Animated Feature and for Academy Award for Best Original Song ( for `` Happy '' ) , losing both to Walt Disney Animation Studios ' Frozen .""
 'The album was released in June 2013 .'
 ""Intended to launch a film and television franchise , the first installment combines elements from several novels in the eight-volume series , taking place partly in modern-day New York City and partly in Mid-World , Roland 's Old West-style parallel universe . Additionally , King has tweeted a photo of the Horn of Eld with the caption `` Last Time Around '' , which relates to the ending of the final book , The Dark Tower VII ; Arcel has said that fans will know the movie is a sequel to the books ' events .""
 'The film is set to be released on August 4 , 2017 in 3D and 2D by Columbia Pictures .'
 'De la Rocha started a low-key solo career , while the rest of the band formed the rock supergroup Audioslave with Chris Cornell , then-former frontman of Soundgarden ; Audioslave recorded three albums before disbanding in 2007 . The same year , Rage Against the Machine announced a reunion and performed together for the first time in seven years at the Coachella Valley Music and Arts Festival in April 2007 . Up until 2011 , the band continued to perform at more live venues and festivals around the world .'
 'The film had its world premiere at South by Southwest on March 12 , 2016 , and was released on April 8 , 2016 , by Netflix .'
 ""It also reached number one on the Z100 Top 100 songs of 2002 countdown . This song also ranked at # 121 in Blender magazine 's The 500 Greatest Songs Since You Were Born . The song is Billboards second most played rock song of the decade . It was also remixed on Reanimation as `` Enth E ND '' . The music video of the song , directed by Nathan Cox and the band 's turntablist Joe Hahn , featured the band in a fantasy setting .""
 ""The band did not release a follow-up record until 1996 , with Evil Empire . The band 's third album , The Battle of Los Angeles , followed in 1999 , and in 2003 , the album was ranked number 426 on the same list . During their initial nine-year run , they became one of the most popular and influential bands in music history , according to music journalist Colin Devenish . They were also ranked No. 33 on VH1 's 100 Greatest Artists of Hard Rock .""]"	REFUTES	Was Reign Over Me released in the year 2017?	REFUTES	MISSING	CONTRADICTION	ENTAILMENT	4.272379459000149	243.67578125	-1	{'retriever': 'dense', 'topk': 10, 'reranker': False, 'prompt_edit': False, 'reindex': False}	NO_FAILURE	{'total_reward': 0.12127009016664184, 'failure_reward': 1.0, 'prediction_reward': 1.0, 'consistency_reward': 0.0, 'factuality_reward': 1.0, 'latency_budget_strict': 1.0, 'vram_budget_strict': 1.0, 'latency_rate': 0.8544758918000298, 'vram_rate': 0.0}
0	Colin Kaepernick is a poker player.	The provided context does not contain any information about Colin Kaepernick playing poker.	"['Colin Rand Kaepernick ( [ ` kæpərnɪk ] ; born November 3 , 1987 ) is an American football quarterback who is currently a free agent . Kaepernick played collegiate football at the University of Nevada where he was named the Western Athletic Offensive Player of the Year twice and was the Most Valuable Player of the 2008 Humanitarian Bowl . Kaepernick was selected by the San Francisco 49ers in the second round of the 2011 NFL Draft .'
 ""Kaepernick began his professional career as a backup to Alex Smith , but became the 49ers ' starter in the middle of the 2012 season after Smith suffered a concussion . He remained the team 's starting quarterback for the rest of the season and went on to lead the 49ers to their first Super Bowl appearance since 1994 , losing to the Baltimore Ravens . During the 2013 season , his first full season as a starter , Kaepernick helped the 49ers reach the NFC Championship , losing to the Seattle Seahawks .""
 'In the following seasons , Kaepernick lost and won back his starting job , with the 49ers missing the playoffs for three years consecutively .   In 2016 , Kaepernick gained national attention when he began protesting by not standing while the United States national anthem was being performed before the start of games , motivated by what he viewed as the oppression of non-white races in the U.S. His actions prompted a wide variety of responses , including additional athletes in the NFL and other U.S. sports leagues protesting the anthem in various ways .'
 'He then played college basketball for the Miami Hurricanes of the University of Miami , where he was a three-year starter and finished his career averaging 11 points per game . He was named Third Team All-Big East his junior year and Second Team Verizon Academic All-American his senior year . He was inducted into the University of Miami Sports Hall of Fame in 2014 .   Jones was drafted by the Indiana Pacers in the second round of the 2003 NBA Draft .'
 'His comedic style , in both his stand-up material and acting roles , relies heavily on sarcasm and self-deprecation .'
 ""In addition to his film work , Penn is known for his political and social activism , including his criticism of the George W. Bush administration , his contact with the Presidents of Cuba and Venezuela , and his humanitarian work in the aftermath of Hurricane Katrina ( 2005 ) and the 2010 Haiti earthquake . In January 2016 , Penn published an interview ( conducted in October 2015 ) with Mexican drug lord Joaquín `` El Chapo '' Guzmán in Rolling Stone .""
 'He has since played for the Pacers , Phoenix Suns , Portland Trail Blazers , Miami Heat and Cavaliers . He has won three NBA championships , two with the Heat and one with the Cavaliers . In 2017 , he and teammate LeBron James reached the NBA Finals for the seventh consecutive year . Jones has never been on an NBA team with a losing record and has only missed the playoffs once -- with the Trail Blazers in 2007 -- 08 .'
 'David Wayne Spade ( born July 22 , 1964 ) is an American actor , stand-up comedian , writer and television personality . He rose to fame in the 1990s as a cast member on Saturday Night Live , then began a successful acting career in both film and television . He also starred and co-starred in the films Tommy Boy , Black Sheep , Joe Dirt , Joe Dirt 2 : Beautiful Loser , Grown Ups , and Grown Ups 2 , among others .'
 'Deceiver ( 1997 ) , Legend of 1900 ( 1999 ) , Planet of the Apes ( 2001 ) , Invincible ( 2001 ) , Funny Games ( 2007 ) , The Incredible Hulk ( 2008 ) , Arbitrage ( 2012 ) , Broken ( 2012 ) , Selma ( 2014 ) and 600 Miles ( 2016 ) . He also starred as Cal Lightman on the Fox series Lie to Me ( 2009 -- 2011 ) .'
 ""Antonio Marquis `` L.A. '' Reid ( born June 7 , 1956 ) is an American music executive , musician , songwriter , record producer , author and former television music competition judge . He has served as the chairman and CEO of Epic Records , a division of Sony Music Entertainment , the president and CEO of Arista Records , and the chairman and CEO of the Island Def Jam Music Group .  Reid was also the founder and CEO of Hitco Music Publishing and the co-founder of LaFace Records .""]"	REFUTES	Is it true that Colin Kaepernick plays poker?	NOTENOUGHINFO	MISSING	CONTRADICTION	ENTAILMENT	4.6644657510005345	320.224609375	-1	{'retriever': 'dense', 'topk': 10, 'reranker': False, 'prompt_edit': False, 'reindex': False}	NO_FAILURE	{'total_reward': 0.03355342489994656, 'failure_reward': 1.0, 'prediction_reward': 0.0, 'consistency_reward': 0.0, 'factuality_reward': 1.0, 'latency_budget_strict': 1.0, 'vram_budget_strict': 1.0, 'latency_rate': 0.9328931502001069, 'vram_rate': 0.0}
0	Sheryl Lee has yet to appear in a film as of 2016.	Sheryl Lee appeared in Café Society in 2016.	"[""Notable film roles include as Astrid Kirchherr in Backbeat ( 1994 ) , as well as a lead role in the drama Mother Night ( 1996 ) , based on the novel by Kurt Vonnegut . From 2000 to 2009 , Lee only appeared in four films before having a supporting part in the drama Winter 's Bone ( 2010 ) . In 2016 , she appeared in Café Society , and also completed the Showtime revival of Twin Peaks ( 2017 ) , reprising her role of Laura Palmer .""
 ""Bassett began her film career in the mid-1980s , after earning a bachelor of arts degree from Yale University and a master of fine arts degree from drama school . In the 1990s , she appeared in films nearly every year . The 2000s saw a succession of films starring Bassett , with her appearing in at least one film every year . Bassett 's success has continued into the 2010s .""
 ""Apart from her group 's activities , she has established herself as an actress , notably through her participation in the original and Korean versions of stage musicals including Moon Embracing the Sun , Gone with the Wind and Mamma Mia . She also starred in the drama `` Moon Lovers : Scarlet Heart Ryeo '' . She debuted as a solo artist with her debut mini album , Do n't Say No , on January 17 , 2017 , making her the third Girls ' Generation member to debut as a solo artist .""
 'Sheryl Lynn Lee ( born April 22 , 1967 ) is a German-born film , stage , and television actress . After studying acting in college , Lee relocated to Seattle , Washington to work in theater , where she was cast by David Lynch as Laura Palmer and Maddy Ferguson on the 1990 cult TV series Twin Peaks and in the 1992 film Twin Peaks : Fire Walk with Me . After completing Twin Peaks , she returned to theater , appearing in the title role of Salome on Broadway opposite Al Pacino .'
 'Bullock achieved further success in the following decades in Miss Congeniality ( 2000 ) , Two Weeks Notice ( 2002 ) , Crash ( 2004 ) , The Proposal ( 2009 ) , and The Heat ( 2013 ) . She was awarded the Academy Award for Best Actress and the Golden Globe Award for Best Actress in a Drama for playing Leigh Anne Tuohy in The Blind Side ( 2009 ) , and was nominated in the same categories for her performance in Gravity ( 2013 ) .'
 ""In 2016 , Bassett returned to the series 's sixth cycle , Roanoke , portraying an alcoholic actress named Monet Tumusiime , who plays struggling mother and former police officer Lee Harris in the My Roanoke Nightmare documentary .""
 ""She achieved international recognition when she appeared as Sibylla , Queen of Jerusalem in Ridley Scott 's historical epic Kingdom of Heaven ( 2005 ) , and portrayed Bond girl Vesper Lynd in the James Bond film Casino Royale ( 2006 ) . In 2006 , Green was awarded the BAFTA Rising Star Award .   Since 2006 , Green has starred in independent films Cracks ( 2009 ) , Womb ( 2010 ) , and Perfect Sense ( 2011 ) .""
 'Early in her career , she appeared in popular films spanning a wide variety of genres , including Act of Violence ( 1948 ) , Little Women ( 1949 ) , Angels in the Outfield ( 1951 ) , Scaramouche ( 1952 ) , The Naked Spur ( 1953 ) and Living It Up ( 1954 ) .'
 'In 2015 , Braddy co-starred as Anna Martin in the Lifetime dark comedy-drama series , Unreal . , she is starring as Shelby Wyatt in the ABC thriller Quantico .'
 ""In 2013 , she had a recurring role on the FX horror series American Horror Story : Coven , earning her second Primetime Emmy Award nomination for her performance as Voodoo queen Marie Laveau . She returned for Freak Show , the anthology series ' fourth season , portraying a three-breasted woman named Desiree Dupree for which she received another nomination for Outstanding Supporting Actress in a Miniseries or a Movie . In 2015 , Bassett returned for the fifth season Hotel portraying Ramona Royale , a famous movie star .""]"	REFUTES	Has Sheryl Lee appeared in any films as of 2016?	REFUTES	MISSING	CONTRADICTION	ENTAILMENT	4.031142814999839	311.775390625	-1	{'retriever': 'dense', 'topk': 10, 'reranker': False, 'prompt_edit': False, 'reindex': False}	NO_FAILURE	{'total_reward': 0.16147619750002684, 'failure_reward': 1.0, 'prediction_reward': 1.0, 'consistency_reward': 0.0, 'factuality_reward': 1.0, 'latency_budget_strict': 1.0, 'vram_budget_strict': 1.0, 'latency_rate': 0.8062285629999678, 'vram_rate': 0.0}
0	Matteo Renzi is German.	Matteo Renzi is Italian.	"[""He was also the first serving Mayor to become Prime Minister . Renzi was sometimes described as the de facto leader of the Party of European Socialists , in opposition to the European People 's Party associated with Angela Merkel ; the two leaders are together often referred to as Merkenzi . In 2014 the American magazine Fortune ranked Renzi as the third most influential person under 40 in the world ; and Foreign Policy listed him as one of the Top 100 Global Thinkers .""
 ""Moreover , Renzi is nicknamed il Rottamatore ( the Scrapper ) due to his ambition of renovating the Italian political establishment .   While in power Renzi 's Government implemented numerous reforms , including changes to the electoral system , a relaxation of labour and employment laws with the intention of boosting economic growth , a thorough reformation of the public administration , the simplification of civil trials , the introduction of same-sex civil unions , and the abolition of many small taxes .""
 'Renato Balestra ( born May 3 , 1924 -- ) is an Italian fashion designer .   Born in Trieste , Renato Balestra comes from a family of architects and engineers and after a childhood steeped in the Mid-European cultural environment of the area , he too began studying for a degree in civil engineering . However , even from the earliest days of his youth , he dedicated his much of his time to artistic activities , including both painting and music , and devoted several hours a day to studying the piano .'
 'Matteo Renzi ( [ matˈtɛːo ˈrɛntsi ] ; born 11 January 1975 ) is an Italian politician who served as the Prime Minister of Italy from February 2014 until December 2016 . After the rejection of his constitutional reform in December 2016 referendum , Renzi formally resigned on 12 December , when Foreign Affairs Minister Paolo Gentiloni was appointed new head of the government by President Sergio Mattarella . His government is the fourth longest one in the history of Italy as a republic .'
 ""However Renato Balestra 's interests are not limited to fashion .  Eclectic in his tastes , he has also been involved in television , taking part a in Italian Saturday-evening T.V. programm `` Rosa Chic '' , and is the guest star in `` Chiambretti c ' è '' that is going on 3 nights a week on RAI 2 .""
 'He is still a passionate connoisseur of both classical music and opera . It was not until the last year of his engineering studies , however , that he became involved in fashion , creating a design in response to a bet made among friends . Without his knowledge , the result was sent to Milan and , to his great surprise , he was invited to participate in the creation of an haute couture collection . It is fair to say that fashion chose Renato Balestra , rather than Renato Balestra choosing fashion .'
 'Renzi served as President of the Province of Florence from 2004 to 2009 and as Mayor of Florence from 2009 to 2014 .   At the age of 39 years and 42 days upon assuming office , Renzi is the youngest person to serve as Italian Prime Minister ( 52 days younger than Benito Mussolini , who took office in 1922 ) and was the youngest leader in the G7 . He was also the first serving Mayor to become Prime Minister .'
 'Throughout his career , Renato Balestra has been invited to present his Collections all over the world , with enormous  international success . He has also been awarded prestigious prizes in recognition of his talent .  When in Beijing , he had the great honour of being awarded the title of Honorary Professor of the Fashion Academy .'
 ""especially in the 1930s and the first post-war decade , as well as the ideological politics and socio-economic origin of the club 's sympathisers and the club 's contribution to the national team -- the most for an Italian club -- , uninterrupted since the second half of the 1920s and recognised as one of the most influential in international football , having performed a decisive role in the Azzurri 's World Cup triumphs of 1934 , 1982 and 2006 .""
 'The move from Milan to Rome was rapid and although still undecided on exactly what path to take , Renato Balestra was convinced that his future lay  in design . For a number of years , he designed for the theatre , the cinema and , naturally , the fashion world until the success of the first Renato Balestra label collections convinced him to choose the latter option . From Via Sistina , where the Balestra shop had its headquarters , he began his rise to international fame , developing and creating a variety of activities .']"	REFUTES	Is it true that Matteo Renzi is German?	REFUTES	CONSISTENT	CONTRADICTION	ENTAILMENT	4.253967955000007	317.2734375	-1	{'retriever': 'dense', 'topk': 10, 'reranker': False, 'prompt_edit': False, 'reindex': False}	NO_FAILURE	{'total_reward': 0.14920640899999849, 'failure_reward': 1.0, 'prediction_reward': 1.0, 'consistency_reward': 1.0, 'factuality_reward': 1.0, 'latency_budget_strict': 1.0, 'vram_budget_strict': 1.0, 'latency_rate': 0.8507935910000015, 'vram_rate': 0.0}
0	The Road to El Dorado stars Tim Allen.	The provided context does not contain any information about Tim Allen or the movie 'The Road to El Dorado'.	"['Deceiver ( 1997 ) , Legend of 1900 ( 1999 ) , Planet of the Apes ( 2001 ) , Invincible ( 2001 ) , Funny Games ( 2007 ) , The Incredible Hulk ( 2008 ) , Arbitrage ( 2012 ) , Broken ( 2012 ) , Selma ( 2014 ) and 600 Miles ( 2016 ) . He also starred as Cal Lightman on the Fox series Lie to Me ( 2009 -- 2011 ) .'
 'The film is about Cataleya ( Amandla Stenberg ) , a nine-year-old girl in Colombia whose family is killed by drug lord named Don Luis Sandoval ( Beto Benites ) . Fifteen years later , a 24-year-old Cataleya ( Zoe Saldana ) has become an accomplished assassin . Even though Don Luis is now in the witness protection program in the U.S.'
 'David Wayne Spade ( born July 22 , 1964 ) is an American actor , stand-up comedian , writer and television personality . He rose to fame in the 1990s as a cast member on Saturday Night Live , then began a successful acting career in both film and television . He also starred and co-starred in the films Tommy Boy , Black Sheep , Joe Dirt , Joe Dirt 2 : Beautiful Loser , Grown Ups , and Grown Ups 2 , among others .'
 ""Taran Hourie Killam ( born April 1 , 1982 ) is an American actor , comedian , and writer . He is best known for his television work on shows such as The Amanda Show , Wild 'n Out , Mad TV , and Saturday Night Live . Killam is also known for his portrayal of a teen pop star in the Disney Channel Original Movie Stuck in the Suburbs .""
 ""Notable film roles include as Astrid Kirchherr in Backbeat ( 1994 ) , as well as a lead role in the drama Mother Night ( 1996 ) , based on the novel by Kurt Vonnegut . From 2000 to 2009 , Lee only appeared in four films before having a supporting part in the drama Winter 's Bone ( 2010 ) . In 2016 , she appeared in Café Society , and also completed the Showtime revival of Twin Peaks ( 2017 ) , reprising her role of Laura Palmer .""
 ""Colombiana is a 2011 French action film co-written and produced by Luc Besson and directed by Olivier Megaton . The French director 's best known other movies are the actions films Transporter 3 , Taken 2 and Taken 3 . The film stars Zoe Saldana in the lead role with supporting roles by Michael Vartan , Cliff Curtis , Lennie James , Callum Blue , and Jordi Mollà . `` Colombiana '' means a woman from Colombia , and is also a genus of orchids .""
 ""He has also won a Best Actor Award of the Cannes Film Festival for the Nick Cassavetes-directed She 's So Lovely ( 1997 ) , and two Best Actor Awards at the Venice Film Festival for the indie film Hurlyburly ( 1998 ) and the drama 21 Grams ( 2003 ) .   Penn made his feature film directorial debut with The Indian Runner ( 1991 ) , followed by the drama film The Crossing Guard ( 1995 ) and the mystery film The Pledge ( 2001 ) .""
 ""( 2001 ) . His 2008 film Australia is an epic historical romantic drama film starring Hugh Jackman and Nicole Kidman . His 2013 drama The Great Gatsby , based on F. Scott Fitzgerald 's 1925 novel of the same name , stars Leonardo DiCaprio ( whom he also used in Romeo + Juliet ) and Tobey Maguire .""
 ""Alexandra Anna Daddario ( born March 16 , 1986 ) is an American actress . She is best known for playing Annabeth Chase in the Percy Jackson film series , and Blake Gaines in San Andreas . She starred in the films Texas Chainsaw 3D and Hall Pass , and has guest starred on series including White Collar , It 's Always Sunny in Philadelphia , True Detective , and American Horror Story : Hotel .""
 'Sean Justin Penn ( born August 17 , 1960 ) is an American actor , filmmaker , and political activist . He has won two Academy Awards , for his roles in the mystery drama Mystic River ( 2003 ) and the biopic Milk ( 2008 ) .   Penn began his acting career in television with a brief appearance in episode 112 of Little House on the Prairie ( December 4 , 1974 ) , directed by his father Leo Penn. .']"	NOTENOUGHINFO	"Does the movie ""The Road to El Dorado"" star Tim Allen?"	NOTENOUGHINFO	MISSING	CONTRADICTION	ENTAILMENT	5.3490954519993466	337.46484375	-1	{'retriever': 'dense', 'topk': 10, 'reranker': False, 'prompt_edit': False, 'reindex': False}	NO_FAILURE	{'total_reward': -0.0, 'failure_reward': 1.0, 'prediction_reward': 1.0, 'consistency_reward': 0.0, 'factuality_reward': 1.0, 'latency_budget_strict': 0.0, 'vram_budget_strict': 1.0, 'latency_rate': 1.0698190903998692, 'vram_rate': 0.0}
0	The highest point of the Hindu Kush is Everest.	The highest point mentioned in the context is Tirich Mir or Terichmir at 7708 m in the Chitral District of Khyber Pakhtunkhwa, Pakistan.	"['The Hindu Kush range has numerous high snow-capped peaks , with the highest point in the Hindu Kush being Tirich Mir or Terichmir at 7708 m in the Chitral District of Khyber Pakhtunkhwa , Pakistan . To the north , near its northeastern end , the Hindu Kush buttresses the Pamir Mountains near the point where the borders of China , Pakistan and Afghanistan meet , after which it runs southwest through Pakistan and into Afghanistan near their border . The eastern end of the Hindu Kush in the north merges with the Karakoram Range .'
 'The Hindu Kush ( [ kʊʃ , _ kuːʃ ] Pashto , Persian and [ ) , also known in Ancient Greek as the Caucasus Indicus or Paropamisadae , is an 800 km mountain range that stretches near the Afghan-Pakistan border , from central Afghanistan to northern Pakistan . It forms the western section of the Hindu Kush Himalayan Region ( HKH ) . It divides the valley of the Amu Darya ( the ancient Oxus ) to the north from the Indus River valley to the south .'
 'The Hindu Kush range has also been the passageway during the invasions of the Indian subcontinent , and continues to be important during modern era warfare in Afghanistan .'
 'Towards its southern end , it connects with the Spin Ghar Range near the Kabul River .   The Hindu Kush range were a historically significant center of Buddhism with sites such as the Bamiyan Buddhas . The range and communities settled in it hosted ancient monasteries , important trade networks , and travelers between Central Asia and South Asia . Buddhism declined , then vanished in the region with Muslim political expansion and the locals began to practice Islam .'
 ""Mount Rushmore National Memorial is a sculpture carved into the granite face of Mount Rushmore , a batholith in the Black Hills in Keystone , South Dakota , United States . Sculptor Gutzon Borglum created the sculpture 's design and oversaw the project 's execution from 1927-1941 with the help of his son , Lincoln Borglum .""
 'Wales has over 1680 mi of coastline and is largely mountainous , with its higher peaks in the north and central areas , including Snowdon ( Yr Wyddfa ) , its highest summit . The country lies within the north temperate zone and has a changeable , maritime climate .   Welsh national identity emerged among the Celtic Britons after the Roman withdrawal from Britain in the 5th century , and Wales is regarded as one of the modern Celtic nations .'
 ""South Dakota historian Doane Robinson is credited with conceiving the idea of carving the likenesses of famous people into the Black Hills region of South Dakota in order to promote tourism in the region . Robinson 's initial idea was to sculpt the Needles ; however , Gutzon Borglum rejected the Needles because of the poor quality of the granite and strong opposition from Native American groups . They settled on Mount Rushmore , which also has the advantage of facing southeast for maximum sun exposure .""
 'Mogadishu ( [ ˌmɔːɡəˈdiːʃuː ] Muqdisho [ mʉqdɪʃɔ ] ; مقديشو [ maqadiːʃuː ] ) , known locally as Hamar , is the capital and most populous city of Somalia . Located in the coastal Banaadir region on the Indian Ocean , the city has served as an important port for millennia .'
 ""At the same time , she continued to write songs for other artists , including `` Till the World Ends '' for Britney Spears . Warrior , her second studio album , was released in 2012 , spawning her eighth top-ten single `` Die Young '' . `` Tik Tok '' , at one point , was the best-selling digital single in history , selling over 14 million units internationally .   Kesha has been involved with animal rights and LGBT activism . She has received several awards and nominations , including her win for MTV Europe Music Award for Best New Act in 2010 .""
 'Mount Rushmore features 60 ft sculptures of the heads of four United States presidents : George Washington ( 1732 -- 1799 ) , Thomas Jefferson ( 1743 -- 1826 ) , Theodore Roosevelt ( 1858 -- 1919 ) , and Abraham Lincoln ( 1809 -- 1865 ) . The memorial park covers 1278.45 acre and is 5725 ft above sea level .']"	REFUTES	Is it true that the highest point of the Hindu Kush mountain range is Mount Everest?	REFUTES	MISSING	CONTRADICTION	ENTAILMENT	4.94106182699943	292.4443359375	-1	{'retriever': 'dense', 'topk': 10, 'reranker': False, 'prompt_edit': False, 'reindex': False}	NO_FAILURE	{'total_reward': 0.009823028833428338, 'failure_reward': 1.0, 'prediction_reward': 1.0, 'consistency_reward': 0.0, 'factuality_reward': 1.0, 'latency_budget_strict': 1.0, 'vram_budget_strict': 1.0, 'latency_rate': 0.988212365399886, 'vram_rate': 0.0}
0	Same Old Love is disassociated from Selena Gomez.	The provided context does not contain any information specifically addressing the claim that 'Same Old Love' is disassociated from Selena Gomez.	"[""`` Same Old Love '' is a song by American singer Selena Gomez from her second studio album , Revival ( 2015 ) . The track was written by Charli XCX , Ross Golan , and its producers Stargate and Benny Blanco . It was first composed by XCX and Stargate , later recorded by Gomez without the former in the studio at the time . `` Same Old Love '' is a midtempo electropop and synthpop song backed by a wonky piano loop , a finger-click beat and Italo disco synths .""
 ""Gomez uses an uncharacteristic forceful , emotive tone and raspy delivery , accompanied by XCX on background vocals . Lyrically , `` Same Old Love '' is a torch song . According to Gomez , the lyrics are a representation of various stages of different relationships and are about getting rid of everything toxic in her life , also inspired by her relationship with her father .   `` Same Old Love '' was released as the second single from Revival on September 10 , 2015 .""
 ""It was accompanied by a music video directed by Michael Haussman and filmed in the Broadway Theater District of Los Angeles . It premiered as an Apple Music exclusive on September 22 , 2015 and was well received by critics who complimented Gomez 's styling and the emotional storyline . The video was inspired by Gomez 's relationships with her loved ones and fans , and singer Tony Bennett . It featured Gomez witnessing several dramatic vignettes on the streets of Los Angeles , and performing at a theater .""
 ""Gomez promoted `` Same Old Love '' with several televised performances , including on The Ellen DeGeneres Show , The Tonight Show Starring Jimmy Fallon , and at the 2015 American Music Awards .""
 ""A number of remixes were commissioned for its release , including an official remix featuring rapper Fetty Wap . Music critics mostly complimented its catchy tune and understated , moody sound . The song peaked at number five on the US Billboard Hot 100 , marking Gomez 's fourth top 10 and second consecutive top 5 single from the album . `` Same Old Love '' also reached number one on the US Mainstream Top 40 chart and the top 10 in Canada , the Czech Republic and Slovakia .""
 'Jennifer Lynn Lopez ( born July 24 , 1969 ) , also known as JLo , is an American singer , actress , dancer , fashion designer , author , and producer . Lopez gained her first high-profile job as a Fly Girl dancer on In Living Color in 1991 , where she remained a regular until she decided to pursue an acting career in 1993 . She received her first leading role in the Selena biopic of the same name in 1997 , a portrayal that earned her a Golden Globe nomination .'
 ""( 2004 ) and Monster-in-Law ( 2005 ) . Her fifth studio album , Como Ama una Mujer ( 2007 ) , received the highest first-week sales for a debut Spanish album in the United States . Lopez gave birth to twins in 2008 , and after a relatively unsuccessful period , returned to prominence in 2011 with her appearance as a judge on American Idol and most commercially successful single to date , `` On the Floor '' , which is one of the best-selling singles of all time .""
 ""For her role in Out of Sight the following year , Lopez became the first Latina actress to earn over for a film . She ventured into the music industry in 1999 with her debut studio album On the 6 , preceded by the number-one single `` If You Had My Love '' .   With the simultaneous release of her second studio album J.Lo and her film The Wedding Planner in 2001 , Lopez became the first woman to have a number one album and film in the same week . Her 2002 remix album , J to tha L -- O !""
 'Her 2002 remix album , J to tha L -- O ! The Remixes , became the first in history to debut at number one on the U.S. Billboard 200 . Following her second divorce , Lopez had a high-profile relationship with Ben Affleck , which strongly influenced her third studio album , This Is Me ... Then ( 2002 ) , while also overshadowing the release of Gigli ( 2003 ) , a critical and commercial failure . She subsequently married longtime friend Marc Anthony , and rebounded with the box office successes Shall We Dance ?'
 'The film is about Cataleya ( Amandla Stenberg ) , a nine-year-old girl in Colombia whose family is killed by drug lord named Don Luis Sandoval ( Beto Benites ) . Fifteen years later , a 24-year-old Cataleya ( Zoe Saldana ) has become an accomplished assassin . Even though Don Luis is now in the witness protection program in the U.S.']"	REFUTES	"Is it true that ""Same Old Love"" is disassociated from Selena Gomez?"	NOTENOUGHINFO	CONSISTENT	CONTRADICTION	CONTRADICTION	5.495449820999966	327.29052734375	-1	{'retriever': 'dense', 'topk': 10, 'reranker': False, 'prompt_edit': False, 'reindex': False}	WRONG_RESPONSE_FAILURE	{'total_reward': -0.0, 'failure_reward': 0.0, 'prediction_reward': 0.0, 'consistency_reward': 1.0, 'factuality_reward': 0.0, 'latency_budget_strict': 0.0, 'vram_budget_strict': 1.0, 'latency_rate': 1.0990899641999932, 'vram_rate': 0.0}
0	Same Old Love is disassociated from Selena Gomez.	The context does not provide any specific information about the song 'Same Old Love' being associated with Selena Gomez or any other artist. The context focuses on Selena Gomez's work and does not mention this particular song.	"[""`` Same Old Love '' is a song by American singer Selena Gomez from her second studio album , Revival ( 2015 ) . The track was written by Charli XCX , Ross Golan , and its producers Stargate and Benny Blanco . It was first composed by XCX and Stargate , later recorded by Gomez without the former in the studio at the time . `` Same Old Love '' is a midtempo electropop and synthpop song backed by a wonky piano loop , a finger-click beat and Italo disco synths .""
 ""Gomez uses an uncharacteristic forceful , emotive tone and raspy delivery , accompanied by XCX on background vocals . Lyrically , `` Same Old Love '' is a torch song . According to Gomez , the lyrics are a representation of various stages of different relationships and are about getting rid of everything toxic in her life , also inspired by her relationship with her father .   `` Same Old Love '' was released as the second single from Revival on September 10 , 2015 .""
 ""It was accompanied by a music video directed by Michael Haussman and filmed in the Broadway Theater District of Los Angeles . It premiered as an Apple Music exclusive on September 22 , 2015 and was well received by critics who complimented Gomez 's styling and the emotional storyline . The video was inspired by Gomez 's relationships with her loved ones and fans , and singer Tony Bennett . It featured Gomez witnessing several dramatic vignettes on the streets of Los Angeles , and performing at a theater .""
 ""Gomez promoted `` Same Old Love '' with several televised performances , including on The Ellen DeGeneres Show , The Tonight Show Starring Jimmy Fallon , and at the 2015 American Music Awards .""
 ""A number of remixes were commissioned for its release , including an official remix featuring rapper Fetty Wap . Music critics mostly complimented its catchy tune and understated , moody sound . The song peaked at number five on the US Billboard Hot 100 , marking Gomez 's fourth top 10 and second consecutive top 5 single from the album . `` Same Old Love '' also reached number one on the US Mainstream Top 40 chart and the top 10 in Canada , the Czech Republic and Slovakia .""
 'Jennifer Lynn Lopez ( born July 24 , 1969 ) , also known as JLo , is an American singer , actress , dancer , fashion designer , author , and producer . Lopez gained her first high-profile job as a Fly Girl dancer on In Living Color in 1991 , where she remained a regular until she decided to pursue an acting career in 1993 . She received her first leading role in the Selena biopic of the same name in 1997 , a portrayal that earned her a Golden Globe nomination .'
 ""( 2004 ) and Monster-in-Law ( 2005 ) . Her fifth studio album , Como Ama una Mujer ( 2007 ) , received the highest first-week sales for a debut Spanish album in the United States . Lopez gave birth to twins in 2008 , and after a relatively unsuccessful period , returned to prominence in 2011 with her appearance as a judge on American Idol and most commercially successful single to date , `` On the Floor '' , which is one of the best-selling singles of all time .""
 ""For her role in Out of Sight the following year , Lopez became the first Latina actress to earn over for a film . She ventured into the music industry in 1999 with her debut studio album On the 6 , preceded by the number-one single `` If You Had My Love '' .   With the simultaneous release of her second studio album J.Lo and her film The Wedding Planner in 2001 , Lopez became the first woman to have a number one album and film in the same week . Her 2002 remix album , J to tha L -- O !""
 'Her 2002 remix album , J to tha L -- O ! The Remixes , became the first in history to debut at number one on the U.S. Billboard 200 . Following her second divorce , Lopez had a high-profile relationship with Ben Affleck , which strongly influenced her third studio album , This Is Me ... Then ( 2002 ) , while also overshadowing the release of Gigli ( 2003 ) , a critical and commercial failure . She subsequently married longtime friend Marc Anthony , and rebounded with the box office successes Shall We Dance ?'
 'The film is about Cataleya ( Amandla Stenberg ) , a nine-year-old girl in Colombia whose family is killed by drug lord named Don Luis Sandoval ( Beto Benites ) . Fifteen years later , a 24-year-old Cataleya ( Zoe Saldana ) has become an accomplished assassin . Even though Don Luis is now in the witness protection program in the U.S.']"	REFUTES	"Is it true that ""Same Old Love"" is disassociated from Selena Gomez?"	NOTENOUGHINFO	CONSISTENT	CONTRADICTION	ENTAILMENT	5.332501220999802	349.3369140625	2	{'prompt_edit': 'WR'}	NO_FAILURE	{'total_reward': -0.0, 'failure_reward': 1.0, 'prediction_reward': 0.0, 'consistency_reward': 1.0, 'factuality_reward': 1.0, 'latency_budget_strict': 0.0, 'vram_budget_strict': 1.0, 'latency_rate': 1.0665002441999605, 'vram_rate': 0.0}
0	The heart beats at a resting rate close to 22 beats per minute.	The heart beats at a resting rate close to 72 beats per minute.	"['From here it is pumped into the pulmonary circulation , through the lungs where it receives oxygen and gives off carbon dioxide . Oxygenated blood then returns to the left atrium , passes through the left ventricle and is pumped out through the aorta to the systemic circulation − where the oxygen is used and metabolized to carbon dioxide . The heart beats at a resting rate close to 72 beats per minute . Exercise temporarily increases the rate , but lowers resting heart rate in the long term , and is good for heart health .'
 'The wall of the heart is made up of three layers : epicardium , myocardium , and endocardium .   The heart pumps blood with a rhythm determined by a group of pacemaking cells in the sinoatrial node . These generate a current that causes contraction of the heart , traveling through the atrioventricular node and along the conduction system of the heart . The heart receives blood low in oxygen from the systemic circulation , which enters the right atrium from the superior and inferior venae cavae and passes to the right ventricle .'
 'The heart is a muscular organ in humans and other animals , which pumps blood through the blood vessels of the circulatory system . Blood provides the body with oxygen and nutrients , as well as assists in the removal of metabolic wastes . In humans , the heart is located between the lungs , in the middle compartment of the chest .   In humans , other mammals , and birds , the heart is divided into four chambers : upper left and right atria ; and lower left and right ventricles .'
 'Commonly the right atrium and ventricle are referred together as the right heart and their left counterparts as the left heart . Fish , in contrast , have two chambers , an atrium and a ventricle , while reptiles have three chambers . In a healthy heart blood flows one way through the heart due to heart valves , which prevent backflow . The heart is enclosed in a protective sac , the pericardium , which also contains a small amount of fluid .'
 'Diagnosis of heart disease is often done by the taking of a medical history , listening to the heart-sounds with a stethoscope , ECG , and ultrasound . Specialists who focus on diseases of the heart are called cardiologists , although many specialties of medicine may be involved in treatment .'
 'Cardiovascular diseases ( CVD ) are the most common cause of death globally as of 2008 , accounting for 30 % of deaths . Of these more than three quarters are a result of coronary artery disease and stroke . Risk factors include : smoking , being overweight , little exercise , high cholesterol , high blood pressure , and poorly controlled diabetes , among others . Cardiovascular diseases frequently have no symptoms or may cause chest pain or shortness of breath .'
 ""In the United States , it peaked at number two on the Billboard Hot 100 and topped the Hot R&B / Hip-Hop Songs and Dance Club Songs singles charts . It also peak within the top 40 of most singles charts worldwide . `` Rhythm Nation '' received several accolades , including BMI Pop Awards for `` Most Played Song '' , a Billboard Award for `` Top Dance/Club Play Single '' and Grammy Award nomination for Jackson as `` Producer of the Year . ''""
 'Non-invasive ventilation may result in both improved quality and length of life . The disease usually starts around the age of 60 and in inherited cases around the age of 50 . The average survival from onset to death is two to four years . About 10 % survive longer than 10 years . Most die from respiratory failure . In much of the world , rates of ALS are unknown . In Europe and the United States the disease affects about two people per 100,000 per year .'
 'Each Morse code symbol represents either a text character ( letter or numeral ) or a prosign and is represented by a unique sequence of dots and dashes . The duration of a dash is three times the duration of a dot . Each dot or dash is followed by a short silence , equal to the dot duration . The letters of a word are separated by a space equal to three dots ( one dash ) , and the words are separated by a space equal to seven dots . The dot duration is the basic unit of time measurement in code transmission .'
 ""The dot duration is the basic unit of time measurement in code transmission . To increase the speed of the communication , the code was designed so that the length of each character in Morse varies approximately inversely to its frequency of occurrence in English . Thus the most common letter in English , the letter `` E '' , has the shortest code , a single dot .   Morse code is used by some amateur radio operators , although knowledge of and proficiency with it is no longer required for licensing in most countries . Pilots and air traffic controllers usually need only a cursory understanding .""]"	REFUTES	Does the heart beat at a resting rate close to 22 beats per minute?	SUPPORTS	CONFLICT	CONTRADICTION	ENTAILMENT	4.827982738999708	305.62646484375	-1	{'retriever': 'dense', 'topk': 10, 'reranker': False, 'prompt_edit': False, 'reindex': False}	WRONG_PREDICATE_FAILURE	{'total_reward': 0.011467817400019453, 'failure_reward': 0.0, 'prediction_reward': 0.0, 'consistency_reward': 0.0, 'factuality_reward': 1.0, 'latency_budget_strict': 1.0, 'vram_budget_strict': 1.0, 'latency_rate': 0.9655965477999416, 'vram_rate': 0.0}
0	The heart beats at a resting rate close to 22 beats per minute.	The context does not provide any specific information about the resting rate of the human heart or compare it to 22 beats per minute. Instead, it discusses various aspects of the heart's function and structure, such as its location, composition, and role in the circulatory system. There is no direct evidence supporting or refuting the claim about the heart beating at a resting rate close to 22 beats per minute.	"['From here it is pumped into the pulmonary circulation , through the lungs where it receives oxygen and gives off carbon dioxide . Oxygenated blood then returns to the left atrium , passes through the left ventricle and is pumped out through the aorta to the systemic circulation − where the oxygen is used and metabolized to carbon dioxide . The heart beats at a resting rate close to 72 beats per minute . Exercise temporarily increases the rate , but lowers resting heart rate in the long term , and is good for heart health .'
 'The wall of the heart is made up of three layers : epicardium , myocardium , and endocardium .   The heart pumps blood with a rhythm determined by a group of pacemaking cells in the sinoatrial node . These generate a current that causes contraction of the heart , traveling through the atrioventricular node and along the conduction system of the heart . The heart receives blood low in oxygen from the systemic circulation , which enters the right atrium from the superior and inferior venae cavae and passes to the right ventricle .'
 'The heart is a muscular organ in humans and other animals , which pumps blood through the blood vessels of the circulatory system . Blood provides the body with oxygen and nutrients , as well as assists in the removal of metabolic wastes . In humans , the heart is located between the lungs , in the middle compartment of the chest .   In humans , other mammals , and birds , the heart is divided into four chambers : upper left and right atria ; and lower left and right ventricles .'
 'Commonly the right atrium and ventricle are referred together as the right heart and their left counterparts as the left heart . Fish , in contrast , have two chambers , an atrium and a ventricle , while reptiles have three chambers . In a healthy heart blood flows one way through the heart due to heart valves , which prevent backflow . The heart is enclosed in a protective sac , the pericardium , which also contains a small amount of fluid .'
 'Diagnosis of heart disease is often done by the taking of a medical history , listening to the heart-sounds with a stethoscope , ECG , and ultrasound . Specialists who focus on diseases of the heart are called cardiologists , although many specialties of medicine may be involved in treatment .'
 'Cardiovascular diseases ( CVD ) are the most common cause of death globally as of 2008 , accounting for 30 % of deaths . Of these more than three quarters are a result of coronary artery disease and stroke . Risk factors include : smoking , being overweight , little exercise , high cholesterol , high blood pressure , and poorly controlled diabetes , among others . Cardiovascular diseases frequently have no symptoms or may cause chest pain or shortness of breath .'
 ""In the United States , it peaked at number two on the Billboard Hot 100 and topped the Hot R&B / Hip-Hop Songs and Dance Club Songs singles charts . It also peak within the top 40 of most singles charts worldwide . `` Rhythm Nation '' received several accolades , including BMI Pop Awards for `` Most Played Song '' , a Billboard Award for `` Top Dance/Club Play Single '' and Grammy Award nomination for Jackson as `` Producer of the Year . ''""
 'Non-invasive ventilation may result in both improved quality and length of life . The disease usually starts around the age of 60 and in inherited cases around the age of 50 . The average survival from onset to death is two to four years . About 10 % survive longer than 10 years . Most die from respiratory failure . In much of the world , rates of ALS are unknown . In Europe and the United States the disease affects about two people per 100,000 per year .'
 'Each Morse code symbol represents either a text character ( letter or numeral ) or a prosign and is represented by a unique sequence of dots and dashes . The duration of a dash is three times the duration of a dot . Each dot or dash is followed by a short silence , equal to the dot duration . The letters of a word are separated by a space equal to three dots ( one dash ) , and the words are separated by a space equal to seven dots . The dot duration is the basic unit of time measurement in code transmission .'
 ""The dot duration is the basic unit of time measurement in code transmission . To increase the speed of the communication , the code was designed so that the length of each character in Morse varies approximately inversely to its frequency of occurrence in English . Thus the most common letter in English , the letter `` E '' , has the shortest code , a single dot .   Morse code is used by some amateur radio operators , although knowledge of and proficiency with it is no longer required for licensing in most countries . Pilots and air traffic controllers usually need only a cursory understanding .""]"	REFUTES	Does the heart beat at a resting rate close to 22 beats per minute?	NOTENOUGHINFO	CONSISTENT	CONTRADICTION	CONTRADICTION	8.661267741999836	326.91650390625	2	{'prompt_edit': 'WR'}	WRONG_RESPONSE_FAILURE	{'total_reward': -0.0, 'failure_reward': 0.0, 'prediction_reward': 0.0, 'consistency_reward': 1.0, 'factuality_reward': 0.0, 'latency_budget_strict': 0.0, 'vram_budget_strict': 1.0, 'latency_rate': 1.7322535483999673, 'vram_rate': 0.0}
0	Weekly Idol is hosted by Yoo Jae Suk.	The provided context does not contain any information about the host of Weekly Idol.	"[""Weekly Idol is a South Korean variety show , which airs Wednesdays , 6PM KST , on MBC Every1 , MBC 's cable and satellite network for comedy and variety shows . The show is hosted by comedian Jeong Hyeong-don and rapper Defconn . The set is often referred to as B3 ( basement level 3 ) .""
 ""Seo Ju-hyun ( born June 28 , 1991 ) , known professionally as Seohyun , is a South Korean singer and actress . She debuted as a member of girl group Girls ' Generation ( and later its subgroup TTS ) in August 2007 , who went on to be one of the best-selling artists in South Korea and one of South Korea 's most popular girl groups worldwide .""
 'She became the presenter of shows such as This Is My Moment , Top of the Pops , Party in the Park and The All Star Animal Awards . In September 2007 , she became a contestant on the fifth season of the American dance competition , Dancing with the Stars ; in which she placed runner-up overall partnered with Maksim Chmerkovskiy . Brown returned to television work becoming a judge for the Australian version of The X Factor from 2011 to 2012 , replacing Kyle Sandilands and having previously been a celebrity mentor on the show in 2010 .'
 ""In February that year , she officially signed on to become one of the four judges for the variety talent show America 's Got Talent , replacing Sharon Osbourne from the eighth season onwards . On 1 February 2014 , she was revealed to be a coach on The Voice Kids in Australia , which aired in mid-2014 .""
 'Cheese in the Trap is a South Korean television series starring Park Hae-jin , Kim Go-eun , Seo Kang-joon and Lee Sung-kyung . It aired on the cable network tvN on Mondays and Tuesdays for 16 episodes between 4 January -- 1 March 2016 .'
 'In June 2012 , she was a guest judge during the Manchester auditions for the ninth series of The X Factor UK , as one of the temporary replacements for Kelly Rowland ; before the role eventually went to Nicole Scherzinger . She later joined The X Factor UK for its eleventh series in 2014 .   During this time she became the female co-host for Dancing with the Stars Australia , in which she hosted the twelfth season alongside Daniel MacPherson . However , Brown resigned from the show and did not return for the thirteenth season in 2013 .'
 ""Bentley has also appeared on stage and in The Bill and London 's Burning . Although he rarely makes public appearances , his public profile has been raised since Big Brothers revival on Channel 5 .""
 ""As a wrestler , he won the European Championship once and the Hardcore Championship once , and has wrestled in the main event of multiple WWE pay per views .   In 2009 , McMahon announced his resignation from WWE which went into effect January 1 , 2010 . He later became CEO of entertainment service company YOU On Demand in late 2010 . On July 12 , 2013 , McMahon voluntarily stepped down as CEO of YOU On Demand and appointed Weicheng Liu as his successor , while remaining the company 's principal executive officer and Vice Chairman of the Board .""
 ""At the same time , she continued to write songs for other artists , including `` Till the World Ends '' for Britney Spears . Warrior , her second studio album , was released in 2012 , spawning her eighth top-ten single `` Die Young '' . `` Tik Tok '' , at one point , was the best-selling digital single in history , selling over 14 million units internationally .   Kesha has been involved with animal rights and LGBT activism . She has received several awards and nominations , including her win for MTV Europe Music Award for Best New Act in 2010 .""
 ""He appeared as a judge on the first two seasons of the U.S. version of the television show The X Factor , but in December 2012 announced he would not be back for the show 's third season , saying he wanted to focus on his leadership at Epic Records .""]"	REFUTES	Is it true that Weekly Idol is hosted by Yoo Jae Suk?	NOTENOUGHINFO	MISSING	CONTRADICTION	CONTRADICTION	4.055667018000349	278.66650390625	-1	{'retriever': 'dense', 'topk': 10, 'reranker': False, 'prompt_edit': False, 'reindex': False}	WRONG_RESPONSE_FAILURE	{'total_reward': 0.0, 'failure_reward': 0.0, 'prediction_reward': 0.0, 'consistency_reward': 0.0, 'factuality_reward': 0.0, 'latency_budget_strict': 1.0, 'vram_budget_strict': 1.0, 'latency_rate': 0.8111334036000699, 'vram_rate': 0.0}
0	Weekly Idol is hosted by Yoo Jae Suk.	The provided context does not contain any information about Weekly Idol being hosted by Yoo Jae Suk. There is no mention of Yoo Jae Suk hosting any show, let alone Weekly Idol.	"[""Weekly Idol is a South Korean variety show , which airs Wednesdays , 6PM KST , on MBC Every1 , MBC 's cable and satellite network for comedy and variety shows . The show is hosted by comedian Jeong Hyeong-don and rapper Defconn . The set is often referred to as B3 ( basement level 3 ) .""
 ""Seo Ju-hyun ( born June 28 , 1991 ) , known professionally as Seohyun , is a South Korean singer and actress . She debuted as a member of girl group Girls ' Generation ( and later its subgroup TTS ) in August 2007 , who went on to be one of the best-selling artists in South Korea and one of South Korea 's most popular girl groups worldwide .""
 'She became the presenter of shows such as This Is My Moment , Top of the Pops , Party in the Park and The All Star Animal Awards . In September 2007 , she became a contestant on the fifth season of the American dance competition , Dancing with the Stars ; in which she placed runner-up overall partnered with Maksim Chmerkovskiy . Brown returned to television work becoming a judge for the Australian version of The X Factor from 2011 to 2012 , replacing Kyle Sandilands and having previously been a celebrity mentor on the show in 2010 .'
 ""In February that year , she officially signed on to become one of the four judges for the variety talent show America 's Got Talent , replacing Sharon Osbourne from the eighth season onwards . On 1 February 2014 , she was revealed to be a coach on The Voice Kids in Australia , which aired in mid-2014 .""
 'Cheese in the Trap is a South Korean television series starring Park Hae-jin , Kim Go-eun , Seo Kang-joon and Lee Sung-kyung . It aired on the cable network tvN on Mondays and Tuesdays for 16 episodes between 4 January -- 1 March 2016 .'
 'In June 2012 , she was a guest judge during the Manchester auditions for the ninth series of The X Factor UK , as one of the temporary replacements for Kelly Rowland ; before the role eventually went to Nicole Scherzinger . She later joined The X Factor UK for its eleventh series in 2014 .   During this time she became the female co-host for Dancing with the Stars Australia , in which she hosted the twelfth season alongside Daniel MacPherson . However , Brown resigned from the show and did not return for the thirteenth season in 2013 .'
 ""Bentley has also appeared on stage and in The Bill and London 's Burning . Although he rarely makes public appearances , his public profile has been raised since Big Brothers revival on Channel 5 .""
 ""As a wrestler , he won the European Championship once and the Hardcore Championship once , and has wrestled in the main event of multiple WWE pay per views .   In 2009 , McMahon announced his resignation from WWE which went into effect January 1 , 2010 . He later became CEO of entertainment service company YOU On Demand in late 2010 . On July 12 , 2013 , McMahon voluntarily stepped down as CEO of YOU On Demand and appointed Weicheng Liu as his successor , while remaining the company 's principal executive officer and Vice Chairman of the Board .""
 ""At the same time , she continued to write songs for other artists , including `` Till the World Ends '' for Britney Spears . Warrior , her second studio album , was released in 2012 , spawning her eighth top-ten single `` Die Young '' . `` Tik Tok '' , at one point , was the best-selling digital single in history , selling over 14 million units internationally .   Kesha has been involved with animal rights and LGBT activism . She has received several awards and nominations , including her win for MTV Europe Music Award for Best New Act in 2010 .""
 ""He appeared as a judge on the first two seasons of the U.S. version of the television show The X Factor , but in December 2012 announced he would not be back for the show 's third season , saying he wanted to focus on his leadership at Epic Records .""]"	REFUTES	Is it true that Weekly Idol is hosted by Yoo Jae Suk?	NOTENOUGHINFO	MISSING	CONTRADICTION	ENTAILMENT	5.839273812000101	299.14111328125	2	{'prompt_edit': 'WR'}	NO_FAILURE	{'total_reward': -0.0, 'failure_reward': 1.0, 'prediction_reward': 0.0, 'consistency_reward': 0.0, 'factuality_reward': 1.0, 'latency_budget_strict': 0.0, 'vram_budget_strict': 1.0, 'latency_rate': 1.1678547624000202, 'vram_rate': 0.0}
0	Heavy Metal music was developed in the early 1970's.	Heavy metal music developed in the late 1960s and early 1970s.	"['Heavy metal ( or simply metal ) is a genre of rock music that developed in the late 1960s and early 1970s , largely in the United Kingdom and the United States . With roots in blues rock and psychedelic/acid rock , the bands that created heavy metal developed a thick , massive sound , characterized by highly amplified distortion , extended guitar solos , emphatic beats , and overall loudness . Heavy metal lyrics and performance styles are sometimes associated with aggression and machismo .'
 ""Beginning in the late 1970s , bands in the new wave of British heavy metal such as Iron Maiden and Saxon followed in a similar vein . Before the end of the decade , heavy metal fans became known as `` metalheads '' or `` headbangers '' .   During the 1980s , glam metal became popular with groups such as Mötley Crüe and Poison .""
 ""Heavy metal lyrics and performance styles are sometimes associated with aggression and machismo .   In 1968 , the first heavy metal bands such as Led Zeppelin , Black Sabbath and Deep Purple attracted large audiences , though they were often derided by critics . During the mid-1970s , Judas Priest helped spur the genre 's evolution by discarding much of its blues influence ; Motörhead introduced a punk rock sensibility and an increasing emphasis on speed .""
 'Underground scenes produced an array of more aggressive styles : thrash metal broke into the mainstream with bands such as Metallica , Megadeth , Slayer , and Anthrax , while other extreme subgenres of metal such as death metal and black metal remain subcultural phenomena . Since the mid-1990s popular styles have further expanded the definition of the genre .'
 'These include groove metal ( with bands such as Pantera , Sepultura , and Lamb of God ) and nu metal ( with bands such as Korn , Slipknot , and Linkin Park ) , the latter of which often incorporates elements of grunge and hip hop .'
 ""Cooper is known for his social and witty persona offstage , with The Rolling Stone Album Guide calling him the world 's most `` beloved heavy metal entertainer '' . He is credited with helping to shape the sound and look of heavy metal , and has been described as the artist who `` first introduced horror imagery to rock 'n' roll , and whose stagecraft and showmanship have permanently transformed the genre '' .""
 'The band emerged with a heavy metal sound on their first studio album , Undertow ( 1993 ) , and later became a dominant act in the alternative metal movement , with the release of their second album , Ænima in 1996 . Their efforts to unify musical experimentation , visual arts , and a message of personal evolution continued , with Lateralus ( 2001 ) and the most recent album , 10,000 Days ( 2006 ) , gaining the band critical acclaim , and commercial success around the world .'
 'Similar experiments with recordings at the mixing desk outside of the dancehall environment were also done by producers Clive Chin and Herman Chin Loy . These producers , especially Ruddock and Perry , looked upon the mixing console as an instrument , manipulating tracks to come up with something new and different .  Dub has influenced many genres of music , including rock ( most significantly the subgenre of post-punk and other kinds of punk ) , pop , hip hop , disco , and later house , techno , ambient , electronic dance music , and trip hop .'
 ""Recording of the album started initially on April 23 , 2001 , but was postponed indefinitely when rhythm guitarist and singer James Hetfield entered rehab for `` alcoholism and other addictions '' . St. Anger is often recognized for being a radical musical departure from Metallica 's earlier work ; it features a modern heavy metal style , raw production , and no guitar solos . The artwork was created by Pushead , who had previously collaborated with the band .   Metallica spent the next couple of years touring to promote the album . St.""
 ""33 on VH1 's 100 Greatest Artists of Hard Rock . The band had a large influence on the nu metal genre which came to prominence during the second half of the 1990s .   In 2000 , the band released the cover album Renegades . The same year , growing tensions over the direction of the band prompted de la Rocha to quit , leading to the band 's breakup .""]"	SUPPORTS	Was heavy metal music developed in the early 1970s?	SUPPORTS	MISSING	ENTAILMENT	ENTAILMENT	5.052016392000041	292.138671875	-1	{'retriever': 'dense', 'topk': 10, 'reranker': False, 'prompt_edit': False, 'reindex': False}	NO_FAILURE	{'total_reward': -0.0, 'failure_reward': 1.0, 'prediction_reward': 1.0, 'consistency_reward': 0.0, 'factuality_reward': 1.0, 'latency_budget_strict': 0.0, 'vram_budget_strict': 1.0, 'latency_rate': 1.0104032784000083, 'vram_rate': 0.0}
0	Bermuda Triangle is also known by another name.	The context states that the Bermuda Triangle is also known as the Devil's Triangle.	"[""The Bermuda Triangle , also known as the Devil 's Triangle , is a loosely-defined region in the western part of the North Atlantic Ocean , where a number of aircraft and ships are said to have disappeared under mysterious circumstances . Most reputable sources dismiss the idea that there is any mystery . The vicinity of the Bermuda Triangle is one of the most heavily traveled shipping lanes in the world , with ships frequently crossing through it for ports in the Americas , Europe , and the Caribbean islands . Cruise ships and pleasure craft regularly sail through the region , and commercial and private aircraft routinely fly over it .""
 'Popular culture has attributed various disappearances to the paranormal or activity by extraterrestrial beings . Documented evidence indicates that a significant percentage of the incidents were spurious , inaccurately reported , or embellished by later authors .'
 ""It is well-documented that the term was coined in 1846 by the Englishman William Thoms . He fabricated it to replace the contemporary terminology of `` popular antiquities '' or `` popular literature '' . The second half of the compound word , lore , proves easier to define as its meaning has stayed relatively stable over the last two centuries . Coming from Old English lār ` instruction , ' and with German and Dutch cognates , it is the knowledge and traditions of a particular group , frequently passed along by word of mouth .   The concept of folk proves somewhat more elusive .""
 'Its general position is reminiscent of Europe , with the environs of the Shire intended to be reminiscent of England ( more specifically , the West Midlands , with Hobbiton set at the same latitude as Oxford ) .'
 'The series is based on the webtoon of the same name , serialized on Naver from 2010 -- 2016 , although it featured an original ending since the webtoon had not been completed at the time of filming .   As of August 2016 , the series is in the process of being adapted into a film version , starring Park Hae-jin opposite a new lead actress .'
 ""Middle-earth is the fictional setting of much of British writer J. R. R. Tolkien 's legendarium .  The term is equivalent to the term Midgard of Norse mythology , describing the human-inhabited world , i.e. the central continent of the Earth in Tolkien 's imagined mythological past .  Tolkien 's most widely read works , The Hobbit and The Lord of the Rings , take place entirely in Middle-earth , and Middle-earth has also become a short-hand to refer to the legendarium or its fictional universe .""
 'Mogadishu ( [ ˌmɔːɡəˈdiːʃuː ] Muqdisho [ mʉqdɪʃɔ ] ; مقديشو [ maqadiːʃuː ] ) , known locally as Hamar , is the capital and most populous city of Somalia . Located in the coastal Banaadir region on the Indian Ocean , the city has served as an important port for millennia .'
 'It is the economic and educational hub of Central New York , a region with over a million inhabitants . Syracuse is also well-provided with convention sites , with a downtown convention complex . Syracuse was named after the original Greek city Syracuse ( Siracusa in Italian ) , a city on the eastern coast of the Italian island of Sicily .   The city has functioned as a major crossroads over the last two centuries , first between the Erie Canal and its branch canals , then of the railway network .'
 ""Within his stories , Tolkien translated the name `` Middle-earth '' as Endor ( or sometimes Endórë ) and Ennor in the Elvish languages Quenya and Sindarin respectively , sometimes referring only to the continent that the stories take place on , with another southern continent called the Dark Land .   Middle-earth is the north continent of Earth ( Arda ) in an imaginary period of the Earth 's past  ( Tolkien placed the end of the Third Age at about 6,000 years before his own time ) , in the sense of a `` secondary or sub-creational reality '' .""
 'Stephen McDannell Hillenburg ( born August21 , 1961 ) is an American cartoonist , animator , director , producer , and writer . A former marine-biology teacher , he created SpongeBob SquarePants ( 1999 ) , which has gone on to become one of the longest-running American television series as well as the highest-rated show ever to air on Nickelodeon .   Born in Lawton , Oklahoma and raised in Anaheim , California , Hillenburg became fascinated with the ocean as a child and also developed an interest in art .']"	SUPPORTS	Is it true that the Bermuda Triangle is also known by another name?	SUPPORTS	MISSING	ENTAILMENT	ENTAILMENT	3.8357801629999813	297.0966796875	-1	{'retriever': 'dense', 'topk': 10, 'reranker': False, 'prompt_edit': False, 'reindex': False}	NO_FAILURE	{'total_reward': 0.19403663950000316, 'failure_reward': 1.0, 'prediction_reward': 1.0, 'consistency_reward': 0.0, 'factuality_reward': 1.0, 'latency_budget_strict': 1.0, 'vram_budget_strict': 1.0, 'latency_rate': 0.7671560325999962, 'vram_rate': 0.0}
0	Ashton Kutcher was directed by George Clooney.	The provided context does not contain any information about George Clooney directing Ashton Kutcher.	"["", which was a box office hit . In 2003 , Kutcher appeared in romantic comedies Just Married and My Boss 's Daughter and , the same year , he created , produced , and hosted Punk 'd which aired on MTV for five seasons until its revival in 2012 . In 2004 , Kutcher starred in the lead role of the psychological film The Butterfly Effect and gained public recognition .""
 ""Christopher Ashton Kutcher ( [ ˈkʊtʃər ] born February 7 , 1978 ) is an American actor and investor . Kutcher began his career as a model and began his acting career portraying Michael Kelso in the Fox sitcom That '70s Show , which aired for eight seasons . He made his film debut in the romantic comedy Coming Soon and became known by audiences in the comedy film Dude , Where 's My Car ? , which was a box office hit .""
 'Kutcher subsequently appeared in more romantic comedies , including Guess Who ( 2005 ) , A Lot Like Love ( 2005 ) , What Happens in Vegas ( 2008 ) , and No Strings Attached ( 2011 ) . From 2011 to 2015 , he starred as Walden Schmidt on the CBS sitcom Two and a Half Men . In 2013 , Kutcher portrayed Steve Jobs in the biographical film Jobs .'
 'The film features a large supporting cast including Yaphet Kotto , Jane Alexander , Murray Hamilton , David Keith , Tim McIntire , Matt Clark , M. Emmet Walsh , Everett McGill , and an early appearance by Morgan Freeman . It was nominated for Best Original Screenplay at the 1981 Academy Awards .'
 'She has produced some of the films in which she starred , including Two Weeks Notice , Miss Congeniality 2 : Armed and Fabulous , and All About Steve . She was an executive producer of the ABC sitcom , George Lopez , and made several appearances during its run .'
 ""and Terry Southern ; it was Lardner 's first major studio work since his 1947 blacklisting as one of The Hollywood Ten . The film was directed by Norman Jewison and stars Steve McQueen in the title role and Edward G. Robinson as Howard . Jewison , who replaced original director Sam Peckinpah shortly after filming began , describes The Cincinnati Kid as his `` ugly duckling '' film . He considers it the film that allowed him to transition from the lighter comedic films he had previously been making and take on more serious films and subjects .""
 'Dilwale Dulhania Le Jayenge ( The Big-Hearted Will Take Away the Bride ) , also known by the initialism DDLJ , is an Indian romance film written and directed by Aditya Chopra ( In his directorial debut ) and produced by his father Yash Chopra . Released on 20 October 1995 , the film stars Shah Rukh Khan and Kajol .'
 'Kelly Preston ( born October 13 , 1962 ) is an American actress and former model . She has appeared in more than sixty television and film productions , most notably including Mischief , Twins and Jerry Maguire . She is married to John Travolta , with whom she collaborated on the fantasy film Battlefield Earth . She also starred in the films The Cat in the Hat , Old Dogs , and Broken Bridges .'
 'Humphrey DeForest Bogart ( [ ˈboʊgɑrt ] December 25 , 1899January 14 , 1957 ) was an American screen and stage actor whose performances in 1940s films noir such as The Maltese Falcon , Casablanca , and The Big Sleep earned him status as a cultural icon .   Bogart began acting in 1921 after a hitch in the U.S. Navy in World War I and little success in various jobs in finance and the production side of the theater .'
 'The next year , his performance in Casablanca ( 1943 ; Oscar nomination ) raised him to the peak of his profession and , at the same time , cemented his trademark film persona , that of the hard-boiled cynic who ultimately shows his noble side . Other successes followed , including To Have and Have Not ( 1944 ) , The Big Sleep ( 1946 ) , Dark Passage ( 1947 ) , and Key Largo ( 1948 ) , all four with his wife Lauren Bacall ;']"	NOTENOUGHINFO	Was George Clooney directing Ashton Kutcher?	NOTENOUGHINFO	MISSING	CONTRADICTION	ENTAILMENT	4.438451003999944	298.4580078125	-1	{'retriever': 'dense', 'topk': 10, 'reranker': False, 'prompt_edit': False, 'reindex': False}	NO_FAILURE	{'total_reward': 0.09359149933334264, 'failure_reward': 1.0, 'prediction_reward': 1.0, 'consistency_reward': 0.0, 'factuality_reward': 1.0, 'latency_budget_strict': 1.0, 'vram_budget_strict': 1.0, 'latency_rate': 0.8876902007999888, 'vram_rate': 0.0}
0	Topman has clothing outlets in six Irish cities and towns.	Topman stores almost always share their premises with Topshop.	"[""Topman is the stand-alone fashion business counterpart of Topshop that caters exclusively to men 's clothing . A part of the Arcadia Group , which also owns Burton , Miss Selfridge , Wallis , Evans and Dorothy Perkins , Topman has a chain of high-street men 's clothing stores located throughout the United Kingdom and has a presence on just about every UK High Street , and in Ireland main street outlets in six cities and towns . Topman stores almost always share their premises with Topshop .""
 ""Topman stores almost always share their premises with Topshop . Topman was created in the UK towards the end of the 1970s to provide a new approach to menswear retailing . Since its creation , Topman has also built an international presence , as it continues to expand throughout the USA , Europe , and Asia . The chain occupies two entire floors at the ` world 's largest fashion shop ' , in Oxford Circus , London .""
 ""The Haute Couture of Renato Balestra has also been involved in a Charity Gala at the Los Angeles Millennium Biltmore Hotel , in favor of `` City of Hope '' a leading research , treatment and education center for cancer , diabetes and other life-threatening diseases located in Duarte , California .""
 ""The evening event is for a noble cause , to raise funds for disabled children in Haiti affected by the earthquake .   America Award of the Italy-USA Foundation in 2010 .   In April 2011 , Renato Balestra opened the exhibition `` FASHION IS CULTURE '' at the Italian Cultural Institute of Los Angeles .""
 ""Always on the side of the most important humanitarian initiatives , Renato Balestra has presented to Hollywood about 150 dresses from the `` Vintage '' collection to the recent Spring-Summer show , and some `` scenes '' were created specifically for the Unification of Italy 150 ° and a homage to the United States .   Some of the creations of Renato Balestra are today sold in America at the Neiman Marcus Store in Beverly Hills , Los Angeles .""
 ""Nuuk ( [ nuːk ] ; Godthåb ) is the capital and largest city of Greenland and the municipality of Sermersooq . It is the seat of government and the country 's largest cultural and economic centre . The major cities closest to the capital are Iqaluit and St. John 's in Canada and Reykjavík in Iceland . Nuuk contains almost a third of Greenland 's population , and also has the tallest building in Greenland . Nuuk is the seat of government for the Sermersooq municipality .""
 ""A former high school drop-out , he attended Seattle University 's Albers School of Business and Economics in the early 2000s , and subsequently founded the wealth management firm Meridian Rock . He was a high school honor student , but dropped out early to pursue a career in music .""
 ""Today , Renato Balestra designs and markets approximately thirty different ranges that include haute couture and ready-to-wear collections , a complete line of men 's wear and a wide range of accessories .  His private clients include prestigious names from all over the world . Renato Balestra has designed clothes for the Empress Farah Diba , the Queen of Thailand , the first ladies of the Philippines and Egypt , Saudi Arabian Princesses and for leading celebrities of the international jet-set , not forgetting , of course , famous actresses .""
 'Brazzers ( [ ˈbræzərz ] ) is a pornographic production company based in Montreal , Canada . The online network consists of thirty-one hardcore pornography websites . As of October 2015 , Brazzers.com has a traffic ranking of 1,650 .'
 ""Shane Lee Lindstrom ( born February 11 , 1994 ) , professionally known as Murda Beatz , is a Canadian hip hop record producer from Fort Erie , Ontario . He is noted for producing songs such as `` No Shopping '' by rapper French Montana , `` Back on Road '' by rapper Gucci Mane , Lindstrom has also produced several tracks for various artists such as Drake , Migos , Travis Scott and PartyNextDoor , among others .""]"	SUPPORTS	Does Topman have clothing outlets in six Irish cities and towns?	SUPPORTS	CONSISTENT	ENTAILMENT	ENTAILMENT	4.137016984999718	262.32763671875	-1	{'retriever': 'dense', 'topk': 10, 'reranker': False, 'prompt_edit': False, 'reindex': False}	NO_FAILURE	{'total_reward': 0.1725966030000563, 'failure_reward': 1.0, 'prediction_reward': 1.0, 'consistency_reward': 1.0, 'factuality_reward': 1.0, 'latency_budget_strict': 1.0, 'vram_budget_strict': 1.0, 'latency_rate': 0.8274033969999437, 'vram_rate': 0.0}
0	Wales' population changed.	The context states that Wales's population increased significantly during the Industrial Revolution when the mining and metallurgical industries developed.	"[""At the dawn of the Industrial Revolution , development of the mining and metallurgical industries transformed the country from an agricultural society into an industrial nation ; the South Wales Coalfield 's exploitation caused a rapid expansion of Wales ' population . Two-thirds of the population live in south Wales , mainly in and around Cardiff ( the capital ) , Swansea and Newport , and in the nearby valleys . Now that the country 's traditional extractive and heavy industries have gone or are in decline , Wales ' economy depends on the public sector , light and service industries and tourism .""
 'Wales ( [ ˈweɪlz ] Cymru [ ˈkəm.rɨ ] ) is a country that is part of the United Kingdom and the island of Great Britain . It is bordered by England to the east , the Irish Sea to the north and west , and the Bristol Channel to the south . It had a population in 2011 of 3,063,456 and has a total area of 20779 km2 .'
 'Wales has over 1680 mi of coastline and is largely mountainous , with its higher peaks in the north and central areas , including Snowdon ( Yr Wyddfa ) , its highest summit . The country lies within the north temperate zone and has a changeable , maritime climate .   Welsh national identity emerged among the Celtic Britons after the Roman withdrawal from Britain in the 5th century , and Wales is regarded as one of the modern Celtic nations .'
 ""Over 560,000 Welsh language speakers live in Wales , and the language is spoken by a majority of the population in parts of the north and west . From the late 19th century onwards , Wales acquired its popular image as the `` land of song '' , in part due to the eisteddfod tradition . At many international sporting events , such as the FIFA World Cup , Rugby World Cup and the Commonwealth Games , Wales has its own national teams , though at the Olympic Games , Welsh athletes compete as part of a Great Britain team .""
 ""Wales ' 2010 gross value added ( GVA ) was # 45.5 billion ( # 15,145 per head , 74.0 % of the average for the UK , and the lowest GVA per head in Britain ) .   Although Wales closely shares its political and social history with the rest of Great Britain , and the vast majority of the population speaks English , the country has retained a distinct cultural identity and is officially bilingual .""
 'Distinctive Welsh politics developed in the 19th century . Welsh Liberalism , exemplified in the early 20th century by Lloyd George , was displaced by the growth of socialism and the Labour Party . Welsh national feeling grew over the century ; Plaid Cymru was formed in 1925 and the Welsh Language Society in 1962 . Established under the Government of Wales Act 1998 , the National Assembly for Wales holds responsibility for a range of devolved policy matters .'
 ""Llywelyn ap Gruffudd 's death in 1282 marked the completion of Edward I of England 's conquest of Wales , though Owain Glyndŵr briefly restored independence to Wales in the early 15th century . The whole of Wales was annexed by England and incorporated within the English legal system under the Laws in Wales Acts 1535 -- 1542 . Distinctive Welsh politics developed in the 19th century .""
 'Rugby union is seen as a symbol of Welsh identity and an expression of national consciousness .'
 ""German , British , and Irish immigrants , as well as African Americans from the south made up the majority of the city in the mid nineteenth century . Around the turn of the twentieth century Italian and Eastern European immigrants had become the majority of the population .   The city was consistently prosperous throughout the Great Depression and World War II . After World War II Camden manufacturers began closing their factories and moving out of the city . Camden 's cultural history has been greatly affected by both its economic and social position over the years .""
 'England is one of the countries of the United Kingdom .   Historically , the English population is descended from several peoples -- the earlier Britons ( or Brythons ) and the Germanic tribes that settled in Britain following the withdrawal of the Romans , including Angles , Saxons , Jutes and Frisians . Collectively known as the Anglo-Saxons , they founded what was to become England ( from the Old English Englaland ) along with the later Danes , Normans and other groups .']"	SUPPORTS	Has the population of Wales changed?	SUPPORTS	MISSING	ENTAILMENT	ENTAILMENT	3.7459014349997233	286.34423828125	-1	{'retriever': 'dense', 'topk': 10, 'reranker': False, 'prompt_edit': False, 'reindex': False}	NO_FAILURE	{'total_reward': 0.20901642750004612, 'failure_reward': 1.0, 'prediction_reward': 1.0, 'consistency_reward': 0.0, 'factuality_reward': 1.0, 'latency_budget_strict': 1.0, 'vram_budget_strict': 1.0, 'latency_rate': 0.7491802869999447, 'vram_rate': 0.0}
0	Tool has won three Oscars.	The Others received three Academy Awards.	"[""This was the first English-language film ever to receive the Best Film Award at the Goyas ( Spain 's national film awards ) , without a single word of Spanish spoken in it . The Others was nominated for six Saturn Awards including Best Director and Best Writing for Amenábar and Best Performance by a Younger Actor for Alakina Mann , and won three : Best Horror Film , Best Actress for Kidman and Best Supporting Actress for Fionnula Flanagan .""
 'This page lists the winners and nominees for the NAACP Image Award for Outstanding Supporting Actor in a Drama Series . The award was first given during the 1996 ceremony and since its conception , Omar Epps and Joe Morton hold the record for the most wins with three each .'
 'The film was nominated for five Golden Globe Awards , winning Best Motion Picture -- Drama , Best Director , and Best Supporting Actress for Arquette . It also was nominated for five BAFTA awards , winning for Best Director and Best Film . Additionally , it was nominated for six Academy Awards including Best Picture , Best Director , Best Supporting Actor for Hawke and Best Supporting Actress for Arquette , which she won .'
 'The film won the Academy Award for Best Picture , along with Best Supporting Actor for Mahershala Ali and Best Adapted Screenplay for Jenkins and McCraney , from a total of eight nominations .   Moonlight became the first film with an all-black cast , the first LGBT film , and the second lowest-grossing film domestically ( behind The Hurt Locker ) to win the Best Picture award .'
 ""At the 57th Grammy Awards , the album was nominated for Album of the Year and won Best Urban Contemporary Album . `` Happy '' also won Best Pop Solo Performance and Best Music Video .""
 'It premiered in competition at the 68th Venice International Film Festival . It was a critical and commercial success , and was the highest-grossing film at the British box office for three consecutive weeks . It won the BAFTA Award for Best British Film . The film also received three Academy Awards nominations : Best Adapted Screenplay , Best Original Score , and for Oldman , Best Actor .'
 'It received nominations for the Las Vegas Film Critics Society for Best Family Film and the Visual Effects Society for Outstanding Visual Effects in a Special Venue Project .'
 'The film garnered mixed reviews from critics on its initial release ; supporting actors Robinson and Joan Blondell earned award nominations for their performances .'
 'Kidman was also nominated for a Golden Globe Award for Best Actress in Drama and a BAFTA Award for Best Actress in a Leading Role , with Amenábar being nominated for a BAFTA Award for Best Original Screenplay , a rare occurrence for a horror film .'
 ""The album gained the band seven Grammy Award nominations in 2007 including an award for Best Rock Album and one for Best Boxed or Special Limited Edition Package . Winning 5 out of 7 Grammy Awards , it was the most nominations that the band had garnered in their 24-year career . Kiedis attributed the album 's success to less abrasive dynamics within the band , saying that the band 's `` chemistry , when it comes to writing , is better than ever . There was always a struggle to dominate lyrically .""]"	REFUTES	Has the tool received three Academy Awards?	SUPPORTS	MISSING	CONTRADICTION	CONTRADICTION	3.553002481000476	221.927734375	-1	{'retriever': 'dense', 'topk': 10, 'reranker': False, 'prompt_edit': False, 'reindex': False}	WRONG_RESPONSE_FAILURE	{'total_reward': 0.0, 'failure_reward': 0.0, 'prediction_reward': 0.0, 'consistency_reward': 0.0, 'factuality_reward': 0.0, 'latency_budget_strict': 1.0, 'vram_budget_strict': 1.0, 'latency_rate': 0.7106004962000952, 'vram_rate': 0.0}
0	Tool has won three Oscars.	The film Tinker Tailor Soldier Sailor won three Academy Awards.	"['It premiered in competition at the 68th Venice International Film Festival . It was a critical and commercial success , and was the highest-grossing film at the British box office for three consecutive weeks . It won the BAFTA Award for Best British Film . The film also received three Academy Awards nominations : Best Adapted Screenplay , Best Original Score , and for Oldman , Best Actor .'
 ""This was the first English-language film ever to receive the Best Film Award at the Goyas ( Spain 's national film awards ) , without a single word of Spanish spoken in it . The Others was nominated for six Saturn Awards including Best Director and Best Writing for Amenábar and Best Performance by a Younger Actor for Alakina Mann , and won three : Best Horror Film , Best Actress for Kidman and Best Supporting Actress for Fionnula Flanagan .""
 'This page lists the winners and nominees for the NAACP Image Award for Outstanding Supporting Actor in a Drama Series . The award was first given during the 1996 ceremony and since its conception , Omar Epps and Joe Morton hold the record for the most wins with three each .']"	REFUTES	Has the tool received three Academy Awards?	SUPPORTS	MISSING	CONTRADICTION	CONTRADICTION	3.254818419000003	88.9560546875	0	{'reranker': True}	WRONG_RESPONSE_FAILURE	{'total_reward': 0.0, 'failure_reward': 0.0, 'prediction_reward': 0.0, 'consistency_reward': 0.0, 'factuality_reward': 0.0, 'latency_budget_strict': 1.0, 'vram_budget_strict': 1.0, 'latency_rate': 0.6509636838000006, 'vram_rate': 0.0}
