question	answer	contexts	ground_truth	rag_question	rag_label	kg_consistency	claim_entailment	response_entailment	latency	vram_usage	action	params	failure_label	num_retries	bandit_reward
Colin Kaepernick became a starting quarterback during the 49ers 63rd season in the National Football League.	Colin Kaepernick did not become a starting quarterback for the San Francisco 49ers during their 63rd season.	"['Colin Rand Kaepernick ( [ ` kæpərnɪk ] ; born November 3 , 1987 ) is an American football quarterback who is currently a free agent . Kaepernick played collegiate football at the University of Nevada where he was named the Western Athletic Offensive Player of the Year twice and was the Most Valuable Player of the 2008 Humanitarian Bowl . Kaepernick was selected by the San Francisco 49ers in the second round of the 2011 NFL Draft .'
 ""Kaepernick began his professional career as a backup to Alex Smith , but became the 49ers ' starter in the middle of the 2012 season after Smith suffered a concussion . He remained the team 's starting quarterback for the rest of the season and went on to lead the 49ers to their first Super Bowl appearance since 1994 , losing to the Baltimore Ravens . During the 2013 season , his first full season as a starter , Kaepernick helped the 49ers reach the NFC Championship , losing to the Seattle Seahawks .""
 'In the following seasons , Kaepernick lost and won back his starting job , with the 49ers missing the playoffs for three years consecutively .   In 2016 , Kaepernick gained national attention when he began protesting by not standing while the United States national anthem was being performed before the start of games , motivated by what he viewed as the oppression of non-white races in the U.S. His actions prompted a wide variety of responses , including additional athletes in the NFL and other U.S. sports leagues protesting the anthem in various ways .'
 'Michael Dwayne Vick ( born June 26 , 1980 ) is a former American football quarterback who played 13 seasons in the National Football League , primarily with the Atlanta Falcons and the Philadelphia Eagles . He played college football at Virginia Tech and was selected by the Falcons as the first overall pick in the 2001 NFL Draft . During his six years with the Falcons , Vick was regarded as having transformed the quarterback position with his rushing abilities and was named to three Pro Bowls .'
 'In August 2006 , after a protracted transfer saga , Cole completed a move to rival club Chelsea , with whom he won further honours , including the Premier League in the 2009 -- 10 season , four FA Cups , one Football League Cup and one UEFA Champions League . He was released by Chelsea at the end of the 2013 -- 14 season .']"	NOTENOUGHINFO	Did Colin Kaepernick become a starting quarterback for the San Francisco 49ers during their 63rd season in the National Football League?	SUPPORTS	MISSING	ENTAILMENT	ENTAILMENT	6.644176483154297	154.00732421875	0	{'retriever': 'bm25', 'topk': 5, 'reranker': False, 'prompt_edit': False, 'reindex': False}	NO_FAILURE	0	{}
Tilda Swinton is a vegan.	The provided context does not contain any information about Tilda Swinton's dietary habits or preferences.	"[""Katherine Matilda `` Tilda '' Swinton ( born 5 November 1960 ) is a British actress , performance artist , model , and fashion muse , known for her roles in independent and Hollywood films . She is the recipient of two BAFTA Awards , one BIFA Award , an Academy Award for Best Supporting Actress and has received three nominations for a Golden Globe Award .""
 'The Beach is a 2000 adventure drama film directed by Danny Boyle and based on the 1996 novel of the same name by Alex Garland , which was adapted for the film by John Hodge . The film stars Leonardo DiCaprio , Virginie Ledoyen , Guillaume Canet , Robert Carlyle , Tilda Swinton , and Paterson Joseph . It was filmed on the Thai island Koh Phi Phi .'
 "", not directed to a particular individual .  Advertising is communicated through various mass media , including old media such as newspapers , magazines , Television , Radio , outdoor advertising or direct mail ; or new media such as search results , blogs , websites or text messages . The actual presentation of the message in a medium is referred to as an advertisement or `` ad '' .   Commercial ads often seek to generate increased consumption of their products or services through `` branding , '' which associates a product name or image with certain qualities in the minds of consumers .""
 'Trollhunters is an American computer-animated fantasy television series created for Netflix by Guillermo del Toro and produced by DreamWorks Animation and Double Dare You .   The first two episodes of the series premiered on October 8 , 2016 , at the New York Comic Con . It was released worldwide on Netflix on December 23 , 2016 . The series was nominated for four Annie Awards in 2017 , winning three in the categories of Outstanding Achievement in Character Animation , Character Design , and Storyboarding in an Animated Television/Broadcast Production .'
 'On the other hand , ads that intend to elicit an immediate sale are known as direct response advertising . Non-commercial advertisers who spend money to advertise items other than a consumer product or service include political parties , interest groups , religious organizations and governmental agencies . Non-profit organizations may use free modes of persuasion , such as a public service announcement . Advertising may also be used to reassure employees or shareholders that a company is viable or successful .']"	NOTENOUGHINFO	Is it true that Tilda Swinton does not consume animal products?	NOTENOUGHINFO	MISSING	NEUTRAL	NEUTRAL	4.312973260879517	140.76708984375	0	{'retriever': 'bm25', 'topk': 5, 'reranker': False, 'prompt_edit': False, 'reindex': False}	NOTENOUGHINFO_FAILURE	0	{}
Tilda Swinton is a vegan.	The provided context does not contain any information about Tilda Swinton's dietary habits or preferences.	"[""Katherine Matilda `` Tilda '' Swinton ( born 5 November 1960 ) is a British actress , performance artist , model , and fashion muse , known for her roles in independent and Hollywood films . She is the recipient of two BAFTA Awards , one BIFA Award , an Academy Award for Best Supporting Actress and has received three nominations for a Golden Globe Award .""
 'The Beach is a 2000 adventure drama film directed by Danny Boyle and based on the 1996 novel of the same name by Alex Garland , which was adapted for the film by John Hodge . The film stars Leonardo DiCaprio , Virginie Ledoyen , Guillaume Canet , Robert Carlyle , Tilda Swinton , and Paterson Joseph . It was filmed on the Thai island Koh Phi Phi .'
 "", not directed to a particular individual .  Advertising is communicated through various mass media , including old media such as newspapers , magazines , Television , Radio , outdoor advertising or direct mail ; or new media such as search results , blogs , websites or text messages . The actual presentation of the message in a medium is referred to as an advertisement or `` ad '' .   Commercial ads often seek to generate increased consumption of their products or services through `` branding , '' which associates a product name or image with certain qualities in the minds of consumers .""
 'Trollhunters is an American computer-animated fantasy television series created for Netflix by Guillermo del Toro and produced by DreamWorks Animation and Double Dare You .   The first two episodes of the series premiered on October 8 , 2016 , at the New York Comic Con . It was released worldwide on Netflix on December 23 , 2016 . The series was nominated for four Annie Awards in 2017 , winning three in the categories of Outstanding Achievement in Character Animation , Character Design , and Storyboarding in an Animated Television/Broadcast Production .'
 'On the other hand , ads that intend to elicit an immediate sale are known as direct response advertising . Non-commercial advertisers who spend money to advertise items other than a consumer product or service include political parties , interest groups , religious organizations and governmental agencies . Non-profit organizations may use free modes of persuasion , such as a public service announcement . Advertising may also be used to reassure employees or shareholders that a company is viable or successful .']"	NOTENOUGHINFO	Is it true that Tilda Swinton does not consume animal products?	NOTENOUGHINFO	MISSING	NEUTRAL	NEUTRAL	4.756276369094849	140.76708984375	5	{'retriever': 'bm25', 'topk': 20, 'reranker': False, 'prompt_edit': False, 'reindex': True}	NOTENOUGHINFO_FAILURE	1	{'total_reward': 1.0, 'failure_reward': 0.0, 'faithfulness_reward': 0.0, 'prediction_reward': 1.0, 'consistency_reward': 0.0, 'latency_budget_reward': 1.0, 'vram_budget_reward': 1.0}
Tilda Swinton is a vegan.	The provided context does not contain any information about Tilda Swinton's dietary habits or preferences.	"[""Katherine Matilda `` Tilda '' Swinton ( born 5 November 1960 ) is a British actress , performance artist , model , and fashion muse , known for her roles in independent and Hollywood films . She is the recipient of two BAFTA Awards , one BIFA Award , an Academy Award for Best Supporting Actress and has received three nominations for a Golden Globe Award .""
 'The Beach is a 2000 adventure drama film directed by Danny Boyle and based on the 1996 novel of the same name by Alex Garland , which was adapted for the film by John Hodge . The film stars Leonardo DiCaprio , Virginie Ledoyen , Guillaume Canet , Robert Carlyle , Tilda Swinton , and Paterson Joseph . It was filmed on the Thai island Koh Phi Phi .'
 "", not directed to a particular individual .  Advertising is communicated through various mass media , including old media such as newspapers , magazines , Television , Radio , outdoor advertising or direct mail ; or new media such as search results , blogs , websites or text messages . The actual presentation of the message in a medium is referred to as an advertisement or `` ad '' .   Commercial ads often seek to generate increased consumption of their products or services through `` branding , '' which associates a product name or image with certain qualities in the minds of consumers .""
 'Trollhunters is an American computer-animated fantasy television series created for Netflix by Guillermo del Toro and produced by DreamWorks Animation and Double Dare You .   The first two episodes of the series premiered on October 8 , 2016 , at the New York Comic Con . It was released worldwide on Netflix on December 23 , 2016 . The series was nominated for four Annie Awards in 2017 , winning three in the categories of Outstanding Achievement in Character Animation , Character Design , and Storyboarding in an Animated Television/Broadcast Production .'
 'On the other hand , ads that intend to elicit an immediate sale are known as direct response advertising . Non-commercial advertisers who spend money to advertise items other than a consumer product or service include political parties , interest groups , religious organizations and governmental agencies . Non-profit organizations may use free modes of persuasion , such as a public service announcement . Advertising may also be used to reassure employees or shareholders that a company is viable or successful .']"	NOTENOUGHINFO	Is it true that Tilda Swinton does not consume animal products?	NOTENOUGHINFO	MISSING	NEUTRAL	NEUTRAL	4.295058488845825	140.76708984375	0	{'retriever': 'bm25', 'topk': 5, 'reranker': False, 'prompt_edit': False, 'reindex': False}	NOTENOUGHINFO_FAILURE	2	{'total_reward': 1.0, 'failure_reward': 0.0, 'faithfulness_reward': 0.0, 'prediction_reward': 1.0, 'consistency_reward': 0.0, 'latency_budget_reward': 1.0, 'vram_budget_reward': 1.0}
Tilda Swinton is a vegan.	The provided context does not contain any information about Tilda Swinton's dietary habits or consumption of animal products.	"[""Katherine Matilda `` Tilda '' Swinton ( born 5 November 1960 ) is a British actress , performance artist , model , and fashion muse , known for her roles in independent and Hollywood films . She is the recipient of two BAFTA Awards , one BIFA Award , an Academy Award for Best Supporting Actress and has received three nominations for a Golden Globe Award .""
 ""She began her career in films directed by Derek Jarman , starting with Caravaggio ( 1986 ) , followed by The Last of England ( 1988 ) , War Requiem ( 1989 ) and The Garden ( 1990 ) . Swinton won the Volpi Cup for Best Actress at the Venice Film Festival for her performance as Isabella of France in Edward II ( 1991 ) . She next starred in Sally Potter 's Orlando ( 1992 ) , and was nominated for the European Film Award for Best Actress .""
 ""Trainwreck ( 2015 ) , A Bigger Splash ( 2015 ) and Doctor Strange '' ( 2016 ) .   In 2005 , Swinton was given the Richard Harris Award by the British Independent Film Awards in recognition of her contributions to the British film industry . In 2013 she was given a special tribute by the Museum of Modern Art .""
 ""Swinton later starred in the dark romantic fantasy drama , Only Lovers Left Alive ( 2014 ) . She is also known for her performances as the White Witch in the Chronicles of Narnia series ( 2005 -- 10 ) . Swinton won the Academy Award for Best Supporting Actress and the BAFTA Award for Best Actress in a Supporting Role for her performance as lawyer Karen Crowder in Michael Clayton ( 2007 ) . Her other film appearances include Female Perversions ( 1996 ) , Tim Roth 's The War Zone ( 1998 ) ,""
 ""Bullock 's greatest commercial success is the animated comedy film Minions ( 2015 ) , which grossed over US$ 1 billion at the box office . In 2007 , she was one of Hollywood 's highest-paid actresses . She was also named `` Most Beautiful Woman '' by People magazine in 2015 .   In addition to her acting career , Bullock is the founder of the production company Fortis Films .""
 'Swinton was nominated for a Golden Globe Award for her performance in The Deep End ( 2001 ) . She followed this with appearances in Vanilla Sky ( 2001 ) , Adaptation ( 2002 ) , Young Adam ( 2003 ) , and Constantine ( 2005 ) . She then starred in the crime drama Julia ( 2008 ) , I Am Love ( 2009 ) , and the psychological thriller We Need to Talk About Kevin ( 2011 ) .'
 ""Her debut album , Animal , and her first extended play , Cannibal , were released in 2010 . Kesha 's music and image propelled her to immediate commercial success , with Animal debuting as the number-one album in the United States . She also achieved 3 more number-one singles , `` Tik Tok '' and `` We R Who We R '' as a solo artist , and `` Timber '' as a featured artist , and a string of top-ten singles from the album and its re-release .""
 'Giselle Loren has lent her voice to the character in both the Buffy video games and an unproduced animated series , while Kelly Albanese lent her voice to the character in the Buffy the Vampire Slayer Season Eight motion comics .   Buffy is the protagonist of the story , and the series depicts her life and adventures as she grows up . In the film , she is a high school cheerleader who learns that she is the Slayer ( a Chosen One gifted with the strength and skills to fight vampires , demons , and the forces of darkness ) .'
 ""The first such movie , Briana Loves Jenna ( with Briana Banks ) , was named at the 2003 AVN Awards as the best-selling and best-renting pornographic title for 2002 . By 2005 , ClubJenna had revenues of US$ 30 million with profits estimated at half that . Advertisements for her site and films , often bearing her picture , have towered on a 48-foot-tall billboard in New York City 's Times Square .""
 ""Noah Lindsey Cyrus ( born January 8 , 2000 ) is an American actress and singer . She voiced the title role in the English version of the 2009 animated feature film Ponyo . In 2016 , she released her debut single `` Make Me ( Cry ) '' , featuring vocals from Labrinth . Her debut album is set to be released in late 2017 . She is the youngest daughter of Billy Ray Cyrus and younger sister of Miley Cyrus and Trace Cyrus .""]"	NOTENOUGHINFO	Is it true that Tilda Swinton does not consume animal products?	NOTENOUGHINFO	MISSING	NEUTRAL	NEUTRAL	5.290306329727173	337.57275390625	8	{'retriever': 'dense', 'topk': 10, 'reranker': False, 'prompt_edit': False, 'reindex': False}	NOTENOUGHINFO_FAILURE	3	{'total_reward': 1.0, 'failure_reward': 0.0, 'faithfulness_reward': 0.0, 'prediction_reward': 1.0, 'consistency_reward': 0.0, 'latency_budget_reward': 1.0, 'vram_budget_reward': 1.0}
Tilda Swinton is a vegan.	The provided context does not contain any information about Tilda Swinton's dietary habits or preferences.	"[""Katherine Matilda `` Tilda '' Swinton ( born 5 November 1960 ) is a British actress , performance artist , model , and fashion muse , known for her roles in independent and Hollywood films . She is the recipient of two BAFTA Awards , one BIFA Award , an Academy Award for Best Supporting Actress and has received three nominations for a Golden Globe Award .""
 'The Beach is a 2000 adventure drama film directed by Danny Boyle and based on the 1996 novel of the same name by Alex Garland , which was adapted for the film by John Hodge . The film stars Leonardo DiCaprio , Virginie Ledoyen , Guillaume Canet , Robert Carlyle , Tilda Swinton , and Paterson Joseph . It was filmed on the Thai island Koh Phi Phi .'
 "", not directed to a particular individual .  Advertising is communicated through various mass media , including old media such as newspapers , magazines , Television , Radio , outdoor advertising or direct mail ; or new media such as search results , blogs , websites or text messages . The actual presentation of the message in a medium is referred to as an advertisement or `` ad '' .   Commercial ads often seek to generate increased consumption of their products or services through `` branding , '' which associates a product name or image with certain qualities in the minds of consumers .""
 'Trollhunters is an American computer-animated fantasy television series created for Netflix by Guillermo del Toro and produced by DreamWorks Animation and Double Dare You .   The first two episodes of the series premiered on October 8 , 2016 , at the New York Comic Con . It was released worldwide on Netflix on December 23 , 2016 . The series was nominated for four Annie Awards in 2017 , winning three in the categories of Outstanding Achievement in Character Animation , Character Design , and Storyboarding in an Animated Television/Broadcast Production .'
 'On the other hand , ads that intend to elicit an immediate sale are known as direct response advertising . Non-commercial advertisers who spend money to advertise items other than a consumer product or service include political parties , interest groups , religious organizations and governmental agencies . Non-profit organizations may use free modes of persuasion , such as a public service announcement . Advertising may also be used to reassure employees or shareholders that a company is viable or successful .']"	NOTENOUGHINFO	Is it true that Tilda Swinton does not consume animal products?	NOTENOUGHINFO	MISSING	NEUTRAL	NEUTRAL	4.356001853942871	140.76708984375	5	{'retriever': 'bm25', 'topk': 20, 'reranker': False, 'prompt_edit': False, 'reindex': True}	NOTENOUGHINFO_FAILURE	4	{'total_reward': 1.0, 'failure_reward': 0.0, 'faithfulness_reward': 0.0, 'prediction_reward': 1.0, 'consistency_reward': 0.0, 'latency_budget_reward': 1.0, 'vram_budget_reward': 1.0}
Tilda Swinton is a vegan.	The provided context does not contain any information about Tilda Swinton's dietary habits or preferences.	"[""Katherine Matilda `` Tilda '' Swinton ( born 5 November 1960 ) is a British actress , performance artist , model , and fashion muse , known for her roles in independent and Hollywood films . She is the recipient of two BAFTA Awards , one BIFA Award , an Academy Award for Best Supporting Actress and has received three nominations for a Golden Globe Award .""
 'The Beach is a 2000 adventure drama film directed by Danny Boyle and based on the 1996 novel of the same name by Alex Garland , which was adapted for the film by John Hodge . The film stars Leonardo DiCaprio , Virginie Ledoyen , Guillaume Canet , Robert Carlyle , Tilda Swinton , and Paterson Joseph . It was filmed on the Thai island Koh Phi Phi .'
 "", not directed to a particular individual .  Advertising is communicated through various mass media , including old media such as newspapers , magazines , Television , Radio , outdoor advertising or direct mail ; or new media such as search results , blogs , websites or text messages . The actual presentation of the message in a medium is referred to as an advertisement or `` ad '' .   Commercial ads often seek to generate increased consumption of their products or services through `` branding , '' which associates a product name or image with certain qualities in the minds of consumers .""
 'Trollhunters is an American computer-animated fantasy television series created for Netflix by Guillermo del Toro and produced by DreamWorks Animation and Double Dare You .   The first two episodes of the series premiered on October 8 , 2016 , at the New York Comic Con . It was released worldwide on Netflix on December 23 , 2016 . The series was nominated for four Annie Awards in 2017 , winning three in the categories of Outstanding Achievement in Character Animation , Character Design , and Storyboarding in an Animated Television/Broadcast Production .'
 'On the other hand , ads that intend to elicit an immediate sale are known as direct response advertising . Non-commercial advertisers who spend money to advertise items other than a consumer product or service include political parties , interest groups , religious organizations and governmental agencies . Non-profit organizations may use free modes of persuasion , such as a public service announcement . Advertising may also be used to reassure employees or shareholders that a company is viable or successful .']"	NOTENOUGHINFO	Is it true that Tilda Swinton does not consume animal products?	NOTENOUGHINFO	MISSING	NEUTRAL	NEUTRAL	3.384092092514038	140.76708984375	0	{'retriever': 'bm25', 'topk': 5, 'reranker': False, 'prompt_edit': False, 'reindex': False}	NOTENOUGHINFO_FAILURE	5	{'total_reward': 1.0, 'failure_reward': 0.0, 'faithfulness_reward': 0.0, 'prediction_reward': 1.0, 'consistency_reward': 0.0, 'latency_budget_reward': 1.0, 'vram_budget_reward': 1.0}
Fox 2000 Pictures released the film Soul Food.	Fox 2000 Pictures released the film Soul Food.	"[""Soul Food is a 1997 American comedy-drama film produced by Kenneth `` Babyface '' Edmonds , Tracey Edmonds and Robert Teitel and released by Fox 2000 Pictures . Featuring an ensemble cast , the film stars Vanessa L. Williams , Vivica A. Fox , Nia Long , Michael Beach , Mekhi Phifer , Jeffrey D. Sams , Irma P. Hall , Gina Ravera and Brandon Hammond . Written and directed by George Tillman , Jr.""
 'In 2015 , it was announced that 20th Century Fox is planning a sequel for film called More Soul Food , written by Tillman , Jr. .'
 'Written and directed by George Tillman , Jr. -- in his major studio debut -- the film centers on the trials of an extended African-American family , held together by longstanding family traditions which begin to fade as serious problems take center stage .   Tillman based the family in the film on his own and Soul Food was widely acclaimed for presenting a more positive image of African-Americans than is typically seen in Hollywood films . In 2000 , Showtime premiered a one-hour television series based upon the film .'
 'It was financed by Sony , LStar Capital and Village Roadshow Pictures and also produced by Original Film and Scholastic Entertainment .   The film premiered on June 24 , 2015 at the CineEurope fair in Barcelona , Spain , and was theatrically released on October 16 , 2015 in the United States by Sony Pictures Entertainment under its Columbia Pictures and Sony Pictures Animation labels . Goosebumps grossed $ 150 million against its $ 84 million budget .'
 'The film is set to be released on August 4 , 2017 in 3D and 2D by Columbia Pictures .']"	SUPPORTS	Did Fox 2000 Pictures release the film Soul Food?	SUPPORTS	CONSISTENT	ENTAILMENT	ENTAILMENT	3.597140073776245	126.66650390625	0	{'retriever': 'bm25', 'topk': 5, 'reranker': False, 'prompt_edit': False, 'reindex': False}	NO_FAILURE	0	{}
Anne Rice was born in New Jersey.	The provided context does not contain any information about Anne Rice's birthplace.	"[""Anne Rice ( born Howard Allen Frances O'Brien ; October 4 , 1941 ) is an American author of gothic fiction , Christian literature , and erotica . She is perhaps best known for her popular and influential series of novels , The Vampire Chronicles , revolving around the central character of Lestat . Books from The Vampire Chronicles were the subject of two film adaptations , Interview with the Vampire in 1994 , and Queen of the Damned in 2002 .   Born in New Orleans , Rice spent much of her early life there before moving to Texas , and later to San Francisco .""
 'Camden is a city in Camden County , New Jersey . Camden is located directly across the Delaware River from Philadelphia , Pennsylvania . At the 2010 United States Census , the city had a population of 77,344 . [ 10 ] [ 12 ] [ 13 ] Camden is the 12th most populous municipality in New Jersey . The city was incorporated on February 13 , 1828 . On March 13 , 1844 , Camden became a county seat in New Jersey .'
 'In addition to her vampire novels , Rice has authored books such as The Feast of All Saints ( adapted for television in 2001 ) and Servant of the Bones , which formed the basis of a 2011 comic book miniseries . Several books from The Vampire Chronicles have been adapted as comics by various publishers . Rice has also authored erotic fiction under the pen names Anne Rampling and A. N. Roquelaure , including Exit to Eden , which was later adapted into a 1994 film .'
 ""Camden is home to hospitals , schools , and attractions . The Camden waterfront holds four tourist attractions , the USS New Jersey ; the BB&T Pavilion ; Campbell 's Field ; and the Adventure Aquarium . Until recently Campbell 's field was home to the Camden Riversharks . The city is the home of Rutgers University -- Camden , which was founded as the South Jersey Law School in 1926 , and Cooper Medical School of Rowan University , which opened in 2012 . Camden also houses both Cooper University Hospital and Our Lady of Lourdes Medical Center .""
 ""The second and third places were taken by Romain Bardet and Nairo Quintana , respectively .   Mark Cavendish of won the opening stage to take the race leader 's yellow jersey . rider Peter Sagan won the second stage to claim yellow and held onto it until the fifth stage when Greg Van Avermaet took the stage and the yellow jersey . Van Avermaet lost ground in the mountainous eighth stage , finishing over 25 minutes behind the stage winner Froome , who took the yellow jersey .""]"	NOTENOUGHINFO	Was Anne Rice born in New Jersey?	NOTENOUGHINFO	MISSING	CONTRADICTION	CONTRADICTION	3.792178153991699	165.17919921875	0	{'retriever': 'bm25', 'topk': 5, 'reranker': False, 'prompt_edit': False, 'reindex': False}	WRONG_RESPONSE_FAILURE	0	{}
Anne Rice was born in New Jersey.	The context does not provide any information about Anne Rice's birthplace.	"[""Anne Rice ( born Howard Allen Frances O'Brien ; October 4 , 1941 ) is an American author of gothic fiction , Christian literature , and erotica . She is perhaps best known for her popular and influential series of novels , The Vampire Chronicles , revolving around the central character of Lestat . Books from The Vampire Chronicles were the subject of two film adaptations , Interview with the Vampire in 1994 , and Queen of the Damned in 2002 .   Born in New Orleans , Rice spent much of her early life there before moving to Texas , and later to San Francisco .""
 'Camden is a city in Camden County , New Jersey . Camden is located directly across the Delaware River from Philadelphia , Pennsylvania . At the 2010 United States Census , the city had a population of 77,344 . [ 10 ] [ 12 ] [ 13 ] Camden is the 12th most populous municipality in New Jersey . The city was incorporated on February 13 , 1828 . On March 13 , 1844 , Camden became a county seat in New Jersey .'
 'In addition to her vampire novels , Rice has authored books such as The Feast of All Saints ( adapted for television in 2001 ) and Servant of the Bones , which formed the basis of a 2011 comic book miniseries . Several books from The Vampire Chronicles have been adapted as comics by various publishers . Rice has also authored erotic fiction under the pen names Anne Rampling and A. N. Roquelaure , including Exit to Eden , which was later adapted into a 1994 film .'
 ""Camden is home to hospitals , schools , and attractions . The Camden waterfront holds four tourist attractions , the USS New Jersey ; the BB&T Pavilion ; Campbell 's Field ; and the Adventure Aquarium . Until recently Campbell 's field was home to the Camden Riversharks . The city is the home of Rutgers University -- Camden , which was founded as the South Jersey Law School in 1926 , and Cooper Medical School of Rowan University , which opened in 2012 . Camden also houses both Cooper University Hospital and Our Lady of Lourdes Medical Center .""
 ""The second and third places were taken by Romain Bardet and Nairo Quintana , respectively .   Mark Cavendish of won the opening stage to take the race leader 's yellow jersey . rider Peter Sagan won the second stage to claim yellow and held onto it until the fifth stage when Greg Van Avermaet took the stage and the yellow jersey . Van Avermaet lost ground in the mountainous eighth stage , finishing over 25 minutes behind the stage winner Froome , who took the yellow jersey .""]"	NOTENOUGHINFO	Was Anne Rice born in New Jersey?	NOTENOUGHINFO	MISSING	CONTRADICTION	CONTRADICTION	3.896109104156494	185.228515625	1	{'retriever': 'bm25', 'topk': 5, 'reranker': False, 'prompt_edit': 'WP', 'reindex': False}	WRONG_RESPONSE_FAILURE	1	{'total_reward': 1.0, 'failure_reward': 0.0, 'faithfulness_reward': 0.0, 'prediction_reward': 1.0, 'consistency_reward': 0.0, 'latency_budget_reward': 1.0, 'vram_budget_reward': 1.0}
Anne Rice was born in New Jersey.	The context does not provide any information about Anne Rice's birthplace.	"[""Anne Rice ( born Howard Allen Frances O'Brien ; October 4 , 1941 ) is an American author of gothic fiction , Christian literature , and erotica . She is perhaps best known for her popular and influential series of novels , The Vampire Chronicles , revolving around the central character of Lestat . Books from The Vampire Chronicles were the subject of two film adaptations , Interview with the Vampire in 1994 , and Queen of the Damned in 2002 .   Born in New Orleans , Rice spent much of her early life there before moving to Texas , and later to San Francisco .""
 'In addition to her vampire novels , Rice has authored books such as The Feast of All Saints ( adapted for television in 2001 ) and Servant of the Bones , which formed the basis of a 2011 comic book miniseries . Several books from The Vampire Chronicles have been adapted as comics by various publishers . Rice has also authored erotic fiction under the pen names Anne Rampling and A. N. Roquelaure , including Exit to Eden , which was later adapted into a 1994 film .'
 'Camden is a city in Camden County , New Jersey . Camden is located directly across the Delaware River from Philadelphia , Pennsylvania . At the 2010 United States Census , the city had a population of 77,344 . [ 10 ] [ 12 ] [ 13 ] Camden is the 12th most populous municipality in New Jersey . The city was incorporated on February 13 , 1828 . On March 13 , 1844 , Camden became a county seat in New Jersey .']"	NOTENOUGHINFO	Was Anne Rice born in New Jersey?	NOTENOUGHINFO	MISSING	CONTRADICTION	CONTRADICTION	3.579771041870117	105.59912109375	3	{'retriever': 'bm25', 'topk': 5, 'reranker': True, 'prompt_edit': False, 'reindex': False}	WRONG_RESPONSE_FAILURE	2	{'total_reward': 1.0, 'failure_reward': 0.0, 'faithfulness_reward': 0.0, 'prediction_reward': 1.0, 'consistency_reward': 0.0, 'latency_budget_reward': 1.0, 'vram_budget_reward': 1.0}
Anne Rice was born in New Jersey.	The provided context does not contain any information about Anne Rice's birthplace.	"[""Anne Rice ( born Howard Allen Frances O'Brien ; October 4 , 1941 ) is an American author of gothic fiction , Christian literature , and erotica . She is perhaps best known for her popular and influential series of novels , The Vampire Chronicles , revolving around the central character of Lestat . Books from The Vampire Chronicles were the subject of two film adaptations , Interview with the Vampire in 1994 , and Queen of the Damned in 2002 .   Born in New Orleans , Rice spent much of her early life there before moving to Texas , and later to San Francisco .""
 'Camden is a city in Camden County , New Jersey . Camden is located directly across the Delaware River from Philadelphia , Pennsylvania . At the 2010 United States Census , the city had a population of 77,344 . [ 10 ] [ 12 ] [ 13 ] Camden is the 12th most populous municipality in New Jersey . The city was incorporated on February 13 , 1828 . On March 13 , 1844 , Camden became a county seat in New Jersey .'
 'In addition to her vampire novels , Rice has authored books such as The Feast of All Saints ( adapted for television in 2001 ) and Servant of the Bones , which formed the basis of a 2011 comic book miniseries . Several books from The Vampire Chronicles have been adapted as comics by various publishers . Rice has also authored erotic fiction under the pen names Anne Rampling and A. N. Roquelaure , including Exit to Eden , which was later adapted into a 1994 film .'
 ""Camden is home to hospitals , schools , and attractions . The Camden waterfront holds four tourist attractions , the USS New Jersey ; the BB&T Pavilion ; Campbell 's Field ; and the Adventure Aquarium . Until recently Campbell 's field was home to the Camden Riversharks . The city is the home of Rutgers University -- Camden , which was founded as the South Jersey Law School in 1926 , and Cooper Medical School of Rowan University , which opened in 2012 . Camden also houses both Cooper University Hospital and Our Lady of Lourdes Medical Center .""
 ""The second and third places were taken by Romain Bardet and Nairo Quintana , respectively .   Mark Cavendish of won the opening stage to take the race leader 's yellow jersey . rider Peter Sagan won the second stage to claim yellow and held onto it until the fifth stage when Greg Van Avermaet took the stage and the yellow jersey . Van Avermaet lost ground in the mountainous eighth stage , finishing over 25 minutes behind the stage winner Froome , who took the yellow jersey .""]"	NOTENOUGHINFO	Was Anne Rice born in New Jersey?	NOTENOUGHINFO	MISSING	CONTRADICTION	CONTRADICTION	4.262709617614746	173.35693359375	2	{'retriever': 'bm25', 'topk': 5, 'reranker': False, 'prompt_edit': 'WR', 'reindex': False}	WRONG_RESPONSE_FAILURE	3	{'total_reward': 1.0, 'failure_reward': 0.0, 'faithfulness_reward': 0.0, 'prediction_reward': 1.0, 'consistency_reward': 0.0, 'latency_budget_reward': 1.0, 'vram_budget_reward': 1.0}
Anne Rice was born in New Jersey.	The context does not provide any information about Anne Rice's birthplace.	"[""Anne Rice ( born Howard Allen Frances O'Brien ; October 4 , 1941 ) is an American author of gothic fiction , Christian literature , and erotica . She is perhaps best known for her popular and influential series of novels , The Vampire Chronicles , revolving around the central character of Lestat . Books from The Vampire Chronicles were the subject of two film adaptations , Interview with the Vampire in 1994 , and Queen of the Damned in 2002 .   Born in New Orleans , Rice spent much of her early life there before moving to Texas , and later to San Francisco .""
 'In addition to her vampire novels , Rice has authored books such as The Feast of All Saints ( adapted for television in 2001 ) and Servant of the Bones , which formed the basis of a 2011 comic book miniseries . Several books from The Vampire Chronicles have been adapted as comics by various publishers . Rice has also authored erotic fiction under the pen names Anne Rampling and A. N. Roquelaure , including Exit to Eden , which was later adapted into a 1994 film .'
 'Camden is a city in Camden County , New Jersey . Camden is located directly across the Delaware River from Philadelphia , Pennsylvania . At the 2010 United States Census , the city had a population of 77,344 . [ 10 ] [ 12 ] [ 13 ] Camden is the 12th most populous municipality in New Jersey . The city was incorporated on February 13 , 1828 . On March 13 , 1844 , Camden became a county seat in New Jersey .']"	NOTENOUGHINFO	Was Anne Rice born in New Jersey?	NOTENOUGHINFO	MISSING	CONTRADICTION	CONTRADICTION	3.8420205116271973	105.59912109375	3	{'retriever': 'bm25', 'topk': 5, 'reranker': True, 'prompt_edit': False, 'reindex': False}	WRONG_RESPONSE_FAILURE	4	{'total_reward': 1.0, 'failure_reward': 0.0, 'faithfulness_reward': 0.0, 'prediction_reward': 1.0, 'consistency_reward': 0.0, 'latency_budget_reward': 1.0, 'vram_budget_reward': 1.0}
Anne Rice was born in New Jersey.	The provided context does not contain any information about Anne Rice's birthplace.	"[""Anne Rice ( born Howard Allen Frances O'Brien ; October 4 , 1941 ) is an American author of gothic fiction , Christian literature , and erotica . She is perhaps best known for her popular and influential series of novels , The Vampire Chronicles , revolving around the central character of Lestat . Books from The Vampire Chronicles were the subject of two film adaptations , Interview with the Vampire in 1994 , and Queen of the Damned in 2002 .   Born in New Orleans , Rice spent much of her early life there before moving to Texas , and later to San Francisco .""
 'Camden is a city in Camden County , New Jersey . Camden is located directly across the Delaware River from Philadelphia , Pennsylvania . At the 2010 United States Census , the city had a population of 77,344 . [ 10 ] [ 12 ] [ 13 ] Camden is the 12th most populous municipality in New Jersey . The city was incorporated on February 13 , 1828 . On March 13 , 1844 , Camden became a county seat in New Jersey .'
 'In addition to her vampire novels , Rice has authored books such as The Feast of All Saints ( adapted for television in 2001 ) and Servant of the Bones , which formed the basis of a 2011 comic book miniseries . Several books from The Vampire Chronicles have been adapted as comics by various publishers . Rice has also authored erotic fiction under the pen names Anne Rampling and A. N. Roquelaure , including Exit to Eden , which was later adapted into a 1994 film .'
 ""Camden is home to hospitals , schools , and attractions . The Camden waterfront holds four tourist attractions , the USS New Jersey ; the BB&T Pavilion ; Campbell 's Field ; and the Adventure Aquarium . Until recently Campbell 's field was home to the Camden Riversharks . The city is the home of Rutgers University -- Camden , which was founded as the South Jersey Law School in 1926 , and Cooper Medical School of Rowan University , which opened in 2012 . Camden also houses both Cooper University Hospital and Our Lady of Lourdes Medical Center .""
 ""The second and third places were taken by Romain Bardet and Nairo Quintana , respectively .   Mark Cavendish of won the opening stage to take the race leader 's yellow jersey . rider Peter Sagan won the second stage to claim yellow and held onto it until the fifth stage when Greg Van Avermaet took the stage and the yellow jersey . Van Avermaet lost ground in the mountainous eighth stage , finishing over 25 minutes behind the stage winner Froome , who took the yellow jersey .""]"	NOTENOUGHINFO	Was Anne Rice born in New Jersey?	NOTENOUGHINFO	MISSING	CONTRADICTION	CONTRADICTION	4.296382427215576	173.35693359375	2	{'retriever': 'bm25', 'topk': 5, 'reranker': False, 'prompt_edit': 'WR', 'reindex': False}	WRONG_RESPONSE_FAILURE	5	{'total_reward': 1.0, 'failure_reward': 0.0, 'faithfulness_reward': 0.0, 'prediction_reward': 1.0, 'consistency_reward': 0.0, 'latency_budget_reward': 1.0, 'vram_budget_reward': 1.0}
Telemundo is a English-language television network.	The provided context does not contain any information about Telemundo being an English-language television network.	"['Telemundo ( [ teleˈmundo ] ) is an American Spanish-language terrestrial television network owned by Comcast through the NBCUniversal division NBCUniversal Telemundo Enterprises . It is the second largest provider of Spanish content nationwide behind American competitor Univision , with programming syndicated worldwide to more than 100 countries in over 35 languages .   The channel broadcasts programs and original content aimed at Hispanic and Latino American audiences in the United States and worldwide , consisting of telenovelas , sports , reality television , news programming , and films -- either imported or Spanish-dubbed .'
 ""The majority of Telemundo 's programs are filmed at an operated studio facility in Miami , where 85 % of the network 's telenovelas were filmed during 2011 . The average hourly primetime drama costs $ 70K to produce .""
 'In addition , Telemundo operates NBC Universo , a separate channel directed towards young Hispanic audiences ; Telemundo Digital Media , which distributes original programming content across mass media , the Telemundo and NBC Universo websites ; Puerto Rico telestation WKAQ-TV ; and international distribution arm Telemundo Internacional .   Telemundo is headquartered in the Miami suburb of Hialeah , Florida , and has 1,900 employees worldwide .'
 ""The concept is ancient and can be seen in many religions and in philosophy .   In the Greek language the term can apply to women , but in modern English it is mainly in use for men . The word nun is typically used for female monastics .   Although the term monachos is of Christian origin , in the English language `` monk '' tends to be used loosely also for both male and female ascetics from other religious or philosophical backgrounds .""
 ""The English are a nation and an ethnic group native to England , who speak the English language . The English identity is of early medieval origin , when they were known in Old English as the Angelcynn ( `` family of the Angles '' ) . Their ethnonym is derived from the Angles , one of the Germanic peoples who migrated to Great Britain around the 5th century AD . England is one of the countries of the United Kingdom .""]"	REFUTES	Is it true that Telemundo is an English-language television network?	NOTENOUGHINFO	MISSING	CONTRADICTION	ENTAILMENT	4.746197700500488	130.80712890625	0	{'retriever': 'bm25', 'topk': 5, 'reranker': False, 'prompt_edit': False, 'reindex': False}	NO_FAILURE	0	{}
Damon Albarn's debut album was released in 2011.	The context states that Damon Albarn's debut solo studio album, Everyday Robots, was released on 28 April 2014.	"['It debuted at # 81 on the Top 100 Mexican Albums Chart . Bell released an EP in 2011 called A Reminder independently . In 2014 , Bell released his third album , Ready Steady Go ! under indie label Surfdog Records . Ready Steady Go ! debuted at # 182 on the Billboard 200 , and sold 2,000 copies in its first week of release .'
 ""Raised in Leytonstone , East London and around Colchester , Essex , Albarn attended the Stanway School , where he met Graham Coxon and eventually formed Blur , whose debut album Leisure was released in 1991 to mixed reviews . After spending long periods of time touring the US , Albarn 's songwriting became increasingly influenced by British bands from the 1960s . The result of these influences came in the form of Modern Life Is Rubbish ( 1993 ) , Parklife ( 1994 ) and The Great Escape ( 1995 ) .""
 ""Drawing influences from alternative rock , trip hop , hip hop , electronica , dub , reggae and pop music , the band released their self-titled debut album in 2001 to worldwide success . Although Albarn is the only permanent musical contributor , the albums feature collaborations from a wide range of artists . Gorillaz are cited by the Guinness Book of World Records as the `` Most Successful Virtual Band '' .""
 ""His debut solo studio album Everyday Robots -- co-produced by XL Recordings CEO Richard Russell -- was released on 28 April 2014 and featured collaborations with Brian Eno , Natasha Khan and the Leytonstone City Pentecostal Mission Church Choir as well as sampling several rants by Lord Buckley .   In 2008 , The Daily Telegraph ranked Albarn number 18 in their list of the `` 100 most powerful people in British culture '' . In a 2010 UK poll for Q magazine Albarn was voted the fourth-greatest frontman of all time .""
 'Damon Albarn , OBE ( [ ˈdeɪmən_ˈælbɑrn ] born 23 March 1968 ) is an English musician , singer , songwriter , multi-instrumentalist and record producer . He is the lead singer of the British rock band Blur and co-founder , vocalist , instrumentalist and principal songwriter of the virtual band Gorillaz .']"	REFUTES	Was Damon Albarn's debut album released in the year 2011?	SUPPORTS	MISSING	CONTRADICTION	CONTRADICTION	4.8582916259765625	148.7705078125	0	{'retriever': 'bm25', 'topk': 5, 'reranker': False, 'prompt_edit': False, 'reindex': False}	WRONG_RESPONSE_FAILURE	0	{}
Damon Albarn's debut album was released in 2011.	The context does not provide any specific information about Damon Albarn's debut album release date.	"[""His debut solo studio album Everyday Robots -- co-produced by XL Recordings CEO Richard Russell -- was released on 28 April 2014 and featured collaborations with Brian Eno , Natasha Khan and the Leytonstone City Pentecostal Mission Church Choir as well as sampling several rants by Lord Buckley .   In 2008 , The Daily Telegraph ranked Albarn number 18 in their list of the `` 100 most powerful people in British culture '' . In a 2010 UK poll for Q magazine Albarn was voted the fourth-greatest frontman of all time .""
 ""Drawing influences from alternative rock , trip hop , hip hop , electronica , dub , reggae and pop music , the band released their self-titled debut album in 2001 to worldwide success . Although Albarn is the only permanent musical contributor , the albums feature collaborations from a wide range of artists . Gorillaz are cited by the Guinness Book of World Records as the `` Most Successful Virtual Band '' .""
 ""Raised in Leytonstone , East London and around Colchester , Essex , Albarn attended the Stanway School , where he met Graham Coxon and eventually formed Blur , whose debut album Leisure was released in 1991 to mixed reviews . After spending long periods of time touring the US , Albarn 's songwriting became increasingly influenced by British bands from the 1960s . The result of these influences came in the form of Modern Life Is Rubbish ( 1993 ) , Parklife ( 1994 ) and The Great Escape ( 1995 ) .""]"	REFUTES	Was Damon Albarn's debut album released in the year 2011?	NOTENOUGHINFO	CONSISTENT	CONTRADICTION	CONTRADICTION	4.018359422683716	102.19140625	3	{'retriever': 'bm25', 'topk': 5, 'reranker': True, 'prompt_edit': False, 'reindex': False}	WRONG_RESPONSE_FAILURE	1	{'total_reward': 1.0, 'failure_reward': 0.0, 'faithfulness_reward': 0.0, 'prediction_reward': 0.0, 'consistency_reward': 1.0, 'latency_budget_reward': 1.0, 'vram_budget_reward': 1.0}
Damon Albarn's debut album was released in 2011.	The context does not provide any specific information about Damon Albarn's debut album release date.	"[""His debut solo studio album Everyday Robots -- co-produced by XL Recordings CEO Richard Russell -- was released on 28 April 2014 and featured collaborations with Brian Eno , Natasha Khan and the Leytonstone City Pentecostal Mission Church Choir as well as sampling several rants by Lord Buckley .   In 2008 , The Daily Telegraph ranked Albarn number 18 in their list of the `` 100 most powerful people in British culture '' . In a 2010 UK poll for Q magazine Albarn was voted the fourth-greatest frontman of all time .""
 ""Drawing influences from alternative rock , trip hop , hip hop , electronica , dub , reggae and pop music , the band released their self-titled debut album in 2001 to worldwide success . Although Albarn is the only permanent musical contributor , the albums feature collaborations from a wide range of artists . Gorillaz are cited by the Guinness Book of World Records as the `` Most Successful Virtual Band '' .""
 ""Raised in Leytonstone , East London and around Colchester , Essex , Albarn attended the Stanway School , where he met Graham Coxon and eventually formed Blur , whose debut album Leisure was released in 1991 to mixed reviews . After spending long periods of time touring the US , Albarn 's songwriting became increasingly influenced by British bands from the 1960s . The result of these influences came in the form of Modern Life Is Rubbish ( 1993 ) , Parklife ( 1994 ) and The Great Escape ( 1995 ) .""]"	REFUTES	Was Damon Albarn's debut album released in the year 2011?	NOTENOUGHINFO	CONSISTENT	CONTRADICTION	CONTRADICTION	4.440230846405029	102.19140625	3	{'retriever': 'bm25', 'topk': 5, 'reranker': True, 'prompt_edit': False, 'reindex': False}	WRONG_RESPONSE_FAILURE	2	{'total_reward': 1.0, 'failure_reward': 0.0, 'faithfulness_reward': 0.0, 'prediction_reward': 0.0, 'consistency_reward': 1.0, 'latency_budget_reward': 1.0, 'vram_budget_reward': 1.0}
Damon Albarn's debut album was released in 2011.	The context states that Damon Albarn's debut solo studio album, Everyday Robots, was released on 28 April 2014.	"['It debuted at # 81 on the Top 100 Mexican Albums Chart . Bell released an EP in 2011 called A Reminder independently . In 2014 , Bell released his third album , Ready Steady Go ! under indie label Surfdog Records . Ready Steady Go ! debuted at # 182 on the Billboard 200 , and sold 2,000 copies in its first week of release .'
 ""Raised in Leytonstone , East London and around Colchester , Essex , Albarn attended the Stanway School , where he met Graham Coxon and eventually formed Blur , whose debut album Leisure was released in 1991 to mixed reviews . After spending long periods of time touring the US , Albarn 's songwriting became increasingly influenced by British bands from the 1960s . The result of these influences came in the form of Modern Life Is Rubbish ( 1993 ) , Parklife ( 1994 ) and The Great Escape ( 1995 ) .""
 ""Drawing influences from alternative rock , trip hop , hip hop , electronica , dub , reggae and pop music , the band released their self-titled debut album in 2001 to worldwide success . Although Albarn is the only permanent musical contributor , the albums feature collaborations from a wide range of artists . Gorillaz are cited by the Guinness Book of World Records as the `` Most Successful Virtual Band '' .""
 ""His debut solo studio album Everyday Robots -- co-produced by XL Recordings CEO Richard Russell -- was released on 28 April 2014 and featured collaborations with Brian Eno , Natasha Khan and the Leytonstone City Pentecostal Mission Church Choir as well as sampling several rants by Lord Buckley .   In 2008 , The Daily Telegraph ranked Albarn number 18 in their list of the `` 100 most powerful people in British culture '' . In a 2010 UK poll for Q magazine Albarn was voted the fourth-greatest frontman of all time .""
 'Damon Albarn , OBE ( [ ˈdeɪmən_ˈælbɑrn ] born 23 March 1968 ) is an English musician , singer , songwriter , multi-instrumentalist and record producer . He is the lead singer of the British rock band Blur and co-founder , vocalist , instrumentalist and principal songwriter of the virtual band Gorillaz .']"	REFUTES	Was Damon Albarn's debut album released in the year 2011?	SUPPORTS	MISSING	CONTRADICTION	CONTRADICTION	5.354032754898071	148.7705078125	0	{'retriever': 'bm25', 'topk': 5, 'reranker': False, 'prompt_edit': False, 'reindex': False}	WRONG_RESPONSE_FAILURE	3	{'total_reward': 0.0, 'failure_reward': 0.0, 'faithfulness_reward': 0.0, 'prediction_reward': 0.0, 'consistency_reward': 0.0, 'latency_budget_reward': 1.0, 'vram_budget_reward': 1.0}
Damon Albarn's debut album was released in 2011.	The context states that Damon Albarn's debut solo studio album 'Everyday Robots' was released on 28 April 2014.	"['It debuted at # 81 on the Top 100 Mexican Albums Chart . Bell released an EP in 2011 called A Reminder independently . In 2014 , Bell released his third album , Ready Steady Go ! under indie label Surfdog Records . Ready Steady Go ! debuted at # 182 on the Billboard 200 , and sold 2,000 copies in its first week of release .'
 ""Raised in Leytonstone , East London and around Colchester , Essex , Albarn attended the Stanway School , where he met Graham Coxon and eventually formed Blur , whose debut album Leisure was released in 1991 to mixed reviews . After spending long periods of time touring the US , Albarn 's songwriting became increasingly influenced by British bands from the 1960s . The result of these influences came in the form of Modern Life Is Rubbish ( 1993 ) , Parklife ( 1994 ) and The Great Escape ( 1995 ) .""
 ""Drawing influences from alternative rock , trip hop , hip hop , electronica , dub , reggae and pop music , the band released their self-titled debut album in 2001 to worldwide success . Although Albarn is the only permanent musical contributor , the albums feature collaborations from a wide range of artists . Gorillaz are cited by the Guinness Book of World Records as the `` Most Successful Virtual Band '' .""
 ""His debut solo studio album Everyday Robots -- co-produced by XL Recordings CEO Richard Russell -- was released on 28 April 2014 and featured collaborations with Brian Eno , Natasha Khan and the Leytonstone City Pentecostal Mission Church Choir as well as sampling several rants by Lord Buckley .   In 2008 , The Daily Telegraph ranked Albarn number 18 in their list of the `` 100 most powerful people in British culture '' . In a 2010 UK poll for Q magazine Albarn was voted the fourth-greatest frontman of all time .""
 'Damon Albarn , OBE ( [ ˈdeɪmən_ˈælbɑrn ] born 23 March 1968 ) is an English musician , singer , songwriter , multi-instrumentalist and record producer . He is the lead singer of the British rock band Blur and co-founder , vocalist , instrumentalist and principal songwriter of the virtual band Gorillaz .']"	REFUTES	Was Damon Albarn's debut album released in the year 2011?	SUPPORTS	MISSING	CONTRADICTION	CONTRADICTION	5.609781742095947	155.9580078125	2	{'retriever': 'bm25', 'topk': 5, 'reranker': False, 'prompt_edit': 'WR', 'reindex': False}	WRONG_RESPONSE_FAILURE	4	{'total_reward': 0.0, 'failure_reward': 0.0, 'faithfulness_reward': 0.0, 'prediction_reward': 0.0, 'consistency_reward': 0.0, 'latency_budget_reward': 1.0, 'vram_budget_reward': 1.0}
Damon Albarn's debut album was released in 2011.	The context does not provide any specific information about Damon Albarn's debut album release date.	"[""His debut solo studio album Everyday Robots -- co-produced by XL Recordings CEO Richard Russell -- was released on 28 April 2014 and featured collaborations with Brian Eno , Natasha Khan and the Leytonstone City Pentecostal Mission Church Choir as well as sampling several rants by Lord Buckley .   In 2008 , The Daily Telegraph ranked Albarn number 18 in their list of the `` 100 most powerful people in British culture '' . In a 2010 UK poll for Q magazine Albarn was voted the fourth-greatest frontman of all time .""
 ""Drawing influences from alternative rock , trip hop , hip hop , electronica , dub , reggae and pop music , the band released their self-titled debut album in 2001 to worldwide success . Although Albarn is the only permanent musical contributor , the albums feature collaborations from a wide range of artists . Gorillaz are cited by the Guinness Book of World Records as the `` Most Successful Virtual Band '' .""
 ""Raised in Leytonstone , East London and around Colchester , Essex , Albarn attended the Stanway School , where he met Graham Coxon and eventually formed Blur , whose debut album Leisure was released in 1991 to mixed reviews . After spending long periods of time touring the US , Albarn 's songwriting became increasingly influenced by British bands from the 1960s . The result of these influences came in the form of Modern Life Is Rubbish ( 1993 ) , Parklife ( 1994 ) and The Great Escape ( 1995 ) .""]"	REFUTES	Was Damon Albarn's debut album released in the year 2011?	NOTENOUGHINFO	CONSISTENT	CONTRADICTION	CONTRADICTION	4.467426061630249	120.5966796875	4	{'retriever': 'bm25', 'topk': 5, 'reranker': True, 'prompt_edit': 'WP', 'reindex': False}	WRONG_RESPONSE_FAILURE	5	{'total_reward': 1.0, 'failure_reward': 0.0, 'faithfulness_reward': 0.0, 'prediction_reward': 0.0, 'consistency_reward': 1.0, 'latency_budget_reward': 1.0, 'vram_budget_reward': 1.0}
There is a capital called Mogadishu.	The context states that Mogadishu is the capital and most populous city of Somalia.	"['Mogadishu ( [ ˌmɔːɡəˈdiːʃuː ] Muqdisho [ mʉqdɪʃɔ ] ; مقديشو [ maqadiːʃuː ] ) , known locally as Hamar , is the capital and most populous city of Somalia . Located in the coastal Banaadir region on the Indian Ocean , the city has served as an important port for millennia .'
 'It subsequently fell under the control of an assortment of local Sultanates and polities , most notably the Sultanate of the Geledi . The city later became the capital of Italian Somaliland ( 1889 -- 1936 ) in the colonial period . After the Somali Republic became independent in 1960 , Mogadishu became known and promoted as the White Pearl of the Indian Ocean .'
 ""With a change in administration in late 2010 , government troops and their military partners had succeeded in forcing out Al-Shabaab by August 2011 . Mogadishu has subsequently experienced a period of intense reconstruction .   As Somalia 's capital city , many important national institutions are based in Mogadishu . It is the seat of the Federal Government of Somalia established in August 2012 , with the Somalia Federal Parliament serving as the government 's legislative branch . Thabit Abdi Mohammed has been the Mayor of Mogadishu since April 2017 .""
 ""Villa Somalia is the official residential palace and principal workplace of the President of Somalia , Mohamed Abdullahi Mohamed . In May 2012 , the First Somali Bank was established in the capital , which organized Mogadishu 's first ever Technology , Entertainment , Design ( TEDx ) conference . The establishment of a local construction yard has also galvanized the city 's real-estate sector . Arba'a Rukun Mosque is one of the oldest Islamic places of worship in the capital , built circa 667 ( 1268/9 AD ) .""
 ""Various national sporting bodies have their headquarters in Mogadishu , including the Somali Football Federation and the Somali Olympic Committee . Mogadishu Stadium was constructed in 1978 during the Siad Barre administration , with the assistance of Chinese engineers . It hosts football matches with teams from the Somali First Division and the Somalia Cup . Additionally , the Port of Mogadishu serves as a major national seaport and is the largest harbour in Somalia . Mogadishu International Airport , the capital 's main airport , is the hub of the national carrier Somali Airlines .""]"	SUPPORTS	Is there a capital city named Mogadishu?	SUPPORTS	CONSISTENT	ENTAILMENT	ENTAILMENT	4.590268135070801	154.35693359375	0	{'retriever': 'bm25', 'topk': 5, 'reranker': False, 'prompt_edit': False, 'reindex': False}	NO_FAILURE	0	{}
Savages was exclusively a German film.	The provided context does not contain any information about a German film called 'Savages'.	"['For the 2007 film , see The Savages   Savages is a 2012 American crime thriller film directed by Oliver Stone . It is based on the novel of the same name by Don Winslow . The screenplay was written by Shane Salerno , Stone , and Winslow .'
 ""By law , Augustus held a collection of powers granted to him for life by the Senate , including supreme military command , and those of tribune and censor . It took several years for Augustus to develop the framework within which a formally republican state could be led under his sole rule . He rejected monarchical titles , and instead called himself Princeps Civitatis ( `` First Citizen of the State '' ) . The resulting constitutional framework became known as the Principate , the first phase of the Roman Empire .""
 'Stripes is a 1981 American buddy military comedy film directed by Ivan Reitman , starring Bill Murray , Harold Ramis , Warren Oates , P. J. Soles , Sean Young , and John Candy . Several actors including John Larroquette , John Diehl , Conrad Dunn and Judge Reinhold were featured in their first significant film roles . Joe Flaherty , Dave Thomas , Timothy Busfield and Bill Paxton also appeared early in their careers .'
 'In 2015 , it was announced that 20th Century Fox is planning a sequel for film called More Soul Food , written by Tillman , Jr. .'
 'The French Resistance ( La Résistance ) was the collection of French resistance movements that fought against the Nazi German occupation of France and against the collaborationist Vichy régime during the Second World War . Résistance cells were small groups of armed men and women ( called the Maquis in rural areas ) , who , in addition to their guerrilla warfare activities , were also publishers of underground newspapers , providers of first-hand intelligence information , and maintainers of escape networks that helped Allied soldiers and airmen trapped behind enemy lines .']"	REFUTES	"Was it solely a German film called ""Savages""?"	NOTENOUGHINFO	MISSING	CONTRADICTION	ENTAILMENT	3.2006146907806396	126.66650390625	0	{'retriever': 'bm25', 'topk': 5, 'reranker': False, 'prompt_edit': False, 'reindex': False}	NO_FAILURE	0	{}
Happiness in Slavery is a gospel song by Nine Inch Nails.	The provided context does not contain any information about the song 'Happiness in Slavery' by Nine Inch Nails.	"[""Rob Sheridan ( born October 11 , 1979 ) is an American graphic designer , director , and photographer best known for his extensive work with the band Nine Inch Nails .   Sheridan attended art school at New York 's Pratt Institute for one year before being hired at age 19 by Nine Inch Nails ' Trent Reznor in 1999 , on the merits of a Nine Inch Nails fansite he created during high school . He was initially hired to maintain the newly launched official Nine Inch Nails website .""
 ""Since then he has taken over as art director for the band , contributing photography , web design , album covers , music videos , live tour visuals , and two live concert films . He was also credited for assisting Trent Reznor with the mythology of the alternate reality game built around Nine Inch Nails ' 2007 album Year Zero .   Sheridan is widely known for his analog glitch art .""
 'Floppy disks , initially as 8 inch media and later in 5 1/4 - inch ( 133 mm ) and 3 1/2 - inch ( 90 mm ) sizes , were a ubiquitous form of data storage and exchange from the mid-1970s into the mid-2000s .'
 'By the late 2000s , computers were rarely manufactured with installed floppy disk drives ; 3 1/2 - inch floppy disks can be used with an external USB floppy disk drive , but USB drives for 5 1/4 - inch , 8-inch , and non-standard diskettes are rare to non-existent . These formats are usually handled by older equipment .'
 ""Although Illinois was a free state , the main issue discussed in all seven debates was slavery in the United States .   In agreeing to the official debates , Lincoln and Douglas decided to hold one debate in each of the nine congressional districts in Illinois . Because both had already spoken in two -- Springfield and Chicago -- within a day of each other , they decided that their `` joint appearances '' would be held only in the remaining seven districts .""]"	NOTENOUGHINFO	Is happiness in slavery by nine inch nails a gospel song?	NOTENOUGHINFO	MISSING	CONTRADICTION	NEUTRAL	3.411809206008911	128.26513671875	0	{'retriever': 'bm25', 'topk': 5, 'reranker': False, 'prompt_edit': False, 'reindex': False}	WRONG_RESPONSE_FAILURE	0	{}
Happiness in Slavery is a gospel song by Nine Inch Nails.	The provided context does not contain any information about the song 'Happiness in Slavery' by Nine Inch Nails.	"[""Rob Sheridan ( born October 11 , 1979 ) is an American graphic designer , director , and photographer best known for his extensive work with the band Nine Inch Nails .   Sheridan attended art school at New York 's Pratt Institute for one year before being hired at age 19 by Nine Inch Nails ' Trent Reznor in 1999 , on the merits of a Nine Inch Nails fansite he created during high school . He was initially hired to maintain the newly launched official Nine Inch Nails website .""
 ""Since then he has taken over as art director for the band , contributing photography , web design , album covers , music videos , live tour visuals , and two live concert films . He was also credited for assisting Trent Reznor with the mythology of the alternate reality game built around Nine Inch Nails ' 2007 album Year Zero .   Sheridan is widely known for his analog glitch art .""
 ""Although Illinois was a free state , the main issue discussed in all seven debates was slavery in the United States .   In agreeing to the official debates , Lincoln and Douglas decided to hold one debate in each of the nine congressional districts in Illinois . Because both had already spoken in two -- Springfield and Chicago -- within a day of each other , they decided that their `` joint appearances '' would be held only in the remaining seven districts .""]"	NOTENOUGHINFO	Is happiness in slavery by nine inch nails a gospel song?	NOTENOUGHINFO	MISSING	NEUTRAL	NEUTRAL	3.219489097595215	89.6328125	3	{'retriever': 'bm25', 'topk': 5, 'reranker': True, 'prompt_edit': False, 'reindex': False}	NOTENOUGHINFO_FAILURE	1	{'total_reward': 1.0, 'failure_reward': 0.0, 'faithfulness_reward': 0.0, 'prediction_reward': 1.0, 'consistency_reward': 0.0, 'latency_budget_reward': 1.0, 'vram_budget_reward': 1.0}
Happiness in Slavery is a gospel song by Nine Inch Nails.	The provided context does not contain any information about the song 'Happiness in Slavery' by Nine Inch Nails.	"[""Rob Sheridan ( born October 11 , 1979 ) is an American graphic designer , director , and photographer best known for his extensive work with the band Nine Inch Nails .   Sheridan attended art school at New York 's Pratt Institute for one year before being hired at age 19 by Nine Inch Nails ' Trent Reznor in 1999 , on the merits of a Nine Inch Nails fansite he created during high school . He was initially hired to maintain the newly launched official Nine Inch Nails website .""
 ""Since then he has taken over as art director for the band , contributing photography , web design , album covers , music videos , live tour visuals , and two live concert films . He was also credited for assisting Trent Reznor with the mythology of the alternate reality game built around Nine Inch Nails ' 2007 album Year Zero .   Sheridan is widely known for his analog glitch art .""
 ""Although Illinois was a free state , the main issue discussed in all seven debates was slavery in the United States .   In agreeing to the official debates , Lincoln and Douglas decided to hold one debate in each of the nine congressional districts in Illinois . Because both had already spoken in two -- Springfield and Chicago -- within a day of each other , they decided that their `` joint appearances '' would be held only in the remaining seven districts .""]"	NOTENOUGHINFO	Is happiness in slavery by nine inch nails a gospel song?	NOTENOUGHINFO	MISSING	NEUTRAL	NEUTRAL	8.060546398162842	151.90185546875	1	{'retriever': 'bm25', 'topk': 5, 'reranker': True, 'prompt_edit': False, 'reindex': True}	NOTENOUGHINFO_FAILURE	2	{'total_reward': 0.0, 'failure_reward': 0.0, 'faithfulness_reward': 0.0, 'prediction_reward': 1.0, 'consistency_reward': 0.0, 'latency_budget_reward': 0.0, 'vram_budget_reward': 1.0}
Happiness in Slavery is a gospel song by Nine Inch Nails.	The provided context does not contain any information about the song 'Happiness in Slavery' by Nine Inch Nails.	"[""Rob Sheridan ( born October 11 , 1979 ) is an American graphic designer , director , and photographer best known for his extensive work with the band Nine Inch Nails .   Sheridan attended art school at New York 's Pratt Institute for one year before being hired at age 19 by Nine Inch Nails ' Trent Reznor in 1999 , on the merits of a Nine Inch Nails fansite he created during high school . He was initially hired to maintain the newly launched official Nine Inch Nails website .""
 ""Since then he has taken over as art director for the band , contributing photography , web design , album covers , music videos , live tour visuals , and two live concert films . He was also credited for assisting Trent Reznor with the mythology of the alternate reality game built around Nine Inch Nails ' 2007 album Year Zero .   Sheridan is widely known for his analog glitch art .""
 ""Although Illinois was a free state , the main issue discussed in all seven debates was slavery in the United States .   In agreeing to the official debates , Lincoln and Douglas decided to hold one debate in each of the nine congressional districts in Illinois . Because both had already spoken in two -- Springfield and Chicago -- within a day of each other , they decided that their `` joint appearances '' would be held only in the remaining seven districts .""]"	NOTENOUGHINFO	Is happiness in slavery by nine inch nails a gospel song?	NOTENOUGHINFO	MISSING	NEUTRAL	NEUTRAL	4.60038423538208	89.69921875	2	{'retriever': 'bm25', 'topk': 10, 'reranker': True, 'prompt_edit': False, 'reindex': False}	NOTENOUGHINFO_FAILURE	3	{'total_reward': 1.0, 'failure_reward': 0.0, 'faithfulness_reward': 0.0, 'prediction_reward': 1.0, 'consistency_reward': 0.0, 'latency_budget_reward': 1.0, 'vram_budget_reward': 1.0}
Happiness in Slavery is a gospel song by Nine Inch Nails.	The provided context does not contain any information about the song 'Happiness in Slavery' by Nine Inch Nails.	"[""Rob Sheridan ( born October 11 , 1979 ) is an American graphic designer , director , and photographer best known for his extensive work with the band Nine Inch Nails .   Sheridan attended art school at New York 's Pratt Institute for one year before being hired at age 19 by Nine Inch Nails ' Trent Reznor in 1999 , on the merits of a Nine Inch Nails fansite he created during high school . He was initially hired to maintain the newly launched official Nine Inch Nails website .""
 ""Since then he has taken over as art director for the band , contributing photography , web design , album covers , music videos , live tour visuals , and two live concert films . He was also credited for assisting Trent Reznor with the mythology of the alternate reality game built around Nine Inch Nails ' 2007 album Year Zero .   Sheridan is widely known for his analog glitch art .""
 ""Although Illinois was a free state , the main issue discussed in all seven debates was slavery in the United States .   In agreeing to the official debates , Lincoln and Douglas decided to hold one debate in each of the nine congressional districts in Illinois . Because both had already spoken in two -- Springfield and Chicago -- within a day of each other , they decided that their `` joint appearances '' would be held only in the remaining seven districts .""]"	NOTENOUGHINFO	Is happiness in slavery by nine inch nails a gospel song?	NOTENOUGHINFO	MISSING	NEUTRAL	NEUTRAL	6.2433319091796875	89.69921875	3	{'retriever': 'bm25', 'topk': 10, 'reranker': True, 'prompt_edit': False, 'reindex': True}	NOTENOUGHINFO_FAILURE	4	{'total_reward': 1.0, 'failure_reward': 0.0, 'faithfulness_reward': 0.0, 'prediction_reward': 1.0, 'consistency_reward': 0.0, 'latency_budget_reward': 1.0, 'vram_budget_reward': 1.0}
Happiness in Slavery is a gospel song by Nine Inch Nails.	The provided context does not contain any information about the song 'Happiness in Slavery' by Nine Inch Nails.	"[""Rob Sheridan ( born October 11 , 1979 ) is an American graphic designer , director , and photographer best known for his extensive work with the band Nine Inch Nails .   Sheridan attended art school at New York 's Pratt Institute for one year before being hired at age 19 by Nine Inch Nails ' Trent Reznor in 1999 , on the merits of a Nine Inch Nails fansite he created during high school . He was initially hired to maintain the newly launched official Nine Inch Nails website .""
 ""Since then he has taken over as art director for the band , contributing photography , web design , album covers , music videos , live tour visuals , and two live concert films . He was also credited for assisting Trent Reznor with the mythology of the alternate reality game built around Nine Inch Nails ' 2007 album Year Zero .   Sheridan is widely known for his analog glitch art .""
 ""Although Illinois was a free state , the main issue discussed in all seven debates was slavery in the United States .   In agreeing to the official debates , Lincoln and Douglas decided to hold one debate in each of the nine congressional districts in Illinois . Because both had already spoken in two -- Springfield and Chicago -- within a day of each other , they decided that their `` joint appearances '' would be held only in the remaining seven districts .""]"	NOTENOUGHINFO	Is happiness in slavery by nine inch nails a gospel song?	NOTENOUGHINFO	MISSING	NEUTRAL	NEUTRAL	4.741856098175049	89.69921875	4	{'retriever': 'bm25', 'topk': 20, 'reranker': True, 'prompt_edit': False, 'reindex': False}	NOTENOUGHINFO_FAILURE	5	{'total_reward': 1.0, 'failure_reward': 0.0, 'faithfulness_reward': 0.0, 'prediction_reward': 1.0, 'consistency_reward': 0.0, 'latency_budget_reward': 1.0, 'vram_budget_reward': 1.0}
Andrew Kevin Walker is only Chinese.	The provided context does not contain any information about Andrew Kevin Walker's nationality.	"['Andrew Kevin Walker ( born August 14 , 1964 ) is an American BAFTA-nominated screenwriter . He is known for having written Seven ( 1995 ) , for which he earned a nomination for the BAFTA Award for Best Original Screenplay , as well as several other films , including 8mm ( 1999 ) , Sleepy Hollow ( 1999 ) and many uncredited script rewrites .'
 ""Horses in the subspecies caballus are domesticated , although some domesticated populations live in the wild as feral horses . These feral populations are not true wild horses , as this term is used to describe horses that have never been domesticated , such as the endangered Przewalski 's horse , a separate subspecies , and the only remaining true wild horse . There is an extensive , specialized vocabulary used to describe equine-related concepts , covering everything from anatomy to life stages , size , colors , markings , breeds , locomotion , and behavior .""
 'Peking University ( abbreviated PKU and colloquially known in Chinese as Běidà 北大 Chinese : 北京大学 , pinyin : Běijīng Dàxué ) , is a major Chinese research university located in Beijing and a member of the C9 League . It is the first modern national university established in China , founded as the Imperial University of Peking in 1898 as a replacement of the ancient Taixue or Guozijian , or Imperial Academy .'
 ""His flouting of hospital rules and procedures frequently leads him into conflict with his boss , hospital administrator and Dean of Medicine Dr. Lisa Cuddy ( Lisa Edelstein ) . House 's only true friend is Dr. James Wilson ( Robert Sean Leonard ) , head of the Department of Oncology . During the first three seasons , House 's diagnostic team consists of Dr. Robert Chase ( Jesse Spencer ) , Dr. Allison Cameron ( Jennifer Morrison ) , and Dr. Eric Foreman ( Omar Epps ) .""
 'The Korean-Chinese production team are holding open casting auditions for the female lead in advance of shooting , which is scheduled to commence in early 2017 .']"	REFUTES	Is it true that Andrew Kevin Walker is only Chinese?	NOTENOUGHINFO	MISSING	CONTRADICTION	CONTRADICTION	4.274233818054199	134.78515625	0	{'retriever': 'bm25', 'topk': 5, 'reranker': False, 'prompt_edit': False, 'reindex': False}	WRONG_RESPONSE_FAILURE	0	{}
Andrew Kevin Walker is only Chinese.	The context does not provide any information about Andrew Kevin Walker's nationality.	"['Andrew Kevin Walker ( born August 14 , 1964 ) is an American BAFTA-nominated screenwriter . He is known for having written Seven ( 1995 ) , for which he earned a nomination for the BAFTA Award for Best Original Screenplay , as well as several other films , including 8mm ( 1999 ) , Sleepy Hollow ( 1999 ) and many uncredited script rewrites .'
 ""His flouting of hospital rules and procedures frequently leads him into conflict with his boss , hospital administrator and Dean of Medicine Dr. Lisa Cuddy ( Lisa Edelstein ) . House 's only true friend is Dr. James Wilson ( Robert Sean Leonard ) , head of the Department of Oncology . During the first three seasons , House 's diagnostic team consists of Dr. Robert Chase ( Jesse Spencer ) , Dr. Allison Cameron ( Jennifer Morrison ) , and Dr. Eric Foreman ( Omar Epps ) .""
 'The Korean-Chinese production team are holding open casting auditions for the female lead in advance of shooting , which is scheduled to commence in early 2017 .']"	REFUTES	Is it true that Andrew Kevin Walker is only Chinese?	NOTENOUGHINFO	MISSING	CONTRADICTION	CONTRADICTION	3.947019577026367	88.8935546875	5	{'retriever': 'bm25', 'topk': 5, 'reranker': True, 'prompt_edit': 'WR', 'reindex': False}	WRONG_RESPONSE_FAILURE	1	{'total_reward': 0.0, 'failure_reward': 0.0, 'faithfulness_reward': 0.0, 'prediction_reward': 0.0, 'consistency_reward': 0.0, 'latency_budget_reward': 1.0, 'vram_budget_reward': 1.0}
Andrew Kevin Walker is only Chinese.	The context does not provide any information about Andrew Kevin Walker's nationality.	"['Andrew Kevin Walker ( born August 14 , 1964 ) is an American BAFTA-nominated screenwriter . He is known for having written Seven ( 1995 ) , for which he earned a nomination for the BAFTA Award for Best Original Screenplay , as well as several other films , including 8mm ( 1999 ) , Sleepy Hollow ( 1999 ) and many uncredited script rewrites .'
 ""Horses in the subspecies caballus are domesticated , although some domesticated populations live in the wild as feral horses . These feral populations are not true wild horses , as this term is used to describe horses that have never been domesticated , such as the endangered Przewalski 's horse , a separate subspecies , and the only remaining true wild horse . There is an extensive , specialized vocabulary used to describe equine-related concepts , covering everything from anatomy to life stages , size , colors , markings , breeds , locomotion , and behavior .""
 'Peking University ( abbreviated PKU and colloquially known in Chinese as Běidà 北大 Chinese : 北京大学 , pinyin : Běijīng Dàxué ) , is a major Chinese research university located in Beijing and a member of the C9 League . It is the first modern national university established in China , founded as the Imperial University of Peking in 1898 as a replacement of the ancient Taixue or Guozijian , or Imperial Academy .'
 ""His flouting of hospital rules and procedures frequently leads him into conflict with his boss , hospital administrator and Dean of Medicine Dr. Lisa Cuddy ( Lisa Edelstein ) . House 's only true friend is Dr. James Wilson ( Robert Sean Leonard ) , head of the Department of Oncology . During the first three seasons , House 's diagnostic team consists of Dr. Robert Chase ( Jesse Spencer ) , Dr. Allison Cameron ( Jennifer Morrison ) , and Dr. Eric Foreman ( Omar Epps ) .""
 'The Korean-Chinese production team are holding open casting auditions for the female lead in advance of shooting , which is scheduled to commence in early 2017 .']"	REFUTES	Is it true that Andrew Kevin Walker is only Chinese?	NOTENOUGHINFO	MISSING	CONTRADICTION	CONTRADICTION	4.372025489807129	153.927734375	1	{'retriever': 'bm25', 'topk': 5, 'reranker': False, 'prompt_edit': 'WP', 'reindex': False}	WRONG_RESPONSE_FAILURE	2	{'total_reward': 0.0, 'failure_reward': 0.0, 'faithfulness_reward': 0.0, 'prediction_reward': 0.0, 'consistency_reward': 0.0, 'latency_budget_reward': 1.0, 'vram_budget_reward': 1.0}
Andrew Kevin Walker is only Chinese.	The context does not provide any information about Andrew Kevin Walker's nationality.	"['Andrew Kevin Walker ( born August 14 , 1964 ) is an American BAFTA-nominated screenwriter . He is known for having written Seven ( 1995 ) , for which he earned a nomination for the BAFTA Award for Best Original Screenplay , as well as several other films , including 8mm ( 1999 ) , Sleepy Hollow ( 1999 ) and many uncredited script rewrites .'
 ""His flouting of hospital rules and procedures frequently leads him into conflict with his boss , hospital administrator and Dean of Medicine Dr. Lisa Cuddy ( Lisa Edelstein ) . House 's only true friend is Dr. James Wilson ( Robert Sean Leonard ) , head of the Department of Oncology . During the first three seasons , House 's diagnostic team consists of Dr. Robert Chase ( Jesse Spencer ) , Dr. Allison Cameron ( Jennifer Morrison ) , and Dr. Eric Foreman ( Omar Epps ) .""
 'The Korean-Chinese production team are holding open casting auditions for the female lead in advance of shooting , which is scheduled to commence in early 2017 .']"	REFUTES	Is it true that Andrew Kevin Walker is only Chinese?	NOTENOUGHINFO	MISSING	CONTRADICTION	CONTRADICTION	3.91204833984375	98.25390625	4	{'retriever': 'bm25', 'topk': 5, 'reranker': True, 'prompt_edit': 'WP', 'reindex': False}	WRONG_RESPONSE_FAILURE	3	{'total_reward': 0.0, 'failure_reward': 0.0, 'faithfulness_reward': 0.0, 'prediction_reward': 0.0, 'consistency_reward': 0.0, 'latency_budget_reward': 1.0, 'vram_budget_reward': 1.0}
Andrew Kevin Walker is only Chinese.	The context does not provide any information about Andrew Kevin Walker's nationality.	"['Andrew Kevin Walker ( born August 14 , 1964 ) is an American BAFTA-nominated screenwriter . He is known for having written Seven ( 1995 ) , for which he earned a nomination for the BAFTA Award for Best Original Screenplay , as well as several other films , including 8mm ( 1999 ) , Sleepy Hollow ( 1999 ) and many uncredited script rewrites .'
 ""His flouting of hospital rules and procedures frequently leads him into conflict with his boss , hospital administrator and Dean of Medicine Dr. Lisa Cuddy ( Lisa Edelstein ) . House 's only true friend is Dr. James Wilson ( Robert Sean Leonard ) , head of the Department of Oncology . During the first three seasons , House 's diagnostic team consists of Dr. Robert Chase ( Jesse Spencer ) , Dr. Allison Cameron ( Jennifer Morrison ) , and Dr. Eric Foreman ( Omar Epps ) .""
 'The Korean-Chinese production team are holding open casting auditions for the female lead in advance of shooting , which is scheduled to commence in early 2017 .']"	REFUTES	Is it true that Andrew Kevin Walker is only Chinese?	NOTENOUGHINFO	MISSING	CONTRADICTION	CONTRADICTION	4.020124912261963	98.25390625	4	{'retriever': 'bm25', 'topk': 5, 'reranker': True, 'prompt_edit': 'WP', 'reindex': False}	WRONG_RESPONSE_FAILURE	4	{'total_reward': 0.0, 'failure_reward': 0.0, 'faithfulness_reward': 0.0, 'prediction_reward': 0.0, 'consistency_reward': 0.0, 'latency_budget_reward': 1.0, 'vram_budget_reward': 1.0}
Andrew Kevin Walker is only Chinese.	The provided context does not contain any information about Andrew Kevin Walker's nationality.	"['Andrew Kevin Walker ( born August 14 , 1964 ) is an American BAFTA-nominated screenwriter . He is known for having written Seven ( 1995 ) , for which he earned a nomination for the BAFTA Award for Best Original Screenplay , as well as several other films , including 8mm ( 1999 ) , Sleepy Hollow ( 1999 ) and many uncredited script rewrites .'
 ""Horses in the subspecies caballus are domesticated , although some domesticated populations live in the wild as feral horses . These feral populations are not true wild horses , as this term is used to describe horses that have never been domesticated , such as the endangered Przewalski 's horse , a separate subspecies , and the only remaining true wild horse . There is an extensive , specialized vocabulary used to describe equine-related concepts , covering everything from anatomy to life stages , size , colors , markings , breeds , locomotion , and behavior .""
 'Peking University ( abbreviated PKU and colloquially known in Chinese as Běidà 北大 Chinese : 北京大学 , pinyin : Běijīng Dàxué ) , is a major Chinese research university located in Beijing and a member of the C9 League . It is the first modern national university established in China , founded as the Imperial University of Peking in 1898 as a replacement of the ancient Taixue or Guozijian , or Imperial Academy .'
 ""His flouting of hospital rules and procedures frequently leads him into conflict with his boss , hospital administrator and Dean of Medicine Dr. Lisa Cuddy ( Lisa Edelstein ) . House 's only true friend is Dr. James Wilson ( Robert Sean Leonard ) , head of the Department of Oncology . During the first three seasons , House 's diagnostic team consists of Dr. Robert Chase ( Jesse Spencer ) , Dr. Allison Cameron ( Jennifer Morrison ) , and Dr. Eric Foreman ( Omar Epps ) .""
 'The Korean-Chinese production team are holding open casting auditions for the female lead in advance of shooting , which is scheduled to commence in early 2017 .']"	REFUTES	Is it true that Andrew Kevin Walker is only Chinese?	NOTENOUGHINFO	MISSING	CONTRADICTION	CONTRADICTION	4.293857097625732	134.78515625	0	{'retriever': 'bm25', 'topk': 5, 'reranker': False, 'prompt_edit': False, 'reindex': False}	WRONG_RESPONSE_FAILURE	5	{'total_reward': 0.0, 'failure_reward': 0.0, 'faithfulness_reward': 0.0, 'prediction_reward': 0.0, 'consistency_reward': 0.0, 'latency_budget_reward': 1.0, 'vram_budget_reward': 1.0}
Shooter is about an expert marksman who tries to stop the assassination of the president.	The provided context does not contain any information about Shooter being a movie about an expert marksman trying to prevent the assassination of the president.	"[""The highlight of Burr 's tenure as president of the Senate , one of his few official duties as vice president , was the Senate 's first impeachment trial , that of Supreme Court justice Samuel Chase . In 1804 , the last full year of his single term as vice president , Burr killed his political rival Alexander Hamilton in a famous duel . Burr was never tried for the illegal duel , and all charges against him were eventually dropped , but Hamilton 's death ended Burr 's political career .   After leaving Washington , Burr traveled west seeking new opportunities , both economic and political .""
 'The film is about Cataleya ( Amandla Stenberg ) , a nine-year-old girl in Colombia whose family is killed by drug lord named Don Luis Sandoval ( Beto Benites ) . Fifteen years later , a 24-year-old Cataleya ( Zoe Saldana ) has become an accomplished assassin . Even though Don Luis is now in the witness protection program in the U.S.'
 ""AMGTV is an American family-oriented television network featuring television programming consisting of drama , sports , movies , entertainment , how-to , hunting and fishing , children 's shows , and other features . The network is owned by the American company Access Media Group .   AMGTV provides programming to television stations in the United States , and is a competitor of Youtoo America and similar networks . AMGTV also syndicates several movie packages and music specials to stations outside their affiliate base .   The president of AMGTV is Terry Elaqua .""
 ""Since his retirement , Johnson has been an advocate for HIV/AIDS prevention and safe sex , as well as an entrepreneur , philanthropist , broadcaster and motivational speaker . His public announcement of his HIV-positive status in 1991 helped dispel the stereotype , still widely held at the time , that HIV was a `` gay disease '' that heterosexuals need not worry about ; his bravery in making this announcement was widely commended .""
 'Caroline Bouvier Kennedy ( born November 27 , 1957 ) is an American author , attorney , and diplomat who served as the United States Ambassador to Japan from 2013 to 2017 . She is a prominent member of the Kennedy family and the only surviving child of President John F. Kennedy and First Lady Jacqueline Bouvier Kennedy .   Caroline Kennedy was just short of her sixth birthday when her father was assassinated on November 22 , 1963 .']"	NOTENOUGHINFO	Is it true that Shooter is a movie about an expert marksman trying to prevent the assassination of the president?	NOTENOUGHINFO	MISSING	CONTRADICTION	ENTAILMENT	5.644742012023926	147.271484375	0	{'retriever': 'bm25', 'topk': 5, 'reranker': False, 'prompt_edit': False, 'reindex': False}	NO_FAILURE	0	{}
House is a sitcom.	The context states that House is a sitcom, specifically mentioning that it's an American television medical drama.	"[""His flouting of hospital rules and procedures frequently leads him into conflict with his boss , hospital administrator and Dean of Medicine Dr. Lisa Cuddy ( Lisa Edelstein ) . House 's only true friend is Dr. James Wilson ( Robert Sean Leonard ) , head of the Department of Oncology . During the first three seasons , House 's diagnostic team consists of Dr. Robert Chase ( Jesse Spencer ) , Dr. Allison Cameron ( Jennifer Morrison ) , and Dr. Eric Foreman ( Omar Epps ) .""
 ""Horses in the subspecies caballus are domesticated , although some domesticated populations live in the wild as feral horses . These feral populations are not true wild horses , as this term is used to describe horses that have never been domesticated , such as the endangered Przewalski 's horse , a separate subspecies , and the only remaining true wild horse . There is an extensive , specialized vocabulary used to describe equine-related concepts , covering everything from anatomy to life stages , size , colors , markings , breeds , locomotion , and behavior .""
 ""He has also been part of an ensemble cast of two long-running sitcoms : Just Shoot Me ! ( 1997 -- 2003 ) and Rules of Engagement ( 2007 -- 2013 ) . He also starred as C. J. Barnes in the sitcom 8 Simple Rules ( 2004 -- 2005 ) . In animation , he voiced Kuzco in the 2000 film The Emperor 's New Groove and its direct-to-video sequel , Kronk 's New Groove .""
 ""House ( also called House , M.D. ) is an American television medical drama that originally ran on the Fox network for eight seasons , from November 16 , 2004 to May 21 , 2012 . The series ' main character is Dr. Gregory House ( Hugh Laurie ) , an unconventional , misanthropic medical genius who , despite his dependence on pain medication , leads a team of diagnosticians at the fictional Princeton -- Plainsboro Teaching Hospital ( PPTH ) in New Jersey .""
 ""Jessica Adams ( Odette Annable ) and Dr. Chi Park ( Charlyne Yi ) join House 's team .   House was among the top 10 series in the United States from its second through fourth seasons . Distributed to 66 countries , House was the most-watched television program in the world in 2008 . The show received numerous awards , including five Primetime Emmy Awards , two Golden Globe Awards , a Peabody Award , and nine People 's Choice Awards .""]"	NOTENOUGHINFO	Is it true that a house is a sitcom?	SUPPORTS	MISSING	CONTRADICTION	CONTRADICTION	4.6221604347229	158.4111328125	0	{'retriever': 'bm25', 'topk': 5, 'reranker': False, 'prompt_edit': False, 'reindex': False}	WRONG_RESPONSE_FAILURE	0	{}
House is a sitcom.	A house is not a sitcom.	"[""His flouting of hospital rules and procedures frequently leads him into conflict with his boss , hospital administrator and Dean of Medicine Dr. Lisa Cuddy ( Lisa Edelstein ) . House 's only true friend is Dr. James Wilson ( Robert Sean Leonard ) , head of the Department of Oncology . During the first three seasons , House 's diagnostic team consists of Dr. Robert Chase ( Jesse Spencer ) , Dr. Allison Cameron ( Jennifer Morrison ) , and Dr. Eric Foreman ( Omar Epps ) .""
 ""Horses in the subspecies caballus are domesticated , although some domesticated populations live in the wild as feral horses . These feral populations are not true wild horses , as this term is used to describe horses that have never been domesticated , such as the endangered Przewalski 's horse , a separate subspecies , and the only remaining true wild horse . There is an extensive , specialized vocabulary used to describe equine-related concepts , covering everything from anatomy to life stages , size , colors , markings , breeds , locomotion , and behavior .""
 ""He has also been part of an ensemble cast of two long-running sitcoms : Just Shoot Me ! ( 1997 -- 2003 ) and Rules of Engagement ( 2007 -- 2013 ) . He also starred as C. J. Barnes in the sitcom 8 Simple Rules ( 2004 -- 2005 ) . In animation , he voiced Kuzco in the 2000 film The Emperor 's New Groove and its direct-to-video sequel , Kronk 's New Groove .""
 ""House ( also called House , M.D. ) is an American television medical drama that originally ran on the Fox network for eight seasons , from November 16 , 2004 to May 21 , 2012 . The series ' main character is Dr. Gregory House ( Hugh Laurie ) , an unconventional , misanthropic medical genius who , despite his dependence on pain medication , leads a team of diagnosticians at the fictional Princeton -- Plainsboro Teaching Hospital ( PPTH ) in New Jersey .""
 ""Jessica Adams ( Odette Annable ) and Dr. Chi Park ( Charlyne Yi ) join House 's team .   House was among the top 10 series in the United States from its second through fourth seasons . Distributed to 66 countries , House was the most-watched television program in the world in 2008 . The show received numerous awards , including five Primetime Emmy Awards , two Golden Globe Awards , a Peabody Award , and nine People 's Choice Awards .""]"	NOTENOUGHINFO	Is it true that a house is a sitcom?	REFUTES	MISSING	CONTRADICTION	ENTAILMENT	3.6677823066711426	177.98779296875	1	{'retriever': 'bm25', 'topk': 5, 'reranker': False, 'prompt_edit': 'WP', 'reindex': False}	NO_FAILURE	1	{'total_reward': 1.0, 'failure_reward': 1.0, 'faithfulness_reward': 0.0, 'prediction_reward': 0.0, 'consistency_reward': 0.0, 'latency_budget_reward': 1.0, 'vram_budget_reward': 1.0}
The Cretaceous ended.	The provided context does not contain any information about the end of the Cretaceous period.	"['The Cretaceous ( [ pronkrᵻˈteɪʃəs ] , ) is a geologic period and system that spans 79 million years from the end of the Jurassic Period million years ago ( Mya ) to the beginning of the Paleogene Period Mya . It is the last period of the Mesozoic Era . The Cretaceous Period is usually abbreviated K , for its German translation Kreide ( chalk ) .'
 'The Cretaceous was a period with a relatively warm climate , resulting in high eustatic sea levels that created numerous shallow inland seas . These oceans and seas were populated with now-extinct marine reptiles , ammonites and rudists , while dinosaurs continued to dominate on land . During this time , new groups of mammals and birds , as well as flowering plants , appeared . The Cretaceous ended with a large mass extinction , the Cretaceous -- Paleogene extinction event , in which many groups , including non-avian dinosaurs , pterosaurs and large marine reptiles died out .'
 'The end of the Cretaceous is defined by the abrupt Cretaceous -- Paleogene boundary ( K -- Pg boundary ) , a geologic signature associated with the mass extinction which lies between the Mesozoic and Cenozoic eras .'
 'Non-locking forceps also come in two basic forms : hinged at one end , away from the grasping end ( colloquially such forceps are called tweezers ) and hinged in the middle , rather like scissors . Locking forceps are almost always hinged in the middle , though some forms place the hinge very close to the grasping end . Locking forceps use various means to lock the grasping surfaces in a closed position to facilitate manipulation or to independently clamp , grasp or hold an object .'
 'He began his professional career in 1953 , working in the studio of Joe Simon and Jack Kirby , beginning as an inker and coming under the influence of artist Mort Meskin . During this time , he then began his long association with Charlton Comics , where he did work in the genres of science fiction , horror , and mystery . He also co-created the superhero Captain Atom in 1960 .   During the 1950s , Ditko also drew for Atlas Comics , a forerunner of Marvel Comics . He went on to contribute much significant work to Marvel .']"	SUPPORTS	Did the Cretaceous period come to an end?	NOTENOUGHINFO	CONSISTENT	ENTAILMENT	CONTRADICTION	4.445279836654663	138.9580078125	0	{'retriever': 'bm25', 'topk': 5, 'reranker': False, 'prompt_edit': False, 'reindex': False}	WRONG_RESPONSE_FAILURE	0	{}
The Cretaceous ended.	The Cretaceous period came to an end with the mass extinction known as the Cretaceous-Paleogene extinction event.	"['The Cretaceous ( [ pronkrᵻˈteɪʃəs ] , ) is a geologic period and system that spans 79 million years from the end of the Jurassic Period million years ago ( Mya ) to the beginning of the Paleogene Period Mya . It is the last period of the Mesozoic Era . The Cretaceous Period is usually abbreviated K , for its German translation Kreide ( chalk ) .'
 'The end of the Cretaceous is defined by the abrupt Cretaceous -- Paleogene boundary ( K -- Pg boundary ) , a geologic signature associated with the mass extinction which lies between the Mesozoic and Cenozoic eras .'
 'The Cretaceous was a period with a relatively warm climate , resulting in high eustatic sea levels that created numerous shallow inland seas . These oceans and seas were populated with now-extinct marine reptiles , ammonites and rudists , while dinosaurs continued to dominate on land . During this time , new groups of mammals and birds , as well as flowering plants , appeared . The Cretaceous ended with a large mass extinction , the Cretaceous -- Paleogene extinction event , in which many groups , including non-avian dinosaurs , pterosaurs and large marine reptiles died out .']"	SUPPORTS	Did the Cretaceous period come to an end?	SUPPORTS	MISSING	ENTAILMENT	NEUTRAL	4.471224069595337	84.76611328125	3	{'retriever': 'bm25', 'topk': 5, 'reranker': True, 'prompt_edit': False, 'reindex': False}	WRONG_RESPONSE_FAILURE	1	{'total_reward': 1.0, 'failure_reward': 0.0, 'faithfulness_reward': 0.0, 'prediction_reward': 1.0, 'consistency_reward': 0.0, 'latency_budget_reward': 1.0, 'vram_budget_reward': 1.0}
The Cretaceous ended.	The provided context does not contain any information about the end of the Cretaceous period.	"['The Cretaceous ( [ pronkrᵻˈteɪʃəs ] , ) is a geologic period and system that spans 79 million years from the end of the Jurassic Period million years ago ( Mya ) to the beginning of the Paleogene Period Mya . It is the last period of the Mesozoic Era . The Cretaceous Period is usually abbreviated K , for its German translation Kreide ( chalk ) .'
 'The Cretaceous was a period with a relatively warm climate , resulting in high eustatic sea levels that created numerous shallow inland seas . These oceans and seas were populated with now-extinct marine reptiles , ammonites and rudists , while dinosaurs continued to dominate on land . During this time , new groups of mammals and birds , as well as flowering plants , appeared . The Cretaceous ended with a large mass extinction , the Cretaceous -- Paleogene extinction event , in which many groups , including non-avian dinosaurs , pterosaurs and large marine reptiles died out .'
 'The end of the Cretaceous is defined by the abrupt Cretaceous -- Paleogene boundary ( K -- Pg boundary ) , a geologic signature associated with the mass extinction which lies between the Mesozoic and Cenozoic eras .'
 'Non-locking forceps also come in two basic forms : hinged at one end , away from the grasping end ( colloquially such forceps are called tweezers ) and hinged in the middle , rather like scissors . Locking forceps are almost always hinged in the middle , though some forms place the hinge very close to the grasping end . Locking forceps use various means to lock the grasping surfaces in a closed position to facilitate manipulation or to independently clamp , grasp or hold an object .'
 'He began his professional career in 1953 , working in the studio of Joe Simon and Jack Kirby , beginning as an inker and coming under the influence of artist Mort Meskin . During this time , he then began his long association with Charlton Comics , where he did work in the genres of science fiction , horror , and mystery . He also co-created the superhero Captain Atom in 1960 .   During the 1950s , Ditko also drew for Atlas Comics , a forerunner of Marvel Comics . He went on to contribute much significant work to Marvel .']"	SUPPORTS	Did the Cretaceous period come to an end?	NOTENOUGHINFO	CONSISTENT	ENTAILMENT	CONTRADICTION	3.2041945457458496	138.9580078125	0	{'retriever': 'bm25', 'topk': 5, 'reranker': False, 'prompt_edit': False, 'reindex': False}	WRONG_RESPONSE_FAILURE	2	{'total_reward': 1.0, 'failure_reward': 0.0, 'faithfulness_reward': 0.0, 'prediction_reward': 0.0, 'consistency_reward': 1.0, 'latency_budget_reward': 1.0, 'vram_budget_reward': 1.0}
The Cretaceous ended.	The context does not provide any information about the end of the Cretaceous period.	"['The Cretaceous ( [ pronkrᵻˈteɪʃəs ] , ) is a geologic period and system that spans 79 million years from the end of the Jurassic Period million years ago ( Mya ) to the beginning of the Paleogene Period Mya . It is the last period of the Mesozoic Era . The Cretaceous Period is usually abbreviated K , for its German translation Kreide ( chalk ) .'
 'The Cretaceous was a period with a relatively warm climate , resulting in high eustatic sea levels that created numerous shallow inland seas . These oceans and seas were populated with now-extinct marine reptiles , ammonites and rudists , while dinosaurs continued to dominate on land . During this time , new groups of mammals and birds , as well as flowering plants , appeared . The Cretaceous ended with a large mass extinction , the Cretaceous -- Paleogene extinction event , in which many groups , including non-avian dinosaurs , pterosaurs and large marine reptiles died out .'
 'The end of the Cretaceous is defined by the abrupt Cretaceous -- Paleogene boundary ( K -- Pg boundary ) , a geologic signature associated with the mass extinction which lies between the Mesozoic and Cenozoic eras .'
 'Non-locking forceps also come in two basic forms : hinged at one end , away from the grasping end ( colloquially such forceps are called tweezers ) and hinged in the middle , rather like scissors . Locking forceps are almost always hinged in the middle , though some forms place the hinge very close to the grasping end . Locking forceps use various means to lock the grasping surfaces in a closed position to facilitate manipulation or to independently clamp , grasp or hold an object .'
 'He began his professional career in 1953 , working in the studio of Joe Simon and Jack Kirby , beginning as an inker and coming under the influence of artist Mort Meskin . During this time , he then began his long association with Charlton Comics , where he did work in the genres of science fiction , horror , and mystery . He also co-created the superhero Captain Atom in 1960 .   During the 1950s , Ditko also drew for Atlas Comics , a forerunner of Marvel Comics . He went on to contribute much significant work to Marvel .']"	SUPPORTS	Did the Cretaceous period come to an end?	NOTENOUGHINFO	CONSISTENT	ENTAILMENT	CONTRADICTION	3.274061918258667	157.34033203125	1	{'retriever': 'bm25', 'topk': 5, 'reranker': False, 'prompt_edit': 'WP', 'reindex': False}	WRONG_RESPONSE_FAILURE	3	{'total_reward': 1.0, 'failure_reward': 0.0, 'faithfulness_reward': 0.0, 'prediction_reward': 0.0, 'consistency_reward': 1.0, 'latency_budget_reward': 1.0, 'vram_budget_reward': 1.0}
The Cretaceous ended.	The Cretaceous period came to an end with the mass extinction known as the Cretaceous-Paleogene extinction event.	"['The Cretaceous ( [ pronkrᵻˈteɪʃəs ] , ) is a geologic period and system that spans 79 million years from the end of the Jurassic Period million years ago ( Mya ) to the beginning of the Paleogene Period Mya . It is the last period of the Mesozoic Era . The Cretaceous Period is usually abbreviated K , for its German translation Kreide ( chalk ) .'
 'The Cretaceous was a period with a relatively warm climate , resulting in high eustatic sea levels that created numerous shallow inland seas . These oceans and seas were populated with now-extinct marine reptiles , ammonites and rudists , while dinosaurs continued to dominate on land . During this time , new groups of mammals and birds , as well as flowering plants , appeared . The Cretaceous ended with a large mass extinction , the Cretaceous -- Paleogene extinction event , in which many groups , including non-avian dinosaurs , pterosaurs and large marine reptiles died out .'
 'The end of the Cretaceous is defined by the abrupt Cretaceous -- Paleogene boundary ( K -- Pg boundary ) , a geologic signature associated with the mass extinction which lies between the Mesozoic and Cenozoic eras .'
 'Non-locking forceps also come in two basic forms : hinged at one end , away from the grasping end ( colloquially such forceps are called tweezers ) and hinged in the middle , rather like scissors . Locking forceps are almost always hinged in the middle , though some forms place the hinge very close to the grasping end . Locking forceps use various means to lock the grasping surfaces in a closed position to facilitate manipulation or to independently clamp , grasp or hold an object .'
 'He began his professional career in 1953 , working in the studio of Joe Simon and Jack Kirby , beginning as an inker and coming under the influence of artist Mort Meskin . During this time , he then began his long association with Charlton Comics , where he did work in the genres of science fiction , horror , and mystery . He also co-created the superhero Captain Atom in 1960 .   During the 1950s , Ditko also drew for Atlas Comics , a forerunner of Marvel Comics . He went on to contribute much significant work to Marvel .']"	SUPPORTS	Did the Cretaceous period come to an end?	SUPPORTS	MISSING	ENTAILMENT	NEUTRAL	3.5205752849578857	147.037109375	2	{'retriever': 'bm25', 'topk': 5, 'reranker': False, 'prompt_edit': 'WR', 'reindex': False}	WRONG_RESPONSE_FAILURE	4	{'total_reward': 1.0, 'failure_reward': 0.0, 'faithfulness_reward': 0.0, 'prediction_reward': 1.0, 'consistency_reward': 0.0, 'latency_budget_reward': 1.0, 'vram_budget_reward': 1.0}
The Cretaceous ended.	The provided context does not contain any information about the end of the Cretaceous period.	"['The Cretaceous ( [ pronkrᵻˈteɪʃəs ] , ) is a geologic period and system that spans 79 million years from the end of the Jurassic Period million years ago ( Mya ) to the beginning of the Paleogene Period Mya . It is the last period of the Mesozoic Era . The Cretaceous Period is usually abbreviated K , for its German translation Kreide ( chalk ) .'
 'The Cretaceous was a period with a relatively warm climate , resulting in high eustatic sea levels that created numerous shallow inland seas . These oceans and seas were populated with now-extinct marine reptiles , ammonites and rudists , while dinosaurs continued to dominate on land . During this time , new groups of mammals and birds , as well as flowering plants , appeared . The Cretaceous ended with a large mass extinction , the Cretaceous -- Paleogene extinction event , in which many groups , including non-avian dinosaurs , pterosaurs and large marine reptiles died out .'
 'The end of the Cretaceous is defined by the abrupt Cretaceous -- Paleogene boundary ( K -- Pg boundary ) , a geologic signature associated with the mass extinction which lies between the Mesozoic and Cenozoic eras .'
 'Non-locking forceps also come in two basic forms : hinged at one end , away from the grasping end ( colloquially such forceps are called tweezers ) and hinged in the middle , rather like scissors . Locking forceps are almost always hinged in the middle , though some forms place the hinge very close to the grasping end . Locking forceps use various means to lock the grasping surfaces in a closed position to facilitate manipulation or to independently clamp , grasp or hold an object .'
 'He began his professional career in 1953 , working in the studio of Joe Simon and Jack Kirby , beginning as an inker and coming under the influence of artist Mort Meskin . During this time , he then began his long association with Charlton Comics , where he did work in the genres of science fiction , horror , and mystery . He also co-created the superhero Captain Atom in 1960 .   During the 1950s , Ditko also drew for Atlas Comics , a forerunner of Marvel Comics . He went on to contribute much significant work to Marvel .']"	SUPPORTS	Did the Cretaceous period come to an end?	NOTENOUGHINFO	CONSISTENT	ENTAILMENT	CONTRADICTION	3.495694637298584	138.9580078125	0	{'retriever': 'bm25', 'topk': 5, 'reranker': False, 'prompt_edit': False, 'reindex': False}	WRONG_RESPONSE_FAILURE	5	{'total_reward': 1.0, 'failure_reward': 0.0, 'faithfulness_reward': 0.0, 'prediction_reward': 0.0, 'consistency_reward': 1.0, 'latency_budget_reward': 1.0, 'vram_budget_reward': 1.0}
Murda Beatz's real name is Marshall Mathers.	The context does not contain any information about Murda Beatz's real name.	"[""Shane Lee Lindstrom ( born February 11 , 1994 ) , professionally known as Murda Beatz , is a Canadian hip hop record producer from Fort Erie , Ontario . He is noted for producing songs such as `` No Shopping '' by rapper French Montana , `` Back on Road '' by rapper Gucci Mane , Lindstrom has also produced several tracks for various artists such as Drake , Migos , Travis Scott and PartyNextDoor , among others .""
 'In 2016 , Morello , Commerford and Wilk formed a new band , Prophets of Rage , with Chuck D and B-Real .'
 ""He married Rose Edith Kelly and in 1904 they honeymooned in Cairo , Egypt , where Crowley claimed to have been contacted by a supernatural entity named Aiwass , who provided him with The Book of the Law , a sacred text that served as the basis for Thelema . Announcing the start of the Æon of Horus , The Book declared that its followers should `` Do what thou wilt '' and seek to align themselves with their True Will through the practice of magick .""
 ""Under James , the `` Golden Age '' of Elizabethan literature and drama continued , with writers such as William Shakespeare , John Donne , Ben Jonson , and Sir Francis Bacon contributing to a flourishing literary culture . James himself was a talented scholar , the author of works such as Daemonologie ( 1597 ) , The True Law of Free Monarchies ( 1598 ) , and Basilikon Doron ( 1599 ) . He sponsored the translation of the Bible that would later be named after him : the Authorised King James Version .""
 ""Dreamer is a 2005 American sports drama film written and directed by John Gatins in his directorial debut . The film stars Kurt Russell , Kris Kristofferson , Elisabeth Shue and Dakota Fanning . It is inspired by the true story of an injured Thoroughbred racehorse named Mariah 's Storm . The film premiered at the Toronto International Film Festival on September 10 , 2005 and was theatrically released on October 21 , 2005 by DreamWorks Pictures .""]"	REFUTES	Is it true that Murda Beatz's real name is Marshall Mathers?	NOTENOUGHINFO	MISSING	CONTRADICTION	CONTRADICTION	3.798119306564331	138.72509765625	0	{'retriever': 'bm25', 'topk': 5, 'reranker': False, 'prompt_edit': False, 'reindex': False}	WRONG_RESPONSE_FAILURE	0	{}
Murda Beatz's real name is Marshall Mathers.	The context does not contain any information about Murda Beatz's real name.	"[""Shane Lee Lindstrom ( born February 11 , 1994 ) , professionally known as Murda Beatz , is a Canadian hip hop record producer from Fort Erie , Ontario . He is noted for producing songs such as `` No Shopping '' by rapper French Montana , `` Back on Road '' by rapper Gucci Mane , Lindstrom has also produced several tracks for various artists such as Drake , Migos , Travis Scott and PartyNextDoor , among others .""
 'In 2016 , Morello , Commerford and Wilk formed a new band , Prophets of Rage , with Chuck D and B-Real .'
 ""He married Rose Edith Kelly and in 1904 they honeymooned in Cairo , Egypt , where Crowley claimed to have been contacted by a supernatural entity named Aiwass , who provided him with The Book of the Law , a sacred text that served as the basis for Thelema . Announcing the start of the Æon of Horus , The Book declared that its followers should `` Do what thou wilt '' and seek to align themselves with their True Will through the practice of magick .""
 ""Under James , the `` Golden Age '' of Elizabethan literature and drama continued , with writers such as William Shakespeare , John Donne , Ben Jonson , and Sir Francis Bacon contributing to a flourishing literary culture . James himself was a talented scholar , the author of works such as Daemonologie ( 1597 ) , The True Law of Free Monarchies ( 1598 ) , and Basilikon Doron ( 1599 ) . He sponsored the translation of the Bible that would later be named after him : the Authorised King James Version .""
 ""Dreamer is a 2005 American sports drama film written and directed by John Gatins in his directorial debut . The film stars Kurt Russell , Kris Kristofferson , Elisabeth Shue and Dakota Fanning . It is inspired by the true story of an injured Thoroughbred racehorse named Mariah 's Storm . The film premiered at the Toronto International Film Festival on September 10 , 2005 and was theatrically released on October 21 , 2005 by DreamWorks Pictures .""]"	REFUTES	Is it true that Murda Beatz's real name is Marshall Mathers?	NOTENOUGHINFO	MISSING	CONTRADICTION	CONTRADICTION	3.806736707687378	145.78857421875	2	{'retriever': 'bm25', 'topk': 5, 'reranker': False, 'prompt_edit': 'WR', 'reindex': False}	WRONG_RESPONSE_FAILURE	1	{'total_reward': 0.0, 'failure_reward': 0.0, 'faithfulness_reward': 0.0, 'prediction_reward': 0.0, 'consistency_reward': 0.0, 'latency_budget_reward': 1.0, 'vram_budget_reward': 1.0}
Murda Beatz's real name is Marshall Mathers.	The context does not contain any information about Murda Beatz's real name.	"[""Shane Lee Lindstrom ( born February 11 , 1994 ) , professionally known as Murda Beatz , is a Canadian hip hop record producer from Fort Erie , Ontario . He is noted for producing songs such as `` No Shopping '' by rapper French Montana , `` Back on Road '' by rapper Gucci Mane , Lindstrom has also produced several tracks for various artists such as Drake , Migos , Travis Scott and PartyNextDoor , among others .""
 'In 2016 , Morello , Commerford and Wilk formed a new band , Prophets of Rage , with Chuck D and B-Real .'
 ""Dreamer is a 2005 American sports drama film written and directed by John Gatins in his directorial debut . The film stars Kurt Russell , Kris Kristofferson , Elisabeth Shue and Dakota Fanning . It is inspired by the true story of an injured Thoroughbred racehorse named Mariah 's Storm . The film premiered at the Toronto International Film Festival on September 10 , 2005 and was theatrically released on October 21 , 2005 by DreamWorks Pictures .""]"	REFUTES	Is it true that Murda Beatz's real name is Marshall Mathers?	NOTENOUGHINFO	MISSING	CONTRADICTION	CONTRADICTION	3.3036317825317383	101.07275390625	4	{'retriever': 'bm25', 'topk': 5, 'reranker': True, 'prompt_edit': 'WP', 'reindex': False}	WRONG_RESPONSE_FAILURE	2	{'total_reward': 0.0, 'failure_reward': 0.0, 'faithfulness_reward': 0.0, 'prediction_reward': 0.0, 'consistency_reward': 0.0, 'latency_budget_reward': 1.0, 'vram_budget_reward': 1.0}
Murda Beatz's real name is Marshall Mathers.	The context does not provide any information about Murda Beatz's real name.	"[""Shane Lee Lindstrom ( born February 11 , 1994 ) , professionally known as Murda Beatz , is a Canadian hip hop record producer from Fort Erie , Ontario . He is noted for producing songs such as `` No Shopping '' by rapper French Montana , `` Back on Road '' by rapper Gucci Mane , Lindstrom has also produced several tracks for various artists such as Drake , Migos , Travis Scott and PartyNextDoor , among others .""
 'In 2016 , Morello , Commerford and Wilk formed a new band , Prophets of Rage , with Chuck D and B-Real .'
 ""He married Rose Edith Kelly and in 1904 they honeymooned in Cairo , Egypt , where Crowley claimed to have been contacted by a supernatural entity named Aiwass , who provided him with The Book of the Law , a sacred text that served as the basis for Thelema . Announcing the start of the Æon of Horus , The Book declared that its followers should `` Do what thou wilt '' and seek to align themselves with their True Will through the practice of magick .""
 ""Under James , the `` Golden Age '' of Elizabethan literature and drama continued , with writers such as William Shakespeare , John Donne , Ben Jonson , and Sir Francis Bacon contributing to a flourishing literary culture . James himself was a talented scholar , the author of works such as Daemonologie ( 1597 ) , The True Law of Free Monarchies ( 1598 ) , and Basilikon Doron ( 1599 ) . He sponsored the translation of the Bible that would later be named after him : the Authorised King James Version .""
 ""Dreamer is a 2005 American sports drama film written and directed by John Gatins in his directorial debut . The film stars Kurt Russell , Kris Kristofferson , Elisabeth Shue and Dakota Fanning . It is inspired by the true story of an injured Thoroughbred racehorse named Mariah 's Storm . The film premiered at the Toronto International Film Festival on September 10 , 2005 and was theatrically released on October 21 , 2005 by DreamWorks Pictures .""]"	REFUTES	Is it true that Murda Beatz's real name is Marshall Mathers?	NOTENOUGHINFO	MISSING	CONTRADICTION	CONTRADICTION	3.419689893722534	157.0732421875	1	{'retriever': 'bm25', 'topk': 5, 'reranker': False, 'prompt_edit': 'WP', 'reindex': False}	WRONG_RESPONSE_FAILURE	3	{'total_reward': 0.0, 'failure_reward': 0.0, 'faithfulness_reward': 0.0, 'prediction_reward': 0.0, 'consistency_reward': 0.0, 'latency_budget_reward': 1.0, 'vram_budget_reward': 1.0}
Murda Beatz's real name is Marshall Mathers.	The context does not provide any information about Murda Beatz's real name.	"[""Shane Lee Lindstrom ( born February 11 , 1994 ) , professionally known as Murda Beatz , is a Canadian hip hop record producer from Fort Erie , Ontario . He is noted for producing songs such as `` No Shopping '' by rapper French Montana , `` Back on Road '' by rapper Gucci Mane , Lindstrom has also produced several tracks for various artists such as Drake , Migos , Travis Scott and PartyNextDoor , among others .""
 'In 2016 , Morello , Commerford and Wilk formed a new band , Prophets of Rage , with Chuck D and B-Real .'
 ""He married Rose Edith Kelly and in 1904 they honeymooned in Cairo , Egypt , where Crowley claimed to have been contacted by a supernatural entity named Aiwass , who provided him with The Book of the Law , a sacred text that served as the basis for Thelema . Announcing the start of the Æon of Horus , The Book declared that its followers should `` Do what thou wilt '' and seek to align themselves with their True Will through the practice of magick .""
 ""Under James , the `` Golden Age '' of Elizabethan literature and drama continued , with writers such as William Shakespeare , John Donne , Ben Jonson , and Sir Francis Bacon contributing to a flourishing literary culture . James himself was a talented scholar , the author of works such as Daemonologie ( 1597 ) , The True Law of Free Monarchies ( 1598 ) , and Basilikon Doron ( 1599 ) . He sponsored the translation of the Bible that would later be named after him : the Authorised King James Version .""
 ""Dreamer is a 2005 American sports drama film written and directed by John Gatins in his directorial debut . The film stars Kurt Russell , Kris Kristofferson , Elisabeth Shue and Dakota Fanning . It is inspired by the true story of an injured Thoroughbred racehorse named Mariah 's Storm . The film premiered at the Toronto International Film Festival on September 10 , 2005 and was theatrically released on October 21 , 2005 by DreamWorks Pictures .""]"	REFUTES	Is it true that Murda Beatz's real name is Marshall Mathers?	NOTENOUGHINFO	MISSING	CONTRADICTION	CONTRADICTION	3.4071247577667236	157.0732421875	1	{'retriever': 'bm25', 'topk': 5, 'reranker': False, 'prompt_edit': 'WP', 'reindex': False}	WRONG_RESPONSE_FAILURE	4	{'total_reward': 0.0, 'failure_reward': 0.0, 'faithfulness_reward': 0.0, 'prediction_reward': 0.0, 'consistency_reward': 0.0, 'latency_budget_reward': 1.0, 'vram_budget_reward': 1.0}
Murda Beatz's real name is Marshall Mathers.	The context does not contain any information about Murda Beatz's real name.	"[""Shane Lee Lindstrom ( born February 11 , 1994 ) , professionally known as Murda Beatz , is a Canadian hip hop record producer from Fort Erie , Ontario . He is noted for producing songs such as `` No Shopping '' by rapper French Montana , `` Back on Road '' by rapper Gucci Mane , Lindstrom has also produced several tracks for various artists such as Drake , Migos , Travis Scott and PartyNextDoor , among others .""
 'In 2016 , Morello , Commerford and Wilk formed a new band , Prophets of Rage , with Chuck D and B-Real .'
 ""Dreamer is a 2005 American sports drama film written and directed by John Gatins in his directorial debut . The film stars Kurt Russell , Kris Kristofferson , Elisabeth Shue and Dakota Fanning . It is inspired by the true story of an injured Thoroughbred racehorse named Mariah 's Storm . The film premiered at the Toronto International Film Festival on September 10 , 2005 and was theatrically released on October 21 , 2005 by DreamWorks Pictures .""]"	REFUTES	Is it true that Murda Beatz's real name is Marshall Mathers?	NOTENOUGHINFO	MISSING	CONTRADICTION	CONTRADICTION	3.236661195755005	101.07275390625	4	{'retriever': 'bm25', 'topk': 5, 'reranker': True, 'prompt_edit': 'WP', 'reindex': False}	WRONG_RESPONSE_FAILURE	5	{'total_reward': 0.0, 'failure_reward': 0.0, 'faithfulness_reward': 0.0, 'prediction_reward': 0.0, 'consistency_reward': 0.0, 'latency_budget_reward': 1.0, 'vram_budget_reward': 1.0}
Nicholas Brody is a character on Homeland.	Nicholas Brody is a fictional character on the American television series Homeland.	"[""GySgt . Nicholas `` Nick '' Brody , played by actor Damian Lewis , is a fictional character on the American television series Homeland on Showtime , created by Alex Gansa and Howard Gordon . Brody was a USMC Sergeant who was held as a prisoner of war by al-Qaeda terrorists for eight years . Following his rescue and return home , Brody is hailed as a war hero and promoted to gunnery .""
 'However , a CIA officer , Carrie Mathison , suspects that Brody was turned by al-Qaeda , and tries to stop him from potentially committing a terrorist act . Between the first and second season , he was elected to Congress . In the third season , he was executed by Iranian authorities after completing a CIA plot against the Iranian Revolutionary Guard .'
 ""In June 2010 , Entertainment Weekly ranked her third in its list of the 100 Greatest Characters of the Last 20 Years . AOL named her the sixth Most Memorable Female TV Character . She was ranked at No. 5 in AfterEllen.com 's Top 50 Favorite Female TV Characters .""
 ""Rachel 's popularity established her as the show 's breakout character , who has since been named one of the greatest television characters of all-time , while the character 's second season haircut spawned an international phenomenon of its own . Named the `` Rachel '' after her , the character 's shag continues to be imitated by millions of women around the world and remains one of the most popular hairstyles in history , in spite of Aniston 's own resentment towards it . Rachel is also regarded as a style icon due to her influence on womenswear during the 1990s .""
 ""Rachel Karen Green is a fictional character , one of the six main characters who appeared in the American sitcom Friends . Portrayed by actress Jennifer Aniston , the character was created by show creators David Crane and Marta Kauffman , and appeared in each of the show 's 236 episodes during its decade-long run , from its premiere on September 22 , 1994 to its finale on May 6 , 2004 .""]"	SUPPORTS	Is Nicholas Brody a character on Homeland?	SUPPORTS	MISSING	ENTAILMENT	ENTAILMENT	2.9726479053497314	126.07861328125	0	{'retriever': 'bm25', 'topk': 5, 'reranker': False, 'prompt_edit': False, 'reindex': False}	NO_FAILURE	0	{}
Charles Manson has been proven innocent of all crimes.	The provided context does not contain any information regarding Charles Manson's legal proceedings or convictions.	"[""Charles Milles Manson ( born Charles Milles Maddox , November 12 , 1934 ) is an American criminal and former cult leader who led what became known as the Manson Family , a quasi-commune that arose in California in the late 1960s . Manson 's followers committed a series of nine murders at four locations in July and August of 1969 .""
 'At the time the Family began to form , Manson was an unemployed former convict , who had spent half of his life in correctional institutions for a variety of offenses . Before the murders , he was a singer-songwriter on the fringe of the Los Angeles music industry , chiefly through a chance association with Dennis Wilson , drummer and founding member of the Beach Boys . After Manson was charged with the crimes of which he was later convicted , recordings of songs written and performed by him were released commercially . Various musicians have covered some of his songs .'
 ""The `` eds and meds '' institutions account for roughly 45 % of Camden 's total employment . Forty percent of Camden residents are living below the national poverty line . [ 33 ] Camden had the highest crime rate in the United States in 2012 , with 2,566 violent crimes for every 100,000 people , [ 34 ] 6.6 times higher than the national average of 387 violent crimes per 100,000 citizens . [ 35 ]   Camden has historically been a stronghold of the Democratic Party .""
 ""Ingushetia is one of Russia 's poorest and most unstable regions . The military conflict in neighboring Chechnya has occasionally spilled into Ingushetia , and the republic has been destabilized by corruption , a number of high-profile crimes ( including kidnapping and murder of civilians by government security forces ) , anti-government protests , attacks on soldiers and officers , Russian military excesses and a deteriorating human rights situation .""
 'For tradition is initially remembered behavior . Once it loses its practical purpose , there is no reason for further transmission unless it has been imbued with meaning beyond the initial practicality of the action . This meaning is at the core of folkloristics , the study of folklore .   With an increasingly theoretical sophistication of the social sciences , it has become evident that folklore is a naturally occurring and necessary component of any social group , it is indeed all around us . It does not have to be old or antiquated .']"	REFUTES	Has Charles Manson ever been proven innocent of any crimes?	NOTENOUGHINFO	MISSING	CONTRADICTION	ENTAILMENT	4.415546894073486	143.4736328125	0	{'retriever': 'bm25', 'topk': 5, 'reranker': False, 'prompt_edit': False, 'reindex': False}	NO_FAILURE	0	{}
Sean Penn is only ever a stage actor.	The provided context does not contain any information about Sean Penn's involvement as a stage actor.	"['Sean Justin Penn ( born August 17 , 1960 ) is an American actor , filmmaker , and political activist . He has won two Academy Awards , for his roles in the mystery drama Mystic River ( 2003 ) and the biopic Milk ( 2008 ) .   Penn began his acting career in television with a brief appearance in episode 112 of Little House on the Prairie ( December 4 , 1974 ) , directed by his father Leo Penn. .'
 ""Horses in the subspecies caballus are domesticated , although some domesticated populations live in the wild as feral horses . These feral populations are not true wild horses , as this term is used to describe horses that have never been domesticated , such as the endangered Przewalski 's horse , a separate subspecies , and the only remaining true wild horse . There is an extensive , specialized vocabulary used to describe equine-related concepts , covering everything from anatomy to life stages , size , colors , markings , breeds , locomotion , and behavior .""
 ""Bentley has also appeared on stage and in The Bill and London 's Burning . Although he rarely makes public appearances , his public profile has been raised since Big Brothers revival on Channel 5 .""
 'Jameson announced her retirement from pornography at the 2008 AVN Awards , stating that she would never return to the industry . Although she no longer performs in pornographic films , she has been working as a webcam model since 2013 .'
 ""He has also won a Best Actor Award of the Cannes Film Festival for the Nick Cassavetes-directed She 's So Lovely ( 1997 ) , and two Best Actor Awards at the Venice Film Festival for the indie film Hurlyburly ( 1998 ) and the drama 21 Grams ( 2003 ) .   Penn made his feature film directorial debut with The Indian Runner ( 1991 ) , followed by the drama film The Crossing Guard ( 1995 ) and the mystery film The Pledge ( 2001 ) .""]"	REFUTES	Is it true that Sean Penn has never been a stage actor?	NOTENOUGHINFO	MISSING	CONTRADICTION	ENTAILMENT	3.221066951751709	129.13427734375	0	{'retriever': 'bm25', 'topk': 5, 'reranker': False, 'prompt_edit': False, 'reindex': False}	NO_FAILURE	0	{}
Don Bradman retired from soccer.	The provided context does not contain any information about Do Bradman stopping playing soccer.	"[""Bradman 's meteoric rise from bush cricket to the Australian Test team took just over two years . Before his 22nd birthday , he had set many records for top scoring , some of which still stand , and became Australia 's sporting idol at the height of the Great Depression .   During a 20-year playing career , Bradman consistently scored at a level that made him , in the words of former Australia captain Bill Woodfull , `` worth three batsmen to Australia '' .""
 ""Sir Donald George `` Don '' Bradman , AC ( 27 August 1908 -- 25 February 2001 ) , often referred to as `` The Don '' , was an Australian cricketer , widely acknowledged as the greatest batsman of all time . Bradman 's career Test batting average of 99.94 is often cited as the greatest achievement by any sportsman in any major sport .   The story that the young Bradman practised alone with a cricket stump and a golf ball is part of Australian folklore .""
 'Ashley Cole ( born 20 December 1980 ) is an English professional footballer who plays as a left-back for Los Angeles Galaxy in Major League Soccer . Cole is considered by many critics and fellow professional players as one of the best defenders of his generation , and by some , for the better part of his career , as the best left-back in the world .  Born in Stepney , London , Cole began his youth career at Arsenal and made his full debut for the club in November 1999 , going on to make 228 appearances and scoring nine goals for the North London club .'
 ""On the centenary of his birth , 27 August 2008 , the Royal Australian Mint issued a $ 5 commemorative gold coin with Bradman 's image . In 2009 , he was inducted into the ICC Cricket Hall of Fame .""
 ""Chester Bennington , the band 's lead vocalist , initially disliked this song and did n't want it to be included on Hybrid Theory .""]"	NOTENOUGHINFO	Did Do Bradman stop playing soccer?	NOTENOUGHINFO	MISSING	CONTRADICTION	ENTAILMENT	3.0112509727478027	124.8818359375	0	{'retriever': 'bm25', 'topk': 5, 'reranker': False, 'prompt_edit': False, 'reindex': False}	NO_FAILURE	0	{}
L.A. Reid has served as the CEO of Arista Records for four years.	The provided context does not contain any information about L. A. Reid's tenure at Arista Records or his role as its CEO.	"[""Antonio Marquis `` L.A. '' Reid ( born June 7 , 1956 ) is an American music executive , musician , songwriter , record producer , author and former television music competition judge . He has served as the chairman and CEO of Epic Records , a division of Sony Music Entertainment , the president and CEO of Arista Records , and the chairman and CEO of the Island Def Jam Music Group .  Reid was also the founder and CEO of Hitco Music Publishing and the co-founder of LaFace Records .""
 'David has 20 UK top 40 singles , and seven UK top 40 albums , selling over 15 million records worldwide as a solo artist .   David has been nominated for thirteen Brit Awards : four times for Best British Male , and twice received a Grammy Award nomination for Best Male Pop Vocal Performance .'
 'In 1997 , to coincide with the release of Nimrod , Armstrong founded Adeline Records in Oakland to help support other bands releasing music and signed bands such as The Frustrators , AFI and Dillinger Four . The record company has since come under the management of Pat Magnarella .'
 'He has since played for the Pacers , Phoenix Suns , Portland Trail Blazers , Miami Heat and Cavaliers . He has won three NBA championships , two with the Heat and one with the Cavaliers . In 2017 , he and teammate LeBron James reached the NBA Finals for the seventh consecutive year . Jones has never been on an NBA team with a losing record and has only missed the playoffs once -- with the Trail Blazers in 2007 -- 08 .'
 'As of November 2013 , she has reportedly sold over 33 million records ( albums , tracks , and ringtones ) in the United States and 60 million records worldwide .   Her recorded output has been curtailed since 2013 due to a legal dispute with her former producer Dr. Luke , in which a series of lawsuits ( known collectively as Kesha v. Dr. Luke ) were exchanged between the two parties . Kesha alleged physical and emotional abuse and employment discrimination against Dr. Luke , while Dr.']"	NOTENOUGHINFO	Has L. A. Reid been the CEO of Arista Records for exactly four years?	NOTENOUGHINFO	CONSISTENT	CONTRADICTION	ENTAILMENT	3.842205047607422	133.18017578125	0	{'retriever': 'bm25', 'topk': 5, 'reranker': False, 'prompt_edit': False, 'reindex': False}	NO_FAILURE	0	{}
Brad Wilk helped co-found Rage in 1962.	Wilk helped co-found Rage Against the Machine in August 1991.	"[""Bradley J. `` Brad '' Wilk ( born September 5 , 1968 ) is a musician , actor , and activist from the United States . He is best known as the drummer of the rock bands Rage Against the Machine ( 1991 -- 2000 ; 2007 -- 11 ) and Audioslave ( 2001 -- 07 ) .   Wilk started his career as a drummer for Greta in 1990 , and helped co-found Rage with Tom Morello and Zack de la Rocha in August 1991 .""
 'Rage Against the Machine ( also known as RATM or simply Rage ) is an American rock band from Los Angeles , California . Formed in 1991 , the group consists of rapper and vocalist Zack de la Rocha , bassist and backing vocalist Tim Commerford , guitarist Tom Morello , and drummer Brad Wilk . They draw inspiration from early heavy metal instrumentation , as well as hip hop acts such as Afrika Bambaataa , Public Enemy , the Beastie Boys , and Dutch crossover band Urban Dance Squad .'
 'In 2016 , Morello , Commerford and Wilk formed a new band , Prophets of Rage , with Chuck D and B-Real .'
 ""Following that band 's breakup in October 2000 Wilk , Morello , Rage Against the Machine bassist Tim Commerford , and Soundgarden front man Chris Cornell formed the supergroup Audioslave , which broke up in 2007 . As of 2016 , he is playing in the band Prophets of Rage , with Commerford , Morello , Chuck D , B-Real and DJ Lord .   Wilk has also performed drums on English metal band Black Sabbath 's final album 13 .""
 ""Stephen ( or Stephan ) Gary Wozniak ( [ ˈwɒzniæk ] , born August 11 , 1950 ) , nicknamed `` Woz '' , is an American inventor , electronics engineer , programmer , philanthropist , and technology entrepreneur who co-founded Apple Inc. . He is known as a pioneer of the personal computer revolution of the 1970s and 1980s , along with Apple co-founder Steve Jobs .""]"	REFUTES	Did Brad Wilk help co-found Rage in 1962?	REFUTES	CONSISTENT	CONTRADICTION	ENTAILMENT	3.3584792613983154	144.7587890625	0	{'retriever': 'bm25', 'topk': 5, 'reranker': False, 'prompt_edit': False, 'reindex': False}	NO_FAILURE	0	{}
CBS is the network that aired The Millers.	The provided context does not contain any information about CBS airing The Millers.	"[""The Millers is an American sitcom that was created by Greg Garcia and stars Will Arnett as Nathan Miller and Margo Martindale as Carol Miller . The multi-camera series aired from October 3 , 2013 to July 18 , 2015 and ran 34 episodes over two seasons on CBS .   CBS announced the cancellation of The Millers on November 14 , 2014 , four episodes into the show 's second season . The series filmed their final episode on November 17 , 2014 .""
 ""With the current climate of how television shows are written and produced , The Good Wife is considered by several critics to be network television 's last great drama producing a full 22 episode season while other and future acclaimed shows are in favor of shorter 6 -- 12 episode seasons . CBS announced in a promo aired during Super Bowl 50 , on February 7 , 2016 , that the show was ending with its seventh season . The final episode aired on May 8 , 2016 .""
 ""The Good Wife is an American legal and political drama television series that aired on CBS from September 22 , 2009 , to May 8 , 2016 . The series focuses on Alicia Florrick , the wife of the Cook County State 's Attorney , who returns to her career in law after the events of a public sex and political corruption scandal involving her husband .""
 'Sean Teale , Jamie Chung , Coby Bell , Emma Dumont , Blair Redford , Natalie Alyn Lind , and Percy Hynes White also star in the show . The series received a put pilot commitment at Fox after a previous attempted X-Men series did not move forward at the network in 2016 ; The Gifted was ordered to series in May 2017 .   The Gifted will air during the 2017 -- 18 television season .'
 ""Chester Bennington , the band 's lead vocalist , initially disliked this song and did n't want it to be included on Hybrid Theory .""]"	SUPPORTS	Did CBS air The Millers?	NOTENOUGHINFO	CONSISTENT	ENTAILMENT	CONTRADICTION	2.997304916381836	129.654296875	0	{'retriever': 'bm25', 'topk': 5, 'reranker': False, 'prompt_edit': False, 'reindex': False}	WRONG_RESPONSE_FAILURE	0	{}
CBS is the network that aired The Millers.	The provided context does not contain any information about CBS airing The Millers.	"[""The Millers is an American sitcom that was created by Greg Garcia and stars Will Arnett as Nathan Miller and Margo Martindale as Carol Miller . The multi-camera series aired from October 3 , 2013 to July 18 , 2015 and ran 34 episodes over two seasons on CBS .   CBS announced the cancellation of The Millers on November 14 , 2014 , four episodes into the show 's second season . The series filmed their final episode on November 17 , 2014 .""
 ""With the current climate of how television shows are written and produced , The Good Wife is considered by several critics to be network television 's last great drama producing a full 22 episode season while other and future acclaimed shows are in favor of shorter 6 -- 12 episode seasons . CBS announced in a promo aired during Super Bowl 50 , on February 7 , 2016 , that the show was ending with its seventh season . The final episode aired on May 8 , 2016 .""
 ""The Good Wife is an American legal and political drama television series that aired on CBS from September 22 , 2009 , to May 8 , 2016 . The series focuses on Alicia Florrick , the wife of the Cook County State 's Attorney , who returns to her career in law after the events of a public sex and political corruption scandal involving her husband .""
 'Sean Teale , Jamie Chung , Coby Bell , Emma Dumont , Blair Redford , Natalie Alyn Lind , and Percy Hynes White also star in the show . The series received a put pilot commitment at Fox after a previous attempted X-Men series did not move forward at the network in 2016 ; The Gifted was ordered to series in May 2017 .   The Gifted will air during the 2017 -- 18 television season .'
 ""Chester Bennington , the band 's lead vocalist , initially disliked this song and did n't want it to be included on Hybrid Theory .""]"	SUPPORTS	Did CBS air The Millers?	NOTENOUGHINFO	CONSISTENT	ENTAILMENT	CONTRADICTION	2.9583680629730225	135.9384765625	2	{'retriever': 'bm25', 'topk': 5, 'reranker': False, 'prompt_edit': 'WR', 'reindex': False}	WRONG_RESPONSE_FAILURE	1	{'total_reward': 1.0, 'failure_reward': 0.0, 'faithfulness_reward': 0.0, 'prediction_reward': 0.0, 'consistency_reward': 1.0, 'latency_budget_reward': 1.0, 'vram_budget_reward': 1.0}
CBS is the network that aired The Millers.	The context does not contain any information about CBS airing The Millers.	"[""The Millers is an American sitcom that was created by Greg Garcia and stars Will Arnett as Nathan Miller and Margo Martindale as Carol Miller . The multi-camera series aired from October 3 , 2013 to July 18 , 2015 and ran 34 episodes over two seasons on CBS .   CBS announced the cancellation of The Millers on November 14 , 2014 , four episodes into the show 's second season . The series filmed their final episode on November 17 , 2014 .""
 ""With the current climate of how television shows are written and produced , The Good Wife is considered by several critics to be network television 's last great drama producing a full 22 episode season while other and future acclaimed shows are in favor of shorter 6 -- 12 episode seasons . CBS announced in a promo aired during Super Bowl 50 , on February 7 , 2016 , that the show was ending with its seventh season . The final episode aired on May 8 , 2016 .""
 'Sean Teale , Jamie Chung , Coby Bell , Emma Dumont , Blair Redford , Natalie Alyn Lind , and Percy Hynes White also star in the show . The series received a put pilot commitment at Fox after a previous attempted X-Men series did not move forward at the network in 2016 ; The Gifted was ordered to series in May 2017 .   The Gifted will air during the 2017 -- 18 television season .']"	SUPPORTS	Did CBS air The Millers?	NOTENOUGHINFO	CONSISTENT	ENTAILMENT	CONTRADICTION	2.865372896194458	115.86767578125	4	{'retriever': 'bm25', 'topk': 5, 'reranker': True, 'prompt_edit': 'WP', 'reindex': False}	WRONG_RESPONSE_FAILURE	2	{'total_reward': 1.0, 'failure_reward': 0.0, 'faithfulness_reward': 0.0, 'prediction_reward': 0.0, 'consistency_reward': 1.0, 'latency_budget_reward': 1.0, 'vram_budget_reward': 1.0}
CBS is the network that aired The Millers.	The provided context does not contain any information about CBS airing The Millers.	"[""The Millers is an American sitcom that was created by Greg Garcia and stars Will Arnett as Nathan Miller and Margo Martindale as Carol Miller . The multi-camera series aired from October 3 , 2013 to July 18 , 2015 and ran 34 episodes over two seasons on CBS .   CBS announced the cancellation of The Millers on November 14 , 2014 , four episodes into the show 's second season . The series filmed their final episode on November 17 , 2014 .""
 ""With the current climate of how television shows are written and produced , The Good Wife is considered by several critics to be network television 's last great drama producing a full 22 episode season while other and future acclaimed shows are in favor of shorter 6 -- 12 episode seasons . CBS announced in a promo aired during Super Bowl 50 , on February 7 , 2016 , that the show was ending with its seventh season . The final episode aired on May 8 , 2016 .""
 ""The Good Wife is an American legal and political drama television series that aired on CBS from September 22 , 2009 , to May 8 , 2016 . The series focuses on Alicia Florrick , the wife of the Cook County State 's Attorney , who returns to her career in law after the events of a public sex and political corruption scandal involving her husband .""
 'Sean Teale , Jamie Chung , Coby Bell , Emma Dumont , Blair Redford , Natalie Alyn Lind , and Percy Hynes White also star in the show . The series received a put pilot commitment at Fox after a previous attempted X-Men series did not move forward at the network in 2016 ; The Gifted was ordered to series in May 2017 .   The Gifted will air during the 2017 -- 18 television season .'
 ""Chester Bennington , the band 's lead vocalist , initially disliked this song and did n't want it to be included on Hybrid Theory .""]"	SUPPORTS	Did CBS air The Millers?	NOTENOUGHINFO	CONSISTENT	ENTAILMENT	CONTRADICTION	3.2807343006134033	135.9384765625	2	{'retriever': 'bm25', 'topk': 5, 'reranker': False, 'prompt_edit': 'WR', 'reindex': False}	WRONG_RESPONSE_FAILURE	3	{'total_reward': 1.0, 'failure_reward': 0.0, 'faithfulness_reward': 0.0, 'prediction_reward': 0.0, 'consistency_reward': 1.0, 'latency_budget_reward': 1.0, 'vram_budget_reward': 1.0}
CBS is the network that aired The Millers.	The context does not contain any information about CBS airing The Millers.	"[""The Millers is an American sitcom that was created by Greg Garcia and stars Will Arnett as Nathan Miller and Margo Martindale as Carol Miller . The multi-camera series aired from October 3 , 2013 to July 18 , 2015 and ran 34 episodes over two seasons on CBS .   CBS announced the cancellation of The Millers on November 14 , 2014 , four episodes into the show 's second season . The series filmed their final episode on November 17 , 2014 .""
 ""With the current climate of how television shows are written and produced , The Good Wife is considered by several critics to be network television 's last great drama producing a full 22 episode season while other and future acclaimed shows are in favor of shorter 6 -- 12 episode seasons . CBS announced in a promo aired during Super Bowl 50 , on February 7 , 2016 , that the show was ending with its seventh season . The final episode aired on May 8 , 2016 .""
 'Sean Teale , Jamie Chung , Coby Bell , Emma Dumont , Blair Redford , Natalie Alyn Lind , and Percy Hynes White also star in the show . The series received a put pilot commitment at Fox after a previous attempted X-Men series did not move forward at the network in 2016 ; The Gifted was ordered to series in May 2017 .   The Gifted will air during the 2017 -- 18 television season .']"	SUPPORTS	Did CBS air The Millers?	NOTENOUGHINFO	CONSISTENT	ENTAILMENT	CONTRADICTION	3.490830183029175	115.86767578125	4	{'retriever': 'bm25', 'topk': 5, 'reranker': True, 'prompt_edit': 'WP', 'reindex': False}	WRONG_RESPONSE_FAILURE	4	{'total_reward': 1.0, 'failure_reward': 0.0, 'faithfulness_reward': 0.0, 'prediction_reward': 0.0, 'consistency_reward': 1.0, 'latency_budget_reward': 1.0, 'vram_budget_reward': 1.0}
CBS is the network that aired The Millers.	The provided context does not contain any information about CBS airing The Millers.	"[""The Millers is an American sitcom that was created by Greg Garcia and stars Will Arnett as Nathan Miller and Margo Martindale as Carol Miller . The multi-camera series aired from October 3 , 2013 to July 18 , 2015 and ran 34 episodes over two seasons on CBS .   CBS announced the cancellation of The Millers on November 14 , 2014 , four episodes into the show 's second season . The series filmed their final episode on November 17 , 2014 .""
 ""With the current climate of how television shows are written and produced , The Good Wife is considered by several critics to be network television 's last great drama producing a full 22 episode season while other and future acclaimed shows are in favor of shorter 6 -- 12 episode seasons . CBS announced in a promo aired during Super Bowl 50 , on February 7 , 2016 , that the show was ending with its seventh season . The final episode aired on May 8 , 2016 .""
 ""The Good Wife is an American legal and political drama television series that aired on CBS from September 22 , 2009 , to May 8 , 2016 . The series focuses on Alicia Florrick , the wife of the Cook County State 's Attorney , who returns to her career in law after the events of a public sex and political corruption scandal involving her husband .""
 'Sean Teale , Jamie Chung , Coby Bell , Emma Dumont , Blair Redford , Natalie Alyn Lind , and Percy Hynes White also star in the show . The series received a put pilot commitment at Fox after a previous attempted X-Men series did not move forward at the network in 2016 ; The Gifted was ordered to series in May 2017 .   The Gifted will air during the 2017 -- 18 television season .'
 ""Chester Bennington , the band 's lead vocalist , initially disliked this song and did n't want it to be included on Hybrid Theory .""]"	SUPPORTS	Did CBS air The Millers?	NOTENOUGHINFO	CONSISTENT	ENTAILMENT	CONTRADICTION	4.105696201324463	129.654296875	0	{'retriever': 'bm25', 'topk': 5, 'reranker': False, 'prompt_edit': False, 'reindex': False}	WRONG_RESPONSE_FAILURE	5	{'total_reward': 1.0, 'failure_reward': 0.0, 'faithfulness_reward': 0.0, 'prediction_reward': 0.0, 'consistency_reward': 1.0, 'latency_budget_reward': 1.0, 'vram_budget_reward': 1.0}
Annette Badland was in the 2015 NBA Finals.	The provided context does not contain any information about Annette Badland's participation in the 2015 NBA Finals.	"[""Johnson retired abruptly in 1991 after announcing that he had contracted HIV , but returned to play in the 1992 All-Star Game , winning the All-Star MVP Award . After protests from his fellow players , he retired again for four years , but returned in 1996 , at age 36 , to play 32 games for the Lakers before retiring for the third and final time .   Johnson 's career achievements include three NBA MVP Awards , nine NBA Finals appearances , twelve All-Star games , and ten All-NBA First and Second Team nominations .""
 ""Annette Badland ( born 26 August 1949 ) is an English actress known for a wide range of roles on TV , radio and film . She has played Margaret Blaine in the BBC science fiction series Doctor Who , Doomsday Dora in The Sparticle Mystery , Birdie Henshall in the drama series Cutting It , Mavis in season 6 of Skins , Ursula Crowe in children 's science fiction/fantasy series Wizards vs Aliens , and Babe Smith in soap opera EastEnders . Badland plays Hazel Woolley in BBC Radio The Archers .""
 'He has since played for the Pacers , Phoenix Suns , Portland Trail Blazers , Miami Heat and Cavaliers . He has won three NBA championships , two with the Heat and one with the Cavaliers . In 2017 , he and teammate LeBron James reached the NBA Finals for the seventh consecutive year . Jones has never been on an NBA team with a losing record and has only missed the playoffs once -- with the Trail Blazers in 2007 -- 08 .'
 ""He led the league in regular-season assists four times , and is the NBA 's all-time leader in average assists per game , at 11.2 . Johnson was a member of the 1992 United States men 's Olympic basketball team ( `` The Dream Team '' ) , which won the Olympic gold medal in 1992 . After leaving the NBA in 1992 , Johnson formed the Magic Johnson All-Stars , a barnstorming team that travelled around the world playing exhibition games .""
 ""Johnson was honored as one of the 50 Greatest Players in NBA History in 1996 .   Johnson became a two-time inductee into the Basketball Hall of Fame -- being enshrined in 2002 for his individual career , and again in 2010 as a member of the `` Dream Team '' . He was rated the greatest NBA point guard of all time by ESPN in 2007 . His friendship and rivalry with Boston Celtics star Larry Bird , whom he faced in the 1979 NCAA finals and three NBA championship series , are well documented .""]"	NOTENOUGHINFO	Was Annette Badland part of the team that played in the 2015 NBA Finals?	NOTENOUGHINFO	MISSING	CONTRADICTION	ENTAILMENT	5.56671142578125	166.55322265625	0	{'retriever': 'bm25', 'topk': 5, 'reranker': False, 'prompt_edit': False, 'reindex': False}	NO_FAILURE	0	{}
Edgar Wright is a person.	Edgar Wright is described as an English director, screenwriter, producer, and actor.	"[""Edgar Howard Wright ( born 18 April 1974 ) is an English director , screenwriter , producer , and actor . He is best known for his comedic Three Flavours Cornetto film trilogy consisting of Shaun of the Dead ( 2004 ) , Hot Fuzz ( 2007 ) , and The World 's End ( 2013 ) , made with recurrent collaborators Simon Pegg , Nira Park and Nick Frost . He also collaborated with them as the director of the television series Spaced .""
 ""He also collaborated with them as the director of the television series Spaced .   He also co-wrote , produced and directed the 2010 film Scott Pilgrim vs. the World . Along with his friends Joe Cornish and Steven Moffat , he co-wrote Steven Spielberg 's The Adventures of Tintin : The Secret of the Unicorn . Wright and Cornish co-wrote the screenplay for the Marvel Studios film Ant-Man , which Wright was intended to direct before departing the project .""
 ""Horses in the subspecies caballus are domesticated , although some domesticated populations live in the wild as feral horses . These feral populations are not true wild horses , as this term is used to describe horses that have never been domesticated , such as the endangered Przewalski 's horse , a separate subspecies , and the only remaining true wild horse . There is an extensive , specialized vocabulary used to describe equine-related concepts , covering everything from anatomy to life stages , size , colors , markings , breeds , locomotion , and behavior .""
 ""The system analyzes the person 's specific voice and uses it to fine-tune the recognition of that person 's speech , resulting in increased accuracy . Systems that do not use training are called `` speaker independent '' systems . Systems that use training are called `` speaker dependent '' .   Speech recognition applications include voice user interfaces such as voice dialing ( e.g. `` Call home '' ) , call routing ( e.g. `` I would like to make a collect call '' ) , domotic appliance control , search ( e.g.""
 ""This results in difficulty speaking , swallowing , and eventually breathing .   The cause is not known in 90 % to 95 % of cases . About 5 -- 10 % of cases are inherited from a person 's parents . About half of these genetic cases are due to one of two specific genes . The diagnosis is based on a person 's signs and symptoms with testing done to rule out other potential causes .   No cure for ALS is known . A medication called riluzole may extend life by about two to three months .""]"	SUPPORTS	Is it true that Edgar Wright is a person?	SUPPORTS	MISSING	ENTAILMENT	ENTAILMENT	4.343672275543213	154.8583984375	0	{'retriever': 'bm25', 'topk': 5, 'reranker': False, 'prompt_edit': False, 'reindex': False}	NO_FAILURE	0	{}
Ann Richards was professionally involved in politics.	Ann Richards was the 45th Governor of Texas from 1991 to 1995.	"['Dorothy Ann Willis Richards ( September 1 , 1933 -- September 13 , 2006 ) was an American politician and the 45th Governor of Texas from 1991 to 1995 . A Democrat , she first came to national attention as the state treasurer of Texas , when she delivered the keynote address at the 1988 Democratic National Convention . Richards served as the 45th Governor of Texas from 1991 to 1995 and was defeated for re-election in 1994 by George W. Bush .'
 ""She was informally known as `` May '' , after her birth month . At the age of 24 , she was betrothed to Prince Albert Victor , Duke of Clarence and Avondale , the eldest son of the Prince of Wales , but six weeks after the announcement of the engagement , he died unexpectedly of pneumonia . The following year , she became engaged to Albert Victor 's next surviving brother , George , who subsequently became king . Before her husband 's accession , she was successively Duchess of York , Duchess of Cornwall , and Princess of Wales .""
 ""Moreover , Renzi is nicknamed il Rottamatore ( the Scrapper ) due to his ambition of renovating the Italian political establishment .   While in power Renzi 's Government implemented numerous reforms , including changes to the electoral system , a relaxation of labour and employment laws with the intention of boosting economic growth , a thorough reformation of the public administration , the simplification of civil trials , the introduction of same-sex civil unions , and the abolition of many small taxes .""
 ""In addition to his film work , Penn is known for his political and social activism , including his criticism of the George W. Bush administration , his contact with the Presidents of Cuba and Venezuela , and his humanitarian work in the aftermath of Hurricane Katrina ( 2005 ) and the 2010 Haiti earthquake . In January 2016 , Penn published an interview ( conducted in October 2015 ) with Mexican drug lord Joaquín `` El Chapo '' Guzmán in Rolling Stone .""
 ""The following year , Caroline , her mother , and brother settled on the Upper East Side of Manhattan , where she attended school . Kennedy graduated from Radcliffe College and worked at Manhattan 's Metropolitan Museum of Art , where she met her future husband , exhibit designer Edwin Schlossberg . She went on to receive a J.D. degree from Columbia Law School . Most of Kennedy 's professional life has spanned law and politics , as well as education reform and charitable work .""]"	SUPPORTS	Was Ann Richards ever employed or engaged in political activities professionally?	SUPPORTS	MISSING	ENTAILMENT	ENTAILMENT	4.580074310302734	154.20263671875	0	{'retriever': 'bm25', 'topk': 5, 'reranker': False, 'prompt_edit': False, 'reindex': False}	NO_FAILURE	0	{}
Drake Bell put out an EP.	Drake Bell released an EP in 2011 called A Reminder.	"['It debuted at # 81 on the Top 100 Mexican Albums Chart . Bell released an EP in 2011 called A Reminder independently . In 2014 , Bell released his third album , Ready Steady Go ! under indie label Surfdog Records . Ready Steady Go ! debuted at # 182 on the Billboard 200 , and sold 2,000 copies in its first week of release .'
 ""In 2005 he independently released his debut album , Telegraph , released under Bell 's own name . His second album , It 's Only Time , was released in 2006 after signing with Universal Motown Records and debuted at # 81 on the Billboard 200 , selling over 23,000 copies its first week of release . It 's Only Time has sold 178,000 copies in the United States as of 2012 . His first video album , Drake Bell In Concert , was released in 2008 .""
 ""Not to be confused with the Canadian musician , Drake .   Jared Drake Bell ( born June 27 , 1986 ) is an American actor , voice actor , and musician . Born in Newport Beach , California , he began his career as an actor in the early 1990s at the age of five with his first televised appearance on Home Improvement . Bell also appeared in several commercials , such as one for Pokémon Red and Blue , but is best known for his starring roles on Nickelodeon 's The Amanda Show , and its spin-off , Drake & Josh .""
 ""Bell starred in a trilogy of The Fairly OddParents movies on Nickelodeon . Bell was the voice of Peter Parker / Spider-Man in the animated series Ultimate Spider-Man on Disney XD . He appeared on ABC 's reality TV series Splash .   In addition to acting , Bell has a career in music starting in the early 2000s , at the time of his appearances on The Amanda Show , with a band named Drake 24/7 . He also co-wrote and performed the theme song to Drake & Josh , entitled `` Found a Way . ''""
 'Sean Teale , Jamie Chung , Coby Bell , Emma Dumont , Blair Redford , Natalie Alyn Lind , and Percy Hynes White also star in the show . The series received a put pilot commitment at Fox after a previous attempted X-Men series did not move forward at the network in 2016 ; The Gifted was ordered to series in May 2017 .   The Gifted will air during the 2017 -- 18 television season .']"	SUPPORTS	Did Drake Bell release an EP?	SUPPORTS	MISSING	CONTRADICTION	NEUTRAL	3.81315541267395	158.4111328125	0	{'retriever': 'bm25', 'topk': 5, 'reranker': False, 'prompt_edit': False, 'reindex': False}	WRONG_RESPONSE_FAILURE	0	{}
Drake Bell put out an EP.	Drake Bell released an EP in 2011 called A Reminder.	"['It debuted at # 81 on the Top 100 Mexican Albums Chart . Bell released an EP in 2011 called A Reminder independently . In 2014 , Bell released his third album , Ready Steady Go ! under indie label Surfdog Records . Ready Steady Go ! debuted at # 182 on the Billboard 200 , and sold 2,000 copies in its first week of release .'
 ""In 2005 he independently released his debut album , Telegraph , released under Bell 's own name . His second album , It 's Only Time , was released in 2006 after signing with Universal Motown Records and debuted at # 81 on the Billboard 200 , selling over 23,000 copies its first week of release . It 's Only Time has sold 178,000 copies in the United States as of 2012 . His first video album , Drake Bell In Concert , was released in 2008 .""
 ""Not to be confused with the Canadian musician , Drake .   Jared Drake Bell ( born June 27 , 1986 ) is an American actor , voice actor , and musician . Born in Newport Beach , California , he began his career as an actor in the early 1990s at the age of five with his first televised appearance on Home Improvement . Bell also appeared in several commercials , such as one for Pokémon Red and Blue , but is best known for his starring roles on Nickelodeon 's The Amanda Show , and its spin-off , Drake & Josh .""
 ""Bell starred in a trilogy of The Fairly OddParents movies on Nickelodeon . Bell was the voice of Peter Parker / Spider-Man in the animated series Ultimate Spider-Man on Disney XD . He appeared on ABC 's reality TV series Splash .   In addition to acting , Bell has a career in music starting in the early 2000s , at the time of his appearances on The Amanda Show , with a band named Drake 24/7 . He also co-wrote and performed the theme song to Drake & Josh , entitled `` Found a Way . ''""
 'Sean Teale , Jamie Chung , Coby Bell , Emma Dumont , Blair Redford , Natalie Alyn Lind , and Percy Hynes White also star in the show . The series received a put pilot commitment at Fox after a previous attempted X-Men series did not move forward at the network in 2016 ; The Gifted was ordered to series in May 2017 .   The Gifted will air during the 2017 -- 18 television season .']"	SUPPORTS	Did Drake Bell release an EP?	SUPPORTS	MISSING	CONTRADICTION	NEUTRAL	3.838632345199585	166.00390625	2	{'retriever': 'bm25', 'topk': 5, 'reranker': False, 'prompt_edit': 'WR', 'reindex': False}	WRONG_RESPONSE_FAILURE	1	{'total_reward': 1.0, 'failure_reward': 0.0, 'faithfulness_reward': 0.0, 'prediction_reward': 1.0, 'consistency_reward': 0.0, 'latency_budget_reward': 1.0, 'vram_budget_reward': 1.0}
Drake Bell put out an EP.	Bell released an EP in 2011 called A Reminder.	"['It debuted at # 81 on the Top 100 Mexican Albums Chart . Bell released an EP in 2011 called A Reminder independently . In 2014 , Bell released his third album , Ready Steady Go ! under indie label Surfdog Records . Ready Steady Go ! debuted at # 182 on the Billboard 200 , and sold 2,000 copies in its first week of release .'
 ""In 2005 he independently released his debut album , Telegraph , released under Bell 's own name . His second album , It 's Only Time , was released in 2006 after signing with Universal Motown Records and debuted at # 81 on the Billboard 200 , selling over 23,000 copies its first week of release . It 's Only Time has sold 178,000 copies in the United States as of 2012 . His first video album , Drake Bell In Concert , was released in 2008 .""
 ""Not to be confused with the Canadian musician , Drake .   Jared Drake Bell ( born June 27 , 1986 ) is an American actor , voice actor , and musician . Born in Newport Beach , California , he began his career as an actor in the early 1990s at the age of five with his first televised appearance on Home Improvement . Bell also appeared in several commercials , such as one for Pokémon Red and Blue , but is best known for his starring roles on Nickelodeon 's The Amanda Show , and its spin-off , Drake & Josh .""]"	SUPPORTS	Did Drake Bell release an EP?	SUPPORTS	MISSING	CONTRADICTION	NEUTRAL	3.70002818107605	101.2744140625	3	{'retriever': 'bm25', 'topk': 5, 'reranker': True, 'prompt_edit': False, 'reindex': False}	WRONG_RESPONSE_FAILURE	2	{'total_reward': 1.0, 'failure_reward': 0.0, 'faithfulness_reward': 0.0, 'prediction_reward': 1.0, 'consistency_reward': 0.0, 'latency_budget_reward': 1.0, 'vram_budget_reward': 1.0}
Drake Bell put out an EP.	Drake Bell released an EP in 2011 called A Reminder.	"['It debuted at # 81 on the Top 100 Mexican Albums Chart . Bell released an EP in 2011 called A Reminder independently . In 2014 , Bell released his third album , Ready Steady Go ! under indie label Surfdog Records . Ready Steady Go ! debuted at # 182 on the Billboard 200 , and sold 2,000 copies in its first week of release .'
 ""In 2005 he independently released his debut album , Telegraph , released under Bell 's own name . His second album , It 's Only Time , was released in 2006 after signing with Universal Motown Records and debuted at # 81 on the Billboard 200 , selling over 23,000 copies its first week of release . It 's Only Time has sold 178,000 copies in the United States as of 2012 . His first video album , Drake Bell In Concert , was released in 2008 .""
 ""Not to be confused with the Canadian musician , Drake .   Jared Drake Bell ( born June 27 , 1986 ) is an American actor , voice actor , and musician . Born in Newport Beach , California , he began his career as an actor in the early 1990s at the age of five with his first televised appearance on Home Improvement . Bell also appeared in several commercials , such as one for Pokémon Red and Blue , but is best known for his starring roles on Nickelodeon 's The Amanda Show , and its spin-off , Drake & Josh .""
 ""Bell starred in a trilogy of The Fairly OddParents movies on Nickelodeon . Bell was the voice of Peter Parker / Spider-Man in the animated series Ultimate Spider-Man on Disney XD . He appeared on ABC 's reality TV series Splash .   In addition to acting , Bell has a career in music starting in the early 2000s , at the time of his appearances on The Amanda Show , with a band named Drake 24/7 . He also co-wrote and performed the theme song to Drake & Josh , entitled `` Found a Way . ''""
 'Sean Teale , Jamie Chung , Coby Bell , Emma Dumont , Blair Redford , Natalie Alyn Lind , and Percy Hynes White also star in the show . The series received a put pilot commitment at Fox after a previous attempted X-Men series did not move forward at the network in 2016 ; The Gifted was ordered to series in May 2017 .   The Gifted will air during the 2017 -- 18 television season .']"	SUPPORTS	Did Drake Bell release an EP?	SUPPORTS	MISSING	CONTRADICTION	NEUTRAL	3.942746639251709	177.98779296875	1	{'retriever': 'bm25', 'topk': 5, 'reranker': False, 'prompt_edit': 'WP', 'reindex': False}	WRONG_RESPONSE_FAILURE	3	{'total_reward': 1.0, 'failure_reward': 0.0, 'faithfulness_reward': 0.0, 'prediction_reward': 1.0, 'consistency_reward': 0.0, 'latency_budget_reward': 1.0, 'vram_budget_reward': 1.0}
Drake Bell put out an EP.	Bell released an EP in 2011 called A Reminder.	"['It debuted at # 81 on the Top 100 Mexican Albums Chart . Bell released an EP in 2011 called A Reminder independently . In 2014 , Bell released his third album , Ready Steady Go ! under indie label Surfdog Records . Ready Steady Go ! debuted at # 182 on the Billboard 200 , and sold 2,000 copies in its first week of release .'
 ""In 2005 he independently released his debut album , Telegraph , released under Bell 's own name . His second album , It 's Only Time , was released in 2006 after signing with Universal Motown Records and debuted at # 81 on the Billboard 200 , selling over 23,000 copies its first week of release . It 's Only Time has sold 178,000 copies in the United States as of 2012 . His first video album , Drake Bell In Concert , was released in 2008 .""
 ""Not to be confused with the Canadian musician , Drake .   Jared Drake Bell ( born June 27 , 1986 ) is an American actor , voice actor , and musician . Born in Newport Beach , California , he began his career as an actor in the early 1990s at the age of five with his first televised appearance on Home Improvement . Bell also appeared in several commercials , such as one for Pokémon Red and Blue , but is best known for his starring roles on Nickelodeon 's The Amanda Show , and its spin-off , Drake & Josh .""]"	SUPPORTS	Did Drake Bell release an EP?	SUPPORTS	MISSING	CONTRADICTION	NEUTRAL	2.966066598892212	107.92822265625	5	{'retriever': 'bm25', 'topk': 5, 'reranker': True, 'prompt_edit': 'WR', 'reindex': False}	WRONG_RESPONSE_FAILURE	4	{'total_reward': 1.0, 'failure_reward': 0.0, 'faithfulness_reward': 0.0, 'prediction_reward': 1.0, 'consistency_reward': 0.0, 'latency_budget_reward': 1.0, 'vram_budget_reward': 1.0}
Drake Bell put out an EP.	Bell released an EP in 2011 called A Reminder.	"['It debuted at # 81 on the Top 100 Mexican Albums Chart . Bell released an EP in 2011 called A Reminder independently . In 2014 , Bell released his third album , Ready Steady Go ! under indie label Surfdog Records . Ready Steady Go ! debuted at # 182 on the Billboard 200 , and sold 2,000 copies in its first week of release .'
 ""In 2005 he independently released his debut album , Telegraph , released under Bell 's own name . His second album , It 's Only Time , was released in 2006 after signing with Universal Motown Records and debuted at # 81 on the Billboard 200 , selling over 23,000 copies its first week of release . It 's Only Time has sold 178,000 copies in the United States as of 2012 . His first video album , Drake Bell In Concert , was released in 2008 .""
 ""Not to be confused with the Canadian musician , Drake .   Jared Drake Bell ( born June 27 , 1986 ) is an American actor , voice actor , and musician . Born in Newport Beach , California , he began his career as an actor in the early 1990s at the age of five with his first televised appearance on Home Improvement . Bell also appeared in several commercials , such as one for Pokémon Red and Blue , but is best known for his starring roles on Nickelodeon 's The Amanda Show , and its spin-off , Drake & Josh .""]"	SUPPORTS	Did Drake Bell release an EP?	SUPPORTS	MISSING	CONTRADICTION	NEUTRAL	2.7723708152770996	116.53759765625	4	{'retriever': 'bm25', 'topk': 5, 'reranker': True, 'prompt_edit': 'WP', 'reindex': False}	WRONG_RESPONSE_FAILURE	5	{'total_reward': 1.0, 'failure_reward': 0.0, 'faithfulness_reward': 0.0, 'prediction_reward': 1.0, 'consistency_reward': 0.0, 'latency_budget_reward': 1.0, 'vram_budget_reward': 1.0}
Janet Leigh was incapable of writing.	The provided context does not contain any information about Janet Leigh's ability to write.	"['Janet Leigh ( born Jeanette Helen Morrison ; July 6 , 1927 -- October 3 , 2004 ) was an American actress , singer , dancer and author . She is best remembered for her performance in Psycho , for which she was awarded the Golden Globe Award for Best Supporting Actress and received an Academy Award nomination . She was the first wife of actor Tony Curtis and the mother of Kelly Curtis and Jamie Lee Curtis .   Discovered by actress Norma Shearer , Leigh made her acting debut on radio in 1946 and secured a contract with MGM the following year .'
 ""`` Rhythm Nation '' is a song by American singer Janet Jackson , released as the second single from her fourth studio album Janet Jackson 's Rhythm Nation 1814 ( 1989 ) . It was written and produced by Jackson , in collaboration with James `` Jimmy Jam '' Harris III and Terrence `` Terry '' Lewis . Jackson developed the song 's concept in response to various tragedies in the media , deciding to pursue a socially conscious theme by using a political standpoint within upbeat dance music .""
 'A collection of his writings , Blues & Chaos : The Music Writing of Robert Palmer , edited by Anthony DeCurtis , was published by Simon & Schuster on November 10 , 2009 .'
 'Saw is an American horror franchise distributed by Lions Gate Entertainment , produced by Twisted Pictures and created by two Australians , director James Wan and screenwriter Leigh Whannell , that consists of seven feature films and additional media . In 2003 , James Wan and Leigh Whannell created a short film to help pitch as a potential feature film . This was successfully done in 2004 with the release of the first installment at the Sundance Film Festival . It was released theatrically that October .'
 'Leigh died in 2004 at age 77 , following a year-long battle with vasculitis , an inflammation of the blood vessels . Among her survivors was her husband of 42 years , Robert Brandt .']"	REFUTES	Was Janet Leigh unable to write?	NOTENOUGHINFO	MISSING	CONTRADICTION	ENTAILMENT	3.2979257106781006	128.74609375	0	{'retriever': 'bm25', 'topk': 5, 'reranker': False, 'prompt_edit': False, 'reindex': False}	NO_FAILURE	0	{}
Simón Bolívar is only known as Simón Bolívar.	The provided context does not contain any information about Simón Bolívar's nickname or how widely he is known.	"['Simón José Antonio de la Santísima Trinidad Bolívar y Palacios ( [ siˈmon boˈliβar ] ; 24 July 1783 -- 17 December 1830 ) , known as El Libertador , was a Venezuelan military and political leader who played a leading role in the establishment of Venezuela , Bolivia , Colombia , Ecuador , Peru and Panama as sovereign states , independent of Spanish rule .'
 ""At the end of his life , Bolívar despaired of the situation in the region , with the famous quote `` all who served the revolution have plowed the sea '' . Earlier , in an address to the Constituent Congress of the Republic of Colombia , Bolívar stated `` Fellow citizens ! I blush to say this : Independence is the only benefit we have acquired , to the detriment of all the rest . ''""
 'He aimed at a strong and united Spanish America able to cope not only with the threats emanating from Spain and the European Holy Alliance but also with the emerging power of the United States . At the peak of his power , Bolívar ruled over a vast territory from the Argentine border to the Caribbean Sea .   Bolívar is , along with Argentine General José de San Martín , considered one of the great heroes of the Hispanic independence movements of the early 19th century .'
 'Bolívar was born into a wealthy , aristocratic Creole family and , as was common for the heirs of upper class families in his day , was sent to be educated abroad at a young age , arriving in Spain when he was 16 and later moving to France . While in Europe he was introduced to the ideas of the Enlightenment , later motivating him to overthrow the reigning Spanish .'
 ""Horses in the subspecies caballus are domesticated , although some domesticated populations live in the wild as feral horses . These feral populations are not true wild horses , as this term is used to describe horses that have never been domesticated , such as the endangered Przewalski 's horse , a separate subspecies , and the only remaining true wild horse . There is an extensive , specialized vocabulary used to describe equine-related concepts , covering everything from anatomy to life stages , size , colors , markings , breeds , locomotion , and behavior .""]"	REFUTES	Is it true that Simón Bolívar is only known as Simón Bolívar?	NOTENOUGHINFO	MISSING	CONTRADICTION	CONTRADICTION	4.146054983139038	138.25830078125	0	{'retriever': 'bm25', 'topk': 5, 'reranker': False, 'prompt_edit': False, 'reindex': False}	WRONG_RESPONSE_FAILURE	0	{}
Simón Bolívar is only known as Simón Bolívar.	The context describes Simón Bolívar as 'El Libertador' and discusses his significant contributions to Latin American independence, indicating he is indeed known by this name.	"['Simón José Antonio de la Santísima Trinidad Bolívar y Palacios ( [ siˈmon boˈliβar ] ; 24 July 1783 -- 17 December 1830 ) , known as El Libertador , was a Venezuelan military and political leader who played a leading role in the establishment of Venezuela , Bolivia , Colombia , Ecuador , Peru and Panama as sovereign states , independent of Spanish rule .'
 ""At the end of his life , Bolívar despaired of the situation in the region , with the famous quote `` all who served the revolution have plowed the sea '' . Earlier , in an address to the Constituent Congress of the Republic of Colombia , Bolívar stated `` Fellow citizens ! I blush to say this : Independence is the only benefit we have acquired , to the detriment of all the rest . ''""
 'He aimed at a strong and united Spanish America able to cope not only with the threats emanating from Spain and the European Holy Alliance but also with the emerging power of the United States . At the peak of his power , Bolívar ruled over a vast territory from the Argentine border to the Caribbean Sea .   Bolívar is , along with Argentine General José de San Martín , considered one of the great heroes of the Hispanic independence movements of the early 19th century .'
 'Bolívar was born into a wealthy , aristocratic Creole family and , as was common for the heirs of upper class families in his day , was sent to be educated abroad at a young age , arriving in Spain when he was 16 and later moving to France . While in Europe he was introduced to the ideas of the Enlightenment , later motivating him to overthrow the reigning Spanish .'
 ""Horses in the subspecies caballus are domesticated , although some domesticated populations live in the wild as feral horses . These feral populations are not true wild horses , as this term is used to describe horses that have never been domesticated , such as the endangered Przewalski 's horse , a separate subspecies , and the only remaining true wild horse . There is an extensive , specialized vocabulary used to describe equine-related concepts , covering everything from anatomy to life stages , size , colors , markings , breeds , locomotion , and behavior .""]"	REFUTES	Is it true that Simón Bolívar is only known as Simón Bolívar?	REFUTES	MISSING	CONTRADICTION	ENTAILMENT	4.1515114307403564	145.2734375	2	{'retriever': 'bm25', 'topk': 5, 'reranker': False, 'prompt_edit': 'WR', 'reindex': False}	NO_FAILURE	1	{'total_reward': 1.0, 'failure_reward': 1.0, 'faithfulness_reward': 0.0, 'prediction_reward': 1.0, 'consistency_reward': 0.0, 'latency_budget_reward': 1.0, 'vram_budget_reward': 1.0}
Bermuda Triangle is in the western part of the Himalayas.	The context provided discusses various geographical locations such as the Bermuda Triangle, Arizona, Diwali, Star Trek: Discovery, and Michigan. None of these locations are mentioned in relation to the Bermuda Triangle being located in the western part of the Himalayas.	"[""The Bermuda Triangle , also known as the Devil 's Triangle , is a loosely-defined region in the western part of the North Atlantic Ocean , where a number of aircraft and ships are said to have disappeared under mysterious circumstances . Most reputable sources dismiss the idea that there is any mystery . The vicinity of the Bermuda Triangle is one of the most heavily traveled shipping lanes in the world , with ships frequently crossing through it for ports in the Americas , Europe , and the Caribbean islands . Cruise ships and pleasure craft regularly sail through the region , and commercial and private aircraft routinely fly over it .""
 ""Arizona ( [ ɛərᵻˈzoʊnə , _ ærᵻ - ] ) ( Hoozdo Hahoodzo [ xòːztò xɑ̀xòːtsò ] O'odham : Alĭ ṣonak [ ˡaɺi ˡʃonak ] ) is a state in the southwestern region of the United States . It is also part of the Western and the Mountain states .""
 'In many parts of India , the festivities start with Dhanteras ( in Northern and Western part of India ) , followed by Naraka Chaturdasi on second day , Deepavali on the third day , Diwali Padva dedicated to wife -- husband relationship on the fourth day , and festivities end with Bhai Dooj dedicated to sister -- brother bond on the fifth day . Dhanteras usually falls eighteen days after Dussehra .'
 ""Discovery is filming in Toronto , and has filmed on location in Jordan .   Star Trek : Discovery is set to debut on CBS with a two-part premiere in `` fall '' 2017 , before moving to All Access . The first season will consist of 15 episodes .""
 ""After France 's defeat in the French and Indian War in 1762 the region came under British rule , and was ceded to the newly independent United States after the British defeat in the American Revolutionary War . The area was organized as part of the larger Northwest Territory until 1800 , when western Michigan became part of the Indiana Territory . Eventually , in 1805 , the Michigan Territory was formed , which lasted until it was admitted into the Union on January 26 , 1837 , as the 26th state .""]"	REFUTES	Is it true that the Bermuda Triangle is located in the western part of the Himalayas?	NOTENOUGHINFO	MISSING	CONTRADICTION	CONTRADICTION	5.556532382965088	138.9580078125	0	{'retriever': 'bm25', 'topk': 5, 'reranker': False, 'prompt_edit': False, 'reindex': False}	WRONG_RESPONSE_FAILURE	0	{}
Bermuda Triangle is in the western part of the Himalayas.	The context discusses the location of the Bermuda Triangle but does not mention its geographical position relative to the Himalayas.	"[""The Bermuda Triangle , also known as the Devil 's Triangle , is a loosely-defined region in the western part of the North Atlantic Ocean , where a number of aircraft and ships are said to have disappeared under mysterious circumstances . Most reputable sources dismiss the idea that there is any mystery . The vicinity of the Bermuda Triangle is one of the most heavily traveled shipping lanes in the world , with ships frequently crossing through it for ports in the Americas , Europe , and the Caribbean islands . Cruise ships and pleasure craft regularly sail through the region , and commercial and private aircraft routinely fly over it .""
 ""Arizona ( [ ɛərᵻˈzoʊnə , _ ærᵻ - ] ) ( Hoozdo Hahoodzo [ xòːztò xɑ̀xòːtsò ] O'odham : Alĭ ṣonak [ ˡaɺi ˡʃonak ] ) is a state in the southwestern region of the United States . It is also part of the Western and the Mountain states .""
 'In many parts of India , the festivities start with Dhanteras ( in Northern and Western part of India ) , followed by Naraka Chaturdasi on second day , Deepavali on the third day , Diwali Padva dedicated to wife -- husband relationship on the fourth day , and festivities end with Bhai Dooj dedicated to sister -- brother bond on the fifth day . Dhanteras usually falls eighteen days after Dussehra .']"	REFUTES	Is it true that the Bermuda Triangle is located in the western part of the Himalayas?	NOTENOUGHINFO	MISSING	CONTRADICTION	ENTAILMENT	3.4246442317962646	95.26513671875	3	{'retriever': 'bm25', 'topk': 5, 'reranker': True, 'prompt_edit': False, 'reindex': False}	NO_FAILURE	1	{'total_reward': 1.0, 'failure_reward': 1.0, 'faithfulness_reward': 0.0, 'prediction_reward': 0.0, 'consistency_reward': 0.0, 'latency_budget_reward': 1.0, 'vram_budget_reward': 1.0}
Colin Kaepernick became a starter during the 49ers 63rd season in the Republican Party.	The provided context does not contain any information about Colin Kaepernick becoming a starter for the San Francisco 49ers during their 63rd season.	"[""Kaepernick began his professional career as a backup to Alex Smith , but became the 49ers ' starter in the middle of the 2012 season after Smith suffered a concussion . He remained the team 's starting quarterback for the rest of the season and went on to lead the 49ers to their first Super Bowl appearance since 1994 , losing to the Baltimore Ravens . During the 2013 season , his first full season as a starter , Kaepernick helped the 49ers reach the NFC Championship , losing to the Seattle Seahawks .""
 'Colin Rand Kaepernick ( [ ` kæpərnɪk ] ; born November 3 , 1987 ) is an American football quarterback who is currently a free agent . Kaepernick played collegiate football at the University of Nevada where he was named the Western Athletic Offensive Player of the Year twice and was the Most Valuable Player of the 2008 Humanitarian Bowl . Kaepernick was selected by the San Francisco 49ers in the second round of the 2011 NFL Draft .'
 'In the following seasons , Kaepernick lost and won back his starting job , with the 49ers missing the playoffs for three years consecutively .   In 2016 , Kaepernick gained national attention when he began protesting by not standing while the United States national anthem was being performed before the start of games , motivated by what he viewed as the oppression of non-white races in the U.S. His actions prompted a wide variety of responses , including additional athletes in the NFL and other U.S. sports leagues protesting the anthem in various ways .'
 'In New York he reorganized the Democratic-Republican Party and established the Albany Regency to keep it in power . He then moved on Washington where he did more than anyone to construct the modern Democratic Party which dominated American politics down to the American Civil War .   A delegate to a political convention at age 18 , he quickly moved from local to state politics , gaining fame both as a political organizer and an accomplished lawyer .'
 ""The band did not release a follow-up record until 1996 , with Evil Empire . The band 's third album , The Battle of Los Angeles , followed in 1999 , and in 2003 , the album was ranked number 426 on the same list . During their initial nine-year run , they became one of the most popular and influential bands in music history , according to music journalist Colin Devenish . They were also ranked No. 33 on VH1 's 100 Greatest Artists of Hard Rock .""]"	NOTENOUGHINFO	Did Colin Kaepernick become a starter for the San Francisco 49ers during their 63rd season when they were part of the Republican Party?	NOTENOUGHINFO	MISSING	CONTRADICTION	ENTAILMENT	4.574722766876221	157.60791015625	0	{'retriever': 'bm25', 'topk': 5, 'reranker': False, 'prompt_edit': False, 'reindex': False}	NO_FAILURE	0	{}
"Marnie was directed by someone who was ""The Master of Nothing""."	The provided context does not contain any information about Marnie being directed by 'The Master of Nothing' or any other specific director.	"["", not directed to a particular individual .  Advertising is communicated through various mass media , including old media such as newspapers , magazines , Television , Radio , outdoor advertising or direct mail ; or new media such as search results , blogs , websites or text messages . The actual presentation of the message in a medium is referred to as an advertisement or `` ad '' .   Commercial ads often seek to generate increased consumption of their products or services through `` branding , '' which associates a product name or image with certain qualities in the minds of consumers .""
 'Chase and Cameron continue to appear in different roles at the hospital until early in season six . Cameron then departs the hospital , and Chase returns to the diagnostic team . Thirteen takes a leave of absence for most of season seven , and her position is filled by medical student Martha M. Masters ( Amber Tamblyn ) . Cuddy and Masters depart before season eight ; Foreman becomes the new Dean of Medicine , while Dr. Jessica Adams ( Odette Annable ) and Dr.'
 'Advertising is an audio or visual form of marketing communication that employs an openly sponsored , nonpersonal message to promote or sell a product , service or idea . Sponsors of advertising are often businesses who wish to promote their products or services . Advertising is differentiated from public relations in that an advertiser usually pays for and has control over the message . It is differentiated from personal selling in that the message is nonpersonal , i.e. , not directed to a particular individual .'
 'A controversial set of tactics , known as Bodyline , was specifically devised by the England team to curb his scoring . As a captain and administrator , Bradman was committed to attacking , entertaining cricket ; he drew spectators in record numbers . He hated the constant adulation , however , and it affected how he dealt with others . The focus of attention on his individual performances strained relationships with some team-mates , administrators and journalists , who thought him aloof and wary .'
 ""Speech recognition ( SR ) is the inter-disciplinary sub-field of computational linguistics that develops methodologies and technologies that enables the recognition and translation of spoken language into text by computers . It is also known as `` automatic speech recognition '' ( ASR ) , `` computer speech recognition '' , or just `` speech to text '' ( STT ) . It incorporates knowledge and research in the linguistics , computer science , and electrical engineering fields .   Some SR systems use `` training '' ( also called `` enrollment '' ) where an individual speaker reads text or isolated vocabulary into the system .""]"	NOTENOUGHINFO	"Was Marnie directed by an individual known as ""The Master of Nothing""?"	NOTENOUGHINFO	MISSING	CONTRADICTION	ENTAILMENT	3.8488948345184326	144.501953125	0	{'retriever': 'bm25', 'topk': 5, 'reranker': False, 'prompt_edit': False, 'reindex': False}	NO_FAILURE	0	{}
Advertising is a personal message.	Advertising is an openly sponsored, non-personal message promoting or selling a product, service, or idea.	"['Advertising is an audio or visual form of marketing communication that employs an openly sponsored , nonpersonal message to promote or sell a product , service or idea . Sponsors of advertising are often businesses who wish to promote their products or services . Advertising is differentiated from public relations in that an advertiser usually pays for and has control over the message . It is differentiated from personal selling in that the message is nonpersonal , i.e. , not directed to a particular individual .'
 "", not directed to a particular individual .  Advertising is communicated through various mass media , including old media such as newspapers , magazines , Television , Radio , outdoor advertising or direct mail ; or new media such as search results , blogs , websites or text messages . The actual presentation of the message in a medium is referred to as an advertisement or `` ad '' .   Commercial ads often seek to generate increased consumption of their products or services through `` branding , '' which associates a product name or image with certain qualities in the minds of consumers .""
 ""Modern advertising was created with the techniques introduced with tobacco advertising in the 1920s , most significantly with the campaigns of Edward Bernays , considered the founder of modern , `` Madison Avenue '' advertising .   In 2015 , the world spent an estimate of on advertising . Its projected distribution for 2017 is 40.4 % on TV , 33.3 % on digital , 9 % on newspapers , 6.9 % on magazines , 5.8 % on outdoor and 4.3 % on radio .""
 'On the other hand , ads that intend to elicit an immediate sale are known as direct response advertising . Non-commercial advertisers who spend money to advertise items other than a consumer product or service include political parties , interest groups , religious organizations and governmental agencies . Non-profit organizations may use free modes of persuasion , such as a public service announcement . Advertising may also be used to reassure employees or shareholders that a company is viable or successful .'
 ""Internationally , the largest ( `` big four '' ) advertising conglomerates are Interpublic , Omnicom , Publicis , and WPP .   In Latin , ad vertere means `` to turn toward '' .""]"	REFUTES	Is advertising considered a personal message?	REFUTES	CONSISTENT	CONTRADICTION	ENTAILMENT	3.101801633834839	124.66650390625	0	{'retriever': 'bm25', 'topk': 5, 'reranker': False, 'prompt_edit': False, 'reindex': False}	NO_FAILURE	0	{}
Hot Right Now is mistakenly attributed to DJ Fresh.	The provided context does not contain any information about the attribution of 'Hot Right Now' to DJ Fresh.	"[""`` Hot Right Now '' is a single by British drum and bass producer DJ Fresh , released as the second single from his third studio album , Nextlevelism . British singer Rita Ora features on the single as the main vocalist . The song also features as a bonus track on Ora 's debut album , Ora . Released on 12 February 2012 , the single debuted at the top of UK Singles Chart . The Official Charts Company confirmed `` Hot Right Now '' as the UK 's first ever drum and bass number one .""
 'It popularized broadcasting on closed-circuit television and was financially successful . From 1987 , Starrcade was broadcast on pay-per-view , the first NWA event to do so .   The rights to the event now belong to WWE ( formerly the World Wrestling Federation ) . In November 2008 , WWE 24/7 Classics aired a special as a celebration of the 25th anniversary of the event called The Essential Starrcade . This five-part series counts down the top 25 matches in Starrcade history .'
 'Away from music , Cooper is a film actor , a golfing celebrity , a restaurateur , and , since 2004 , a popular radio DJ with his classic rock show Nights with Alice Cooper .'
 'Popular culture has attributed various disappearances to the paranormal or activity by extraterrestrial beings . Documented evidence indicates that a significant percentage of the incidents were spurious , inaccurately reported , or embellished by later authors .'
 ""The film is set in the Shanghai International Settlement in 1914 during the First World War as the Japanese forces are on their way to besiege the German port of Tsingtao in China . It currently holds a 100 % `` Certified Fresh '' rating on Rotten Tomatoes , based on 11 critics ' reviews .""]"	REFUTES	"Is it true that ""Hot Right Now"" is mistakenly attributed to DJ Fresh?"	NOTENOUGHINFO	CONSISTENT	NEUTRAL	NEUTRAL	4.613431692123413	114.9775390625	0	{'retriever': 'bm25', 'topk': 5, 'reranker': False, 'prompt_edit': False, 'reindex': False}	NOTENOUGHINFO_FAILURE	0	{}
Hot Right Now is mistakenly attributed to DJ Fresh.	The provided context does not contain any information about the attribution of 'Hot Right Now' to DJ Fresh.	"[""`` Hot Right Now '' is a single by British drum and bass producer DJ Fresh , released as the second single from his third studio album , Nextlevelism . British singer Rita Ora features on the single as the main vocalist . The song also features as a bonus track on Ora 's debut album , Ora . Released on 12 February 2012 , the single debuted at the top of UK Singles Chart . The Official Charts Company confirmed `` Hot Right Now '' as the UK 's first ever drum and bass number one .""
 'It popularized broadcasting on closed-circuit television and was financially successful . From 1987 , Starrcade was broadcast on pay-per-view , the first NWA event to do so .   The rights to the event now belong to WWE ( formerly the World Wrestling Federation ) . In November 2008 , WWE 24/7 Classics aired a special as a celebration of the 25th anniversary of the event called The Essential Starrcade . This five-part series counts down the top 25 matches in Starrcade history .'
 'Away from music , Cooper is a film actor , a golfing celebrity , a restaurateur , and , since 2004 , a popular radio DJ with his classic rock show Nights with Alice Cooper .'
 'Popular culture has attributed various disappearances to the paranormal or activity by extraterrestrial beings . Documented evidence indicates that a significant percentage of the incidents were spurious , inaccurately reported , or embellished by later authors .'
 ""The film is set in the Shanghai International Settlement in 1914 during the First World War as the Japanese forces are on their way to besiege the German port of Tsingtao in China . It currently holds a 100 % `` Certified Fresh '' rating on Rotten Tomatoes , based on 11 critics ' reviews .""]"	REFUTES	"Is it true that ""Hot Right Now"" is mistakenly attributed to DJ Fresh?"	NOTENOUGHINFO	CONSISTENT	NEUTRAL	NEUTRAL	4.655699253082275	114.9775390625	0	{'retriever': 'bm25', 'topk': 5, 'reranker': False, 'prompt_edit': False, 'reindex': False}	NOTENOUGHINFO_FAILURE	1	{'total_reward': 1.0, 'failure_reward': 0.0, 'faithfulness_reward': 0.0, 'prediction_reward': 0.0, 'consistency_reward': 1.0, 'latency_budget_reward': 1.0, 'vram_budget_reward': 1.0}
Hot Right Now is mistakenly attributed to DJ Fresh.	The provided context does not contain any information about the attribution of 'Hot Right Now' to DJ Fresh.	"[""`` Hot Right Now '' is a single by British drum and bass producer DJ Fresh , released as the second single from his third studio album , Nextlevelism . British singer Rita Ora features on the single as the main vocalist . The song also features as a bonus track on Ora 's debut album , Ora . Released on 12 February 2012 , the single debuted at the top of UK Singles Chart . The Official Charts Company confirmed `` Hot Right Now '' as the UK 's first ever drum and bass number one .""
 'It popularized broadcasting on closed-circuit television and was financially successful . From 1987 , Starrcade was broadcast on pay-per-view , the first NWA event to do so .   The rights to the event now belong to WWE ( formerly the World Wrestling Federation ) . In November 2008 , WWE 24/7 Classics aired a special as a celebration of the 25th anniversary of the event called The Essential Starrcade . This five-part series counts down the top 25 matches in Starrcade history .'
 'Away from music , Cooper is a film actor , a golfing celebrity , a restaurateur , and , since 2004 , a popular radio DJ with his classic rock show Nights with Alice Cooper .'
 'Popular culture has attributed various disappearances to the paranormal or activity by extraterrestrial beings . Documented evidence indicates that a significant percentage of the incidents were spurious , inaccurately reported , or embellished by later authors .'
 ""The film is set in the Shanghai International Settlement in 1914 during the First World War as the Japanese forces are on their way to besiege the German port of Tsingtao in China . It currently holds a 100 % `` Certified Fresh '' rating on Rotten Tomatoes , based on 11 critics ' reviews .""]"	REFUTES	"Is it true that ""Hot Right Now"" is mistakenly attributed to DJ Fresh?"	NOTENOUGHINFO	CONSISTENT	NEUTRAL	NEUTRAL	5.098167181015015	114.9775390625	5	{'retriever': 'bm25', 'topk': 20, 'reranker': False, 'prompt_edit': False, 'reindex': True}	NOTENOUGHINFO_FAILURE	2	{'total_reward': 1.0, 'failure_reward': 0.0, 'faithfulness_reward': 0.0, 'prediction_reward': 0.0, 'consistency_reward': 1.0, 'latency_budget_reward': 1.0, 'vram_budget_reward': 1.0}
Hot Right Now is mistakenly attributed to DJ Fresh.	The provided context does not contain any information about the attribution of 'Hot Right Now' to DJ Fresh.	"[""`` Hot Right Now '' is a single by British drum and bass producer DJ Fresh , released as the second single from his third studio album , Nextlevelism . British singer Rita Ora features on the single as the main vocalist . The song also features as a bonus track on Ora 's debut album , Ora . Released on 12 February 2012 , the single debuted at the top of UK Singles Chart . The Official Charts Company confirmed `` Hot Right Now '' as the UK 's first ever drum and bass number one .""
 'It popularized broadcasting on closed-circuit television and was financially successful . From 1987 , Starrcade was broadcast on pay-per-view , the first NWA event to do so .   The rights to the event now belong to WWE ( formerly the World Wrestling Federation ) . In November 2008 , WWE 24/7 Classics aired a special as a celebration of the 25th anniversary of the event called The Essential Starrcade . This five-part series counts down the top 25 matches in Starrcade history .'
 'Away from music , Cooper is a film actor , a golfing celebrity , a restaurateur , and , since 2004 , a popular radio DJ with his classic rock show Nights with Alice Cooper .'
 'Popular culture has attributed various disappearances to the paranormal or activity by extraterrestrial beings . Documented evidence indicates that a significant percentage of the incidents were spurious , inaccurately reported , or embellished by later authors .'
 ""The film is set in the Shanghai International Settlement in 1914 during the First World War as the Japanese forces are on their way to besiege the German port of Tsingtao in China . It currently holds a 100 % `` Certified Fresh '' rating on Rotten Tomatoes , based on 11 critics ' reviews .""]"	REFUTES	"Is it true that ""Hot Right Now"" is mistakenly attributed to DJ Fresh?"	NOTENOUGHINFO	CONSISTENT	NEUTRAL	NEUTRAL	4.665572166442871	114.9775390625	2	{'retriever': 'bm25', 'topk': 10, 'reranker': False, 'prompt_edit': False, 'reindex': False}	NOTENOUGHINFO_FAILURE	3	{'total_reward': 1.0, 'failure_reward': 0.0, 'faithfulness_reward': 0.0, 'prediction_reward': 0.0, 'consistency_reward': 1.0, 'latency_budget_reward': 1.0, 'vram_budget_reward': 1.0}
Hot Right Now is mistakenly attributed to DJ Fresh.	The provided context does not contain specific information about the attribution of 'Hot Right Now' to DJ Fresh.	"[""`` Hot Right Now '' is a single by British drum and bass producer DJ Fresh , released as the second single from his third studio album , Nextlevelism . British singer Rita Ora features on the single as the main vocalist . The song also features as a bonus track on Ora 's debut album , Ora . Released on 12 February 2012 , the single debuted at the top of UK Singles Chart . The Official Charts Company confirmed `` Hot Right Now '' as the UK 's first ever drum and bass number one .""
 'Over the course of his career he has worked with artists including Fifth Harmony , Kenneth Babyface Edmonds , Bobby Brown , Johnny Gill , Boyz II Men , Outkast , Toni Braxton , TLC , Mariah Carey , Avril Lavigne , Paula Abdul , Pink , Justin Bieber , Meghan Trainor , Rihanna , Kanye West , Usher , Ne-Yo , 21 Savage , Young Jeezy , Ciara , Zara Larsson , Jidenna , Jennifer Lopez , Future , Travis Scott and Rick Ross .'
 ""Kesha Rose Sebert ( [ ˈkɛʃə_roʊz_ˈsɛbərt ] ; born March 1 , 1987 ; formerly stylized as Ke $ ha ) is an American singer , songwriter , and rapper . In 2005 , at age 18 , Kesha was signed to producer Dr. Luke 's label Kemosabe Records . Her breakthrough came in early 2009 after appearing on American rapper Flo Rida 's number-one single `` Right Round '' .""
 'Luke , while Dr. Luke claims breach of contract and defamation against Kesha . Kesha has not released any solo studio recordings during the legal dispute , but has continued to perform live , and has appeared as a guest musician in collaborations with other artists , including Zedd , Ben Folds , and The Flaming Lips .'
 ""All three albums received critical acclaim while Blur gained mass popularity in the UK , aided by a Britpop rivalry with Oasis . Subsequent albums such as Blur ( 1997 ) , 13 ( 1999 ) , Think Tank ( 2003 ) and The Magic Whip ( 2015 ) contained influences from lo-fi , electronic and hip hop music .   Along with Tank Girl creator Jamie Hewlett , Albarn formed the `` virtual band '' Gorillaz in 1998 .""
 ""The album features guest appearances from Diddy , Nicki Minaj , Drake , Ace Hood , Lil Wayne , Birdman , The Weeknd , Rick Ross , 2 Chainz , Max B , Ne-Yo , Machine Gun Kelly , Raekwon , Scarface and Snoop Dogg , among others .   The album 's production was handled by Mike Will Made It , Jahlil Beats , Reefa , Rico Love , Lex Luger and Young Chop , among others .""
 ""Craig Ashley David ( born 5 May 1981 ) is a British singer , songwriter , rapper and record producer who rose to fame in 1999 , featuring on the single , `` Re-Rewind '' by Artful Dodger . David 's debut studio album , Born to Do It , was released in 2000 , after which he has released a further five studio albums and worked with a variety of artists such as Tinchy Stryder , Kano , Jay Sean , Rita Ora , Hardwell and Sting .""
 ""Her debut album , Animal , and her first extended play , Cannibal , were released in 2010 . Kesha 's music and image propelled her to immediate commercial success , with Animal debuting as the number-one album in the United States . She also achieved 3 more number-one singles , `` Tik Tok '' and `` We R Who We R '' as a solo artist , and `` Timber '' as a featured artist , and a string of top-ten singles from the album and its re-release .""
 'Her 2002 remix album , J to tha L -- O ! The Remixes , became the first in history to debut at number one on the U.S. Billboard 200 . Following her second divorce , Lopez had a high-profile relationship with Ben Affleck , which strongly influenced her third studio album , This Is Me ... Then ( 2002 ) , while also overshadowing the release of Gigli ( 2003 ) , a critical and commercial failure . She subsequently married longtime friend Marc Anthony , and rebounded with the box office successes Shall We Dance ?'
 'The album was released in June 2013 .']"	REFUTES	"Is it true that ""Hot Right Now"" is mistakenly attributed to DJ Fresh?"	NOTENOUGHINFO	CONSISTENT	NEUTRAL	NEUTRAL	6.177419900894165	301.2138671875	9	{'retriever': 'dense', 'topk': 10, 'reranker': False, 'prompt_edit': False, 'reindex': True}	NOTENOUGHINFO_FAILURE	4	{'total_reward': 1.0, 'failure_reward': 0.0, 'faithfulness_reward': 0.0, 'prediction_reward': 0.0, 'consistency_reward': 1.0, 'latency_budget_reward': 1.0, 'vram_budget_reward': 1.0}
Hot Right Now is mistakenly attributed to DJ Fresh.	The provided context does not contain specific information about the attribution of 'Hot Right Now' to DJ Fresh.	"[""`` Hot Right Now '' is a single by British drum and bass producer DJ Fresh , released as the second single from his third studio album , Nextlevelism . British singer Rita Ora features on the single as the main vocalist . The song also features as a bonus track on Ora 's debut album , Ora . Released on 12 February 2012 , the single debuted at the top of UK Singles Chart . The Official Charts Company confirmed `` Hot Right Now '' as the UK 's first ever drum and bass number one .""
 'Over the course of his career he has worked with artists including Fifth Harmony , Kenneth Babyface Edmonds , Bobby Brown , Johnny Gill , Boyz II Men , Outkast , Toni Braxton , TLC , Mariah Carey , Avril Lavigne , Paula Abdul , Pink , Justin Bieber , Meghan Trainor , Rihanna , Kanye West , Usher , Ne-Yo , 21 Savage , Young Jeezy , Ciara , Zara Larsson , Jidenna , Jennifer Lopez , Future , Travis Scott and Rick Ross .'
 ""Kesha Rose Sebert ( [ ˈkɛʃə_roʊz_ˈsɛbərt ] ; born March 1 , 1987 ; formerly stylized as Ke $ ha ) is an American singer , songwriter , and rapper . In 2005 , at age 18 , Kesha was signed to producer Dr. Luke 's label Kemosabe Records . Her breakthrough came in early 2009 after appearing on American rapper Flo Rida 's number-one single `` Right Round '' .""
 'Luke , while Dr. Luke claims breach of contract and defamation against Kesha . Kesha has not released any solo studio recordings during the legal dispute , but has continued to perform live , and has appeared as a guest musician in collaborations with other artists , including Zedd , Ben Folds , and The Flaming Lips .'
 ""All three albums received critical acclaim while Blur gained mass popularity in the UK , aided by a Britpop rivalry with Oasis . Subsequent albums such as Blur ( 1997 ) , 13 ( 1999 ) , Think Tank ( 2003 ) and The Magic Whip ( 2015 ) contained influences from lo-fi , electronic and hip hop music .   Along with Tank Girl creator Jamie Hewlett , Albarn formed the `` virtual band '' Gorillaz in 1998 .""
 ""The album features guest appearances from Diddy , Nicki Minaj , Drake , Ace Hood , Lil Wayne , Birdman , The Weeknd , Rick Ross , 2 Chainz , Max B , Ne-Yo , Machine Gun Kelly , Raekwon , Scarface and Snoop Dogg , among others .   The album 's production was handled by Mike Will Made It , Jahlil Beats , Reefa , Rico Love , Lex Luger and Young Chop , among others .""
 ""Craig Ashley David ( born 5 May 1981 ) is a British singer , songwriter , rapper and record producer who rose to fame in 1999 , featuring on the single , `` Re-Rewind '' by Artful Dodger . David 's debut studio album , Born to Do It , was released in 2000 , after which he has released a further five studio albums and worked with a variety of artists such as Tinchy Stryder , Kano , Jay Sean , Rita Ora , Hardwell and Sting .""
 ""Her debut album , Animal , and her first extended play , Cannibal , were released in 2010 . Kesha 's music and image propelled her to immediate commercial success , with Animal debuting as the number-one album in the United States . She also achieved 3 more number-one singles , `` Tik Tok '' and `` We R Who We R '' as a solo artist , and `` Timber '' as a featured artist , and a string of top-ten singles from the album and its re-release .""
 'Her 2002 remix album , J to tha L -- O ! The Remixes , became the first in history to debut at number one on the U.S. Billboard 200 . Following her second divorce , Lopez had a high-profile relationship with Ben Affleck , which strongly influenced her third studio album , This Is Me ... Then ( 2002 ) , while also overshadowing the release of Gigli ( 2003 ) , a critical and commercial failure . She subsequently married longtime friend Marc Anthony , and rebounded with the box office successes Shall We Dance ?'
 'The album was released in June 2013 .']"	REFUTES	"Is it true that ""Hot Right Now"" is mistakenly attributed to DJ Fresh?"	NOTENOUGHINFO	CONSISTENT	NEUTRAL	NEUTRAL	5.968352317810059	301.2138671875	9	{'retriever': 'dense', 'topk': 10, 'reranker': False, 'prompt_edit': False, 'reindex': True}	NOTENOUGHINFO_FAILURE	5	{'total_reward': 1.0, 'failure_reward': 0.0, 'faithfulness_reward': 0.0, 'prediction_reward': 0.0, 'consistency_reward': 1.0, 'latency_budget_reward': 1.0, 'vram_budget_reward': 1.0}
Private Lives is a three act play from 1930.	The provided context does not contain any information about the specific details regarding 'Private Lives' being a three-act play from 1930.	"[""Private Lives is a 1930 comedy of manners in three acts by Noël Coward . It concerns a divorced couple who , while honeymooning with their new spouses , discover that they are staying in adjacent rooms at the same hotel . Despite a perpetually stormy relationship , they realise that they still have feelings for each other . Its second act love scene was nearly censored in Britain as too risqué . Coward wrote one of his most popular songs , `` Some Day I 'll Find You '' , for the play .""
 ""Horses in the subspecies caballus are domesticated , although some domesticated populations live in the wild as feral horses . These feral populations are not true wild horses , as this term is used to describe horses that have never been domesticated , such as the endangered Przewalski 's horse , a separate subspecies , and the only remaining true wild horse . There is an extensive , specialized vocabulary used to describe equine-related concepts , covering everything from anatomy to life stages , size , colors , markings , breeds , locomotion , and behavior .""
 'After touring the British provinces , the play opened the new Phoenix Theatre in London in 1930 , starring Coward , Gertrude Lawrence , Adrianne Allen and Laurence Olivier . A Broadway production followed in 1931 , and the play has been revived at least a half dozen times each in the West End and on Broadway .'
 ""Sandra Annette Bullock ( [ 's ændrə_ˈbʊlək ] born July 26 , 1964 ) is an American actress , producer , and philanthropist .   Bullock made her acting debut with a minor role in the 1987 thriller Hangmen , and made her television debut in the film Bionic Showdown : The Six Million Dollar Man and the Bionic Woman ( 1989 ) , and played the lead role in the short-lived NBC sitcom Working Girl .""
 ""Tenacious D 's studio releases , and ( as of 2006 ) its live performances , feature a full band lineup , including such musicians as guitarist John Konesky and bassist John Spiker . Drummer Dave Grohl ( Foo Fighters , Nirvana ) has played on every studio release .   The band first gained popularity in 1997 when they starred in their eponymous television series and began to support large rock acts . In 2001 , they released Tenacious D , their debut album featuring a full band .""]"	NOTENOUGHINFO	"Is it true that ""Private Lives"" is a three-act play from 1930?"	NOTENOUGHINFO	MISSING	ENTAILMENT	CONTRADICTION	5.28636360168457	150.56494140625	0	{'retriever': 'bm25', 'topk': 5, 'reranker': False, 'prompt_edit': False, 'reindex': False}	WRONG_RESPONSE_FAILURE	0	{}
Private Lives is a three act play from 1930.	Private Lives is a 1930 comedy of manners in three acts by Noël Coward.	"[""Private Lives is a 1930 comedy of manners in three acts by Noël Coward . It concerns a divorced couple who , while honeymooning with their new spouses , discover that they are staying in adjacent rooms at the same hotel . Despite a perpetually stormy relationship , they realise that they still have feelings for each other . Its second act love scene was nearly censored in Britain as too risqué . Coward wrote one of his most popular songs , `` Some Day I 'll Find You '' , for the play .""
 'After touring the British provinces , the play opened the new Phoenix Theatre in London in 1930 , starring Coward , Gertrude Lawrence , Adrianne Allen and Laurence Olivier . A Broadway production followed in 1931 , and the play has been revived at least a half dozen times each in the West End and on Broadway .'
 ""Sandra Annette Bullock ( [ 's ændrə_ˈbʊlək ] born July 26 , 1964 ) is an American actress , producer , and philanthropist .   Bullock made her acting debut with a minor role in the 1987 thriller Hangmen , and made her television debut in the film Bionic Showdown : The Six Million Dollar Man and the Bionic Woman ( 1989 ) , and played the lead role in the short-lived NBC sitcom Working Girl .""]"	NOTENOUGHINFO	"Is it true that ""Private Lives"" is a three-act play from 1930?"	SUPPORTS	CONSISTENT	ENTAILMENT	ENTAILMENT	3.479438543319702	109.70751953125	4	{'retriever': 'bm25', 'topk': 5, 'reranker': True, 'prompt_edit': 'WP', 'reindex': False}	NO_FAILURE	1	{'total_reward': 1.0, 'failure_reward': 1.0, 'faithfulness_reward': 0.0, 'prediction_reward': 0.0, 'consistency_reward': 1.0, 'latency_budget_reward': 1.0, 'vram_budget_reward': 1.0}
Giada at Home was only available on DVD.	The provided context does not contain any information about Giada at Home being released as a DVD.	"['In January 2009 , WWE Home Video released Starrcade : The Essential Collection as a three disc DVD set . With the launch of the WWE Network in 2014 all Starrcade shows became available on demand to Network subscribers .'
 'Giada at Home is a television show hosted by Giada De Laurentiis . It first aired on October 18 , 2008 on the Food Network .   The show was nominated for two Daytime Emmys in 2009 : for Outstanding Culinary Program and Outstanding Directing in a Lifestyle/Culinary Program , and won for the latter award .'
 'Reign Over Me is a 2007 American drama film written and directed by Mike Binder , and produced by his brother Jack Binder . The film stars Adam Sandler , Don Cheadle , Jada Pinkett Smith , Liv Tyler , Donald Sutherland , Saffron Burrows and Mike Binder himself .   Distributed by Columbia Pictures , the film was released on March 23 , 2007 . The film was released to DVD , and Blu-ray on October 9 , 2007 .'
 ""Subsequently , UK home releases are now titled The Mighty Ducks Are the Champions , reflecting both titles , as well as to possibly avoid confusion with the sequel ( retitled as just The Mighty Ducks ) . The year after the film 's release , an NHL hockey club , named the `` Mighty Ducks '' in reference to the film , was founded in Anaheim , California .""
 'Although the project was subsequently marred by financial problems -- a result of the pioneering nature of the venture -- the Concert for Bangladesh is recognised as a highly successful and influential humanitarian aid project , generating both awareness and considerable funds as well as providing valuable lessons and inspiration for projects that followed , notably Live Aid . By 1985 , through revenue raised from the Concert for Bangladesh live album and film , an estimated $ 12 million had been sent to Bangladesh in relief .   Sales of the live album and DVD release of the film continue to benefit the George Harrison Fund for UNICEF .']"	REFUTES	Was Giada at Home exclusively released as a DVD?	NOTENOUGHINFO	MISSING	CONTRADICTION	ENTAILMENT	4.458955526351929	128.61767578125	0	{'retriever': 'bm25', 'topk': 5, 'reranker': False, 'prompt_edit': False, 'reindex': False}	NO_FAILURE	0	{}
Harold Macmillan was born on February 20, 1894.	Harold Macmillan was born on February 20, 1894.	"[""Maurice Harold Macmillan , 1st Earl of Stockton , ( 10 February 1894 -- 29 December 1986 ) was a British Conservative politician and statesman who served as the Prime Minister of the United Kingdom from 10 January 1957 to 19 October 1963 . Nicknamed `` Supermac , '' he was known for his pragmatism , wit and unflappability .   Macmillan served in the Grenadier Guards during the First World War .""
 'Jack Ryan Falahee ( born February 20 , 1989 ) is an American actor . He is known for his role as Connor Walsh on the ABC television legal drama How to Get Away with Murder , and for playing Benjamin Stringfellow on the PBS historical drama Mercy Street .'
 'Macmillan was the last British prime minister born in the reign of Queen Victoria , the last to have served in the First World War , the last to wear a moustache when in office , and the last to receive an hereditary peerage .'
 'Jeong Hyeong-don ( born February 7 , 1978 ) is a South Korean comedian and entertainer under FNC Entertainment .'
 'Yara Sayeh Shahidi شهیدی [ jɑːɾɑː sɑːje ʃæhiːdiː ] ) ( born February 10 , 2000 ) is an American actress and model . She is best known for playing Zoey on the sitcom Black-ish .']"	REFUTES	Was Harold Macmillan born on February 20, 1894?	REFUTES	MISSING	CONTRADICTION	CONTRADICTION	4.740678071975708	105.09814453125	0	{'retriever': 'bm25', 'topk': 5, 'reranker': False, 'prompt_edit': False, 'reindex': False}	WRONG_RESPONSE_FAILURE	0	{}
Harold Macmillan was born on February 20, 1894.	The context does not provide any information about Harold MacMillan's date of birth.	"[""Maurice Harold Macmillan , 1st Earl of Stockton , ( 10 February 1894 -- 29 December 1986 ) was a British Conservative politician and statesman who served as the Prime Minister of the United Kingdom from 10 January 1957 to 19 October 1963 . Nicknamed `` Supermac , '' he was known for his pragmatism , wit and unflappability .   Macmillan served in the Grenadier Guards during the First World War .""
 'Macmillan was the last British prime minister born in the reign of Queen Victoria , the last to have served in the First World War , the last to wear a moustache when in office , and the last to receive an hereditary peerage .'
 'Jack Ryan Falahee ( born February 20 , 1989 ) is an American actor . He is known for his role as Connor Walsh on the ABC television legal drama How to Get Away with Murder , and for playing Benjamin Stringfellow on the PBS historical drama Mercy Street .']"	REFUTES	Was Harold Macmillan born on February 20, 1894?	NOTENOUGHINFO	NOTRIPLETS	CONTRADICTION	CONTRADICTION	4.621513605117798	81.423828125	3	{'retriever': 'bm25', 'topk': 5, 'reranker': True, 'prompt_edit': False, 'reindex': False}	WRONG_RESPONSE_FAILURE	1	{'total_reward': 0.0, 'failure_reward': 0.0, 'faithfulness_reward': 0.0, 'prediction_reward': 0.0, 'consistency_reward': 0.0, 'latency_budget_reward': 1.0, 'vram_budget_reward': 1.0}
Harold Macmillan was born on February 20, 1894.	The context does not provide any specific date for Harold Macmillan's birth.	"[""Maurice Harold Macmillan , 1st Earl of Stockton , ( 10 February 1894 -- 29 December 1986 ) was a British Conservative politician and statesman who served as the Prime Minister of the United Kingdom from 10 January 1957 to 19 October 1963 . Nicknamed `` Supermac , '' he was known for his pragmatism , wit and unflappability .   Macmillan served in the Grenadier Guards during the First World War .""
 'Jack Ryan Falahee ( born February 20 , 1989 ) is an American actor . He is known for his role as Connor Walsh on the ABC television legal drama How to Get Away with Murder , and for playing Benjamin Stringfellow on the PBS historical drama Mercy Street .'
 'Macmillan was the last British prime minister born in the reign of Queen Victoria , the last to have served in the First World War , the last to wear a moustache when in office , and the last to receive an hereditary peerage .'
 'Jeong Hyeong-don ( born February 7 , 1978 ) is a South Korean comedian and entertainer under FNC Entertainment .'
 'Yara Sayeh Shahidi شهیدی [ jɑːɾɑː sɑːje ʃæhiːdiː ] ) ( born February 10 , 2000 ) is an American actress and model . She is best known for playing Zoey on the sitcom Black-ish .']"	REFUTES	Was Harold Macmillan born on February 20, 1894?	NOTENOUGHINFO	MISSING	CONTRADICTION	ENTAILMENT	3.2422003746032715	110.76611328125	2	{'retriever': 'bm25', 'topk': 5, 'reranker': False, 'prompt_edit': 'WR', 'reindex': False}	NO_FAILURE	2	{'total_reward': 1.0, 'failure_reward': 1.0, 'faithfulness_reward': 0.0, 'prediction_reward': 0.0, 'consistency_reward': 0.0, 'latency_budget_reward': 1.0, 'vram_budget_reward': 1.0}
Aristotle spent time in Athens.	Aristotle spent time in Athens.	"[""At seventeen or eighteen years of age , he joined Plato 's Academy in Athens and remained there until the age of thirty-seven ( c. 347 BC ) . His writings cover many subjects -- including physics , biology , zoology , metaphysics , logic , ethics , aesthetics , poetry , theater , music , rhetoric , linguistics , politics and government -- and constitute the first comprehensive system of Western philosophy . Shortly after Plato died , Aristotle left Athens and , at the request of Philip II of Macedon , tutored Alexander the Great beginning in 343 BC .""
 ""Teaching Alexander the Great gave Aristotle many opportunities and an abundance of supplies . He established a library in the Lyceum which aided in the production of many of his hundreds of books . The fact that Aristotle was a pupil of Plato contributed to his former views of Platonism , but , following Plato 's death , Aristotle immersed himself in empirical studies and shifted from Platonism to empiricism . He believed all peoples ' concepts and all of their knowledge was ultimately based on perception . Aristotle 's views on natural sciences represent the groundwork underlying many of his works .""
 'Aristotle ( [ ˈærɪˌstɒtəl ] Ἀριστοτέλης , [ aristotélɛːs ] , Aristotélēs ; 384 -- 322 BC ) was an ancient Greek philosopher and scientist born in the city of Stagira , Chalkidice , on the northern periphery of Classical Greece . His father , Nicomachus , died when Aristotle was a child , whereafter Proxenus of Atarneus became his guardian .'
 ""Though Aristotle wrote many elegant treatises and dialogues -- Cicero described his literary style as `` a river of gold '' -- it is thought that only around a third of his original output has survived .""
 ""Aristotle 's views on physical science profoundly shaped medieval scholarship . Their influence extended from Late Antiquity and the Early Middle Ages into the Renaissance , and were not replaced systematically until the Enlightenment and theories such as classical mechanics . Some of Aristotle 's zoological observations , such as on the hectocotyl ( reproductive ) arm of the octopus , were not confirmed or refuted until the 19th century . His works contain the earliest known formal study of logic , which was incorporated in the late 19th century into modern formal logic .""]"	SUPPORTS	Did Aristotle spend time in Athens?	SUPPORTS	CONSISTENT	ENTAILMENT	ENTAILMENT	2.867109537124634	138.25830078125	0	{'retriever': 'bm25', 'topk': 5, 'reranker': False, 'prompt_edit': False, 'reindex': False}	NO_FAILURE	0	{}
David Packouz refused to be an entrepreneur.	The provided context does not contain any information about David Packouz's entrepreneurial activities or his refusal to become an entrepreneur.	"[""David Mordechai Packouz ( [ pækhaʊs ] born February 16 , 1982 ) is an American former arms dealer , musician , inventor and entrepreneur .   In 2005 , Packouz ( 23 years old at the time ) joined Efraim Diveroli ( 19 years old at the time ) in Diveroli 's arms company AEY Inc. . By the end of 2006 , the company had won 149 contracts worth around $ 10.5 million .""
 'Packouz was aware that the products were prohibited and would not be accepted , and was instrumental in the covering up of the origins of the ammunition . As a result of the publicity surrounding the contract and the age of the arms dealers -- Packouz was 25 and Diveroli was 21 when AEY landed the ammunition deal -- the United States Army began a review of its contracting procedures .   Packouz was sentenced to seven months house arrest for conspiracy to defraud the United States .'
 'He is the subject of the 2016 Todd Phillips drama-comedy film War Dogs , in which he is portrayed by Miles Teller . Packouz has a cameo in the film as a guitarist and singer at an elderly home .   Packouz went on to invent a guitar pedal drum machine , the BeatBuddy , and is currently the CEO of music technology company Singular Sound .'
 'For tradition is initially remembered behavior . Once it loses its practical purpose , there is no reason for further transmission unless it has been imbued with meaning beyond the initial practicality of the action . This meaning is at the core of folkloristics , the study of folklore .   With an increasingly theoretical sophistication of the social sciences , it has become evident that folklore is a naturally occurring and necessary component of any social group , it is indeed all around us . It does not have to be old or antiquated .'
 'In 2012 , DOE discovered a leak also from a double-shell tank caused by construction flaws and corrosion in the bottom , and that 12 double-shell tanks have similar construction flaws . Since then , DOE changed to monitoring single-shell tanks monthly and double-shell tanks every 3 years , and also changed monitoring methods . In March 2014 , DOE announced further delays in the construction of the Waste Treatment Plant , which will affect the schedule for removing waste from the tanks .  Intermittent discoveries of undocumented contamination have slowed the pace and raised the cost of cleanup .']"	REFUTES	Does David Packouz refuse to become an entrepreneur?	NOTENOUGHINFO	MISSING	CONTRADICTION	ENTAILMENT	4.895514488220215	150.328125	0	{'retriever': 'bm25', 'topk': 5, 'reranker': False, 'prompt_edit': False, 'reindex': False}	NO_FAILURE	0	{}
Magic Johnson did not play for the Lakers.	Magic Johnson played for the Lakers.	"[""Earvin `` Magic '' Johnson Jr. ( born August 14 , 1959 ) is an American retired professional basketball player and current president of basketball operations of the Los Angeles Lakers of the National Basketball Association ( NBA ) . He played point guard for the Lakers for 13 seasons . After winning championships in high school and college , Johnson was selected first overall in the 1979 NBA draft by the Lakers . He won a championship and an NBA Finals Most Valuable Player Award in his rookie season , and won four more championships with the Lakers during the 1980s .""
 ""He led the league in regular-season assists four times , and is the NBA 's all-time leader in average assists per game , at 11.2 . Johnson was a member of the 1992 United States men 's Olympic basketball team ( `` The Dream Team '' ) , which won the Olympic gold medal in 1992 . After leaving the NBA in 1992 , Johnson formed the Magic Johnson All-Stars , a barnstorming team that travelled around the world playing exhibition games .""
 ""Johnson retired abruptly in 1991 after announcing that he had contracted HIV , but returned to play in the 1992 All-Star Game , winning the All-Star MVP Award . After protests from his fellow players , he retired again for four years , but returned in 1996 , at age 36 , to play 32 games for the Lakers before retiring for the third and final time .   Johnson 's career achievements include three NBA MVP Awards , nine NBA Finals appearances , twelve All-Star games , and ten All-NBA First and Second Team nominations .""
 ""Named by Ebony magazine as one of America 's most influential black businessmen in 2009 , Johnson has numerous business interests , and was a part-owner of the Lakers for several years . Johnson also is part of a group of investors that purchased the Los Angeles Dodgers in 2012 and the Los Angeles Sparks in 2014 .""
 ""Chester Bennington , the band 's lead vocalist , initially disliked this song and did n't want it to be included on Hybrid Theory .""]"	REFUTES	Did Magic Johnson play for the Lakers?	REFUTES	CONSISTENT	CONTRADICTION	ENTAILMENT	2.6208581924438477	131.1318359375	0	{'retriever': 'bm25', 'topk': 5, 'reranker': False, 'prompt_edit': False, 'reindex': False}	NO_FAILURE	0	{}
Tenacious D started in 1997.	In 1997, Tenacious D starred in their eponymous television series and began supporting large rock acts.	"['Over time , the Earth cooled , causing the formation of a solid crust , and allowing liquid water to exist on the surface .   The geological time scale ( GTS ) clock ( see graphic ) depicts the larger spans of time from the beginning of the Earth as well as a chronology of some definitive events of Earth history . The Hadean Eon represents time before the reliable ( fossil ) record of life beginning on Earth ; it began with the formation of the planet and ended at 4.0 billion years ago as defined by international convention .'
 ""At seventeen or eighteen years of age , he joined Plato 's Academy in Athens and remained there until the age of thirty-seven ( c. 347 BC ) . His writings cover many subjects -- including physics , biology , zoology , metaphysics , logic , ethics , aesthetics , poetry , theater , music , rhetoric , linguistics , politics and government -- and constitute the first comprehensive system of Western philosophy . Shortly after Plato died , Aristotle left Athens and , at the request of Philip II of Macedon , tutored Alexander the Great beginning in 343 BC .""
 'Tenacious D is an American comedy rock duo that was formed in Los Angeles , California in 1994 . Composed of lead vocalist and guitarist Jack Black and lead guitarist and vocalist Kyle Gass , the band has released three albums -- Tenacious D ( 2001 ) , The Pick of Destiny ( 2006 ) and Rize of the Fenix ( 2012 ) .'
 'The Cretaceous ( [ pronkrᵻˈteɪʃəs ] , ) is a geologic period and system that spans 79 million years from the end of the Jurassic Period million years ago ( Mya ) to the beginning of the Paleogene Period Mya . It is the last period of the Mesozoic Era . The Cretaceous Period is usually abbreviated K , for its German translation Kreide ( chalk ) .'
 ""Tenacious D 's studio releases , and ( as of 2006 ) its live performances , feature a full band lineup , including such musicians as guitarist John Konesky and bassist John Spiker . Drummer Dave Grohl ( Foo Fighters , Nirvana ) has played on every studio release .   The band first gained popularity in 1997 when they starred in their eponymous television series and began to support large rock acts . In 2001 , they released Tenacious D , their debut album featuring a full band .""]"	REFUTES	Did tenacious d begin their existence in the year nineteen ninety seven?	SUPPORTS	CONSISTENT	CONTRADICTION	CONTRADICTION	3.592670202255249	147.9736328125	0	{'retriever': 'bm25', 'topk': 5, 'reranker': False, 'prompt_edit': False, 'reindex': False}	WRONG_RESPONSE_FAILURE	0	{}
Tenacious D started in 1997.	In 1997, Tenacious D starred in their eponymous television series and began supporting large rock acts.	"['Over time , the Earth cooled , causing the formation of a solid crust , and allowing liquid water to exist on the surface .   The geological time scale ( GTS ) clock ( see graphic ) depicts the larger spans of time from the beginning of the Earth as well as a chronology of some definitive events of Earth history . The Hadean Eon represents time before the reliable ( fossil ) record of life beginning on Earth ; it began with the formation of the planet and ended at 4.0 billion years ago as defined by international convention .'
 ""At seventeen or eighteen years of age , he joined Plato 's Academy in Athens and remained there until the age of thirty-seven ( c. 347 BC ) . His writings cover many subjects -- including physics , biology , zoology , metaphysics , logic , ethics , aesthetics , poetry , theater , music , rhetoric , linguistics , politics and government -- and constitute the first comprehensive system of Western philosophy . Shortly after Plato died , Aristotle left Athens and , at the request of Philip II of Macedon , tutored Alexander the Great beginning in 343 BC .""
 'Tenacious D is an American comedy rock duo that was formed in Los Angeles , California in 1994 . Composed of lead vocalist and guitarist Jack Black and lead guitarist and vocalist Kyle Gass , the band has released three albums -- Tenacious D ( 2001 ) , The Pick of Destiny ( 2006 ) and Rize of the Fenix ( 2012 ) .'
 'The Cretaceous ( [ pronkrᵻˈteɪʃəs ] , ) is a geologic period and system that spans 79 million years from the end of the Jurassic Period million years ago ( Mya ) to the beginning of the Paleogene Period Mya . It is the last period of the Mesozoic Era . The Cretaceous Period is usually abbreviated K , for its German translation Kreide ( chalk ) .'
 ""Tenacious D 's studio releases , and ( as of 2006 ) its live performances , feature a full band lineup , including such musicians as guitarist John Konesky and bassist John Spiker . Drummer Dave Grohl ( Foo Fighters , Nirvana ) has played on every studio release .   The band first gained popularity in 1997 when they starred in their eponymous television series and began to support large rock acts . In 2001 , they released Tenacious D , their debut album featuring a full band .""]"	REFUTES	Did tenacious d begin their existence in the year nineteen ninety seven?	SUPPORTS	CONSISTENT	CONTRADICTION	CONTRADICTION	3.6003689765930176	154.6171875	2	{'retriever': 'bm25', 'topk': 5, 'reranker': False, 'prompt_edit': 'WR', 'reindex': False}	WRONG_RESPONSE_FAILURE	1	{'total_reward': 1.0, 'failure_reward': 0.0, 'faithfulness_reward': 1.0, 'prediction_reward': 0.0, 'consistency_reward': 1.0, 'latency_budget_reward': 1.0, 'vram_budget_reward': 1.0}
Tenacious D started in 1997.	In 1997, Tenacious D starred in their eponymous television series and began supporting large rock acts.	"['Tenacious D is an American comedy rock duo that was formed in Los Angeles , California in 1994 . Composed of lead vocalist and guitarist Jack Black and lead guitarist and vocalist Kyle Gass , the band has released three albums -- Tenacious D ( 2001 ) , The Pick of Destiny ( 2006 ) and Rize of the Fenix ( 2012 ) .'
 ""Tenacious D 's studio releases , and ( as of 2006 ) its live performances , feature a full band lineup , including such musicians as guitarist John Konesky and bassist John Spiker . Drummer Dave Grohl ( Foo Fighters , Nirvana ) has played on every studio release .   The band first gained popularity in 1997 when they starred in their eponymous television series and began to support large rock acts . In 2001 , they released Tenacious D , their debut album featuring a full band .""
 ""At seventeen or eighteen years of age , he joined Plato 's Academy in Athens and remained there until the age of thirty-seven ( c. 347 BC ) . His writings cover many subjects -- including physics , biology , zoology , metaphysics , logic , ethics , aesthetics , poetry , theater , music , rhetoric , linguistics , politics and government -- and constitute the first comprehensive system of Western philosophy . Shortly after Plato died , Aristotle left Athens and , at the request of Philip II of Macedon , tutored Alexander the Great beginning in 343 BC .""]"	REFUTES	Did tenacious d begin their existence in the year nineteen ninety seven?	SUPPORTS	CONSISTENT	CONTRADICTION	NEUTRAL	3.5245156288146973	112.013671875	4	{'retriever': 'bm25', 'topk': 5, 'reranker': True, 'prompt_edit': 'WP', 'reindex': False}	WRONG_RESPONSE_FAILURE	2	{'total_reward': 1.0, 'failure_reward': 0.0, 'faithfulness_reward': 0.0, 'prediction_reward': 0.0, 'consistency_reward': 1.0, 'latency_budget_reward': 1.0, 'vram_budget_reward': 1.0}
Tenacious D started in 1997.	In 1997, Tenacious D starred in their eponymous television series and began supporting large rock acts.	"['Over time , the Earth cooled , causing the formation of a solid crust , and allowing liquid water to exist on the surface .   The geological time scale ( GTS ) clock ( see graphic ) depicts the larger spans of time from the beginning of the Earth as well as a chronology of some definitive events of Earth history . The Hadean Eon represents time before the reliable ( fossil ) record of life beginning on Earth ; it began with the formation of the planet and ended at 4.0 billion years ago as defined by international convention .'
 ""At seventeen or eighteen years of age , he joined Plato 's Academy in Athens and remained there until the age of thirty-seven ( c. 347 BC ) . His writings cover many subjects -- including physics , biology , zoology , metaphysics , logic , ethics , aesthetics , poetry , theater , music , rhetoric , linguistics , politics and government -- and constitute the first comprehensive system of Western philosophy . Shortly after Plato died , Aristotle left Athens and , at the request of Philip II of Macedon , tutored Alexander the Great beginning in 343 BC .""
 'Tenacious D is an American comedy rock duo that was formed in Los Angeles , California in 1994 . Composed of lead vocalist and guitarist Jack Black and lead guitarist and vocalist Kyle Gass , the band has released three albums -- Tenacious D ( 2001 ) , The Pick of Destiny ( 2006 ) and Rize of the Fenix ( 2012 ) .'
 'The Cretaceous ( [ pronkrᵻˈteɪʃəs ] , ) is a geologic period and system that spans 79 million years from the end of the Jurassic Period million years ago ( Mya ) to the beginning of the Paleogene Period Mya . It is the last period of the Mesozoic Era . The Cretaceous Period is usually abbreviated K , for its German translation Kreide ( chalk ) .'
 ""Tenacious D 's studio releases , and ( as of 2006 ) its live performances , feature a full band lineup , including such musicians as guitarist John Konesky and bassist John Spiker . Drummer Dave Grohl ( Foo Fighters , Nirvana ) has played on every studio release .   The band first gained popularity in 1997 when they starred in their eponymous television series and began to support large rock acts . In 2001 , they released Tenacious D , their debut album featuring a full band .""]"	REFUTES	Did tenacious d begin their existence in the year nineteen ninety seven?	SUPPORTS	CONSISTENT	CONTRADICTION	CONTRADICTION	3.9676151275634766	147.9736328125	0	{'retriever': 'bm25', 'topk': 5, 'reranker': False, 'prompt_edit': False, 'reindex': False}	WRONG_RESPONSE_FAILURE	3	{'total_reward': 1.0, 'failure_reward': 0.0, 'faithfulness_reward': 1.0, 'prediction_reward': 0.0, 'consistency_reward': 1.0, 'latency_budget_reward': 1.0, 'vram_budget_reward': 1.0}
Tenacious D started in 1997.	In 1997, Tenacious D starred in their eponymous television series and began supporting large rock acts.	"['Over time , the Earth cooled , causing the formation of a solid crust , and allowing liquid water to exist on the surface .   The geological time scale ( GTS ) clock ( see graphic ) depicts the larger spans of time from the beginning of the Earth as well as a chronology of some definitive events of Earth history . The Hadean Eon represents time before the reliable ( fossil ) record of life beginning on Earth ; it began with the formation of the planet and ended at 4.0 billion years ago as defined by international convention .'
 ""At seventeen or eighteen years of age , he joined Plato 's Academy in Athens and remained there until the age of thirty-seven ( c. 347 BC ) . His writings cover many subjects -- including physics , biology , zoology , metaphysics , logic , ethics , aesthetics , poetry , theater , music , rhetoric , linguistics , politics and government -- and constitute the first comprehensive system of Western philosophy . Shortly after Plato died , Aristotle left Athens and , at the request of Philip II of Macedon , tutored Alexander the Great beginning in 343 BC .""
 'Tenacious D is an American comedy rock duo that was formed in Los Angeles , California in 1994 . Composed of lead vocalist and guitarist Jack Black and lead guitarist and vocalist Kyle Gass , the band has released three albums -- Tenacious D ( 2001 ) , The Pick of Destiny ( 2006 ) and Rize of the Fenix ( 2012 ) .'
 'The Cretaceous ( [ pronkrᵻˈteɪʃəs ] , ) is a geologic period and system that spans 79 million years from the end of the Jurassic Period million years ago ( Mya ) to the beginning of the Paleogene Period Mya . It is the last period of the Mesozoic Era . The Cretaceous Period is usually abbreviated K , for its German translation Kreide ( chalk ) .'
 ""Tenacious D 's studio releases , and ( as of 2006 ) its live performances , feature a full band lineup , including such musicians as guitarist John Konesky and bassist John Spiker . Drummer Dave Grohl ( Foo Fighters , Nirvana ) has played on every studio release .   The band first gained popularity in 1997 when they starred in their eponymous television series and began to support large rock acts . In 2001 , they released Tenacious D , their debut album featuring a full band .""]"	REFUTES	Did tenacious d begin their existence in the year nineteen ninety seven?	SUPPORTS	CONSISTENT	CONTRADICTION	CONTRADICTION	4.292165517807007	147.9736328125	0	{'retriever': 'bm25', 'topk': 5, 'reranker': False, 'prompt_edit': False, 'reindex': False}	WRONG_RESPONSE_FAILURE	4	{'total_reward': 1.0, 'failure_reward': 0.0, 'faithfulness_reward': 1.0, 'prediction_reward': 0.0, 'consistency_reward': 1.0, 'latency_budget_reward': 1.0, 'vram_budget_reward': 1.0}
Tenacious D started in 1997.	In 1997, Tenacious D starred in their eponymous television series and began supporting large rock acts.	"['Tenacious D is an American comedy rock duo that was formed in Los Angeles , California in 1994 . Composed of lead vocalist and guitarist Jack Black and lead guitarist and vocalist Kyle Gass , the band has released three albums -- Tenacious D ( 2001 ) , The Pick of Destiny ( 2006 ) and Rize of the Fenix ( 2012 ) .'
 ""Tenacious D 's studio releases , and ( as of 2006 ) its live performances , feature a full band lineup , including such musicians as guitarist John Konesky and bassist John Spiker . Drummer Dave Grohl ( Foo Fighters , Nirvana ) has played on every studio release .   The band first gained popularity in 1997 when they starred in their eponymous television series and began to support large rock acts . In 2001 , they released Tenacious D , their debut album featuring a full band .""
 ""At seventeen or eighteen years of age , he joined Plato 's Academy in Athens and remained there until the age of thirty-seven ( c. 347 BC ) . His writings cover many subjects -- including physics , biology , zoology , metaphysics , logic , ethics , aesthetics , poetry , theater , music , rhetoric , linguistics , politics and government -- and constitute the first comprehensive system of Western philosophy . Shortly after Plato died , Aristotle left Athens and , at the request of Philip II of Macedon , tutored Alexander the Great beginning in 343 BC .""]"	REFUTES	Did tenacious d begin their existence in the year nineteen ninety seven?	SUPPORTS	CONSISTENT	CONTRADICTION	NEUTRAL	4.100370407104492	97.45654296875	3	{'retriever': 'bm25', 'topk': 5, 'reranker': True, 'prompt_edit': False, 'reindex': False}	WRONG_RESPONSE_FAILURE	5	{'total_reward': 1.0, 'failure_reward': 0.0, 'faithfulness_reward': 0.0, 'prediction_reward': 0.0, 'consistency_reward': 1.0, 'latency_budget_reward': 1.0, 'vram_budget_reward': 1.0}
James VI and I was a major advocate of a single parliament for Scotland and England.	The context indicates that James VI and I advocated for a single parliament for both Scotland and England.	"['James VI and I ( 19 June 1566 -- 27 March 1625 ) was King of Scotland as James VI from 24 July 1567 and King of England and Ireland as James I from the union of the Scottish and English crowns on 24 March 1603 until his death . The kingdoms of Scotland and England were individual sovereign states , with their own parliaments , judiciary , and laws , though both were ruled by James in personal union .'
 ""He was a major advocate of a single parliament for England and Scotland . In his reign , the Plantation of Ulster and British colonization of the Americas began .   At 57 years and 246 days , James 's reign in Scotland was longer than those of any of his predecessors . He achieved most of his aims in Scotland but faced great difficulties in England , including the Gunpowder Plot in 1605 and repeated conflicts with the English Parliament .""
 ""In 1603 , he succeeded the last Tudor monarch of England and Ireland , Elizabeth I , who died without issue . He continued to reign in all three kingdoms for 22 years , a period known after him as the Jacobean era , until his death in 1625 at the age of 58 . After the Union of the Crowns , he based himself in England ( the largest of the three realms ) from 1603 , only returning to Scotland once in 1617 , and styled himself `` King of Great Britain and Ireland '' .""
 'James was the son of Mary , Queen of Scots , and a great-great-grandson of Henry VII , King of England and Lord of Ireland , positioning him to eventually accede to all three thrones . James succeeded to the Scottish throne at the age of thirteen months , after his mother Mary was compelled to abdicate in his favour . Four different regents governed during his minority , which ended officially in 1578 , though he did not gain full control of his government until 1583 .'
 'That same year , she was appointed as a UN Women Goodwill Ambassador and helped launch the UN Women campaign HeForShe , which calls for men to advocate gender equality .']"	SUPPORTS	Was James VI and I an advocate of a single parliament for both Scotland and England?	SUPPORTS	CONSISTENT	CONTRADICTION	CONTRADICTION	4.0938897132873535	137.328125	0	{'retriever': 'bm25', 'topk': 5, 'reranker': False, 'prompt_edit': False, 'reindex': False}	WRONG_RESPONSE_FAILURE	0	{}
James VI and I was a major advocate of a single parliament for Scotland and England.	He was a major advocate of a single parliament for England and Scotland.	"[""He was a major advocate of a single parliament for England and Scotland . In his reign , the Plantation of Ulster and British colonization of the Americas began .   At 57 years and 246 days , James 's reign in Scotland was longer than those of any of his predecessors . He achieved most of his aims in Scotland but faced great difficulties in England , including the Gunpowder Plot in 1605 and repeated conflicts with the English Parliament .""
 'James VI and I ( 19 June 1566 -- 27 March 1625 ) was King of Scotland as James VI from 24 July 1567 and King of England and Ireland as James I from the union of the Scottish and English crowns on 24 March 1603 until his death . The kingdoms of Scotland and England were individual sovereign states , with their own parliaments , judiciary , and laws , though both were ruled by James in personal union .'
 'James was the son of Mary , Queen of Scots , and a great-great-grandson of Henry VII , King of England and Lord of Ireland , positioning him to eventually accede to all three thrones . James succeeded to the Scottish throne at the age of thirteen months , after his mother Mary was compelled to abdicate in his favour . Four different regents governed during his minority , which ended officially in 1578 , though he did not gain full control of his government until 1583 .']"	SUPPORTS	Was James VI and I an advocate of a single parliament for both Scotland and England?	SUPPORTS	MISSING	NEUTRAL	NEUTRAL	3.0379104614257812	104.0537109375	5	{'retriever': 'bm25', 'topk': 5, 'reranker': True, 'prompt_edit': 'WR', 'reindex': False}	NOTENOUGHINFO_FAILURE	1	{'total_reward': 1.0, 'failure_reward': 0.0, 'faithfulness_reward': 0.0, 'prediction_reward': 1.0, 'consistency_reward': 0.0, 'latency_budget_reward': 1.0, 'vram_budget_reward': 1.0}
James VI and I was a major advocate of a single parliament for Scotland and England.	He was a major advocate of a single parliament for England and Scotland.	"[""He was a major advocate of a single parliament for England and Scotland . In his reign , the Plantation of Ulster and British colonization of the Americas began .   At 57 years and 246 days , James 's reign in Scotland was longer than those of any of his predecessors . He achieved most of his aims in Scotland but faced great difficulties in England , including the Gunpowder Plot in 1605 and repeated conflicts with the English Parliament .""
 'James VI and I ( 19 June 1566 -- 27 March 1625 ) was King of Scotland as James VI from 24 July 1567 and King of England and Ireland as James I from the union of the Scottish and English crowns on 24 March 1603 until his death . The kingdoms of Scotland and England were individual sovereign states , with their own parliaments , judiciary , and laws , though both were ruled by James in personal union .'
 'James was the son of Mary , Queen of Scots , and a great-great-grandson of Henry VII , King of England and Lord of Ireland , positioning him to eventually accede to all three thrones . James succeeded to the Scottish throne at the age of thirteen months , after his mother Mary was compelled to abdicate in his favour . Four different regents governed during his minority , which ended officially in 1578 , though he did not gain full control of his government until 1583 .']"	SUPPORTS	Was James VI and I an advocate of a single parliament for both Scotland and England?	SUPPORTS	MISSING	NEUTRAL	NEUTRAL	4.38128399848938	163.92138671875	3	{'retriever': 'bm25', 'topk': 10, 'reranker': True, 'prompt_edit': 'WR', 'reindex': True}	NOTENOUGHINFO_FAILURE	2	{'total_reward': 1.0, 'failure_reward': 0.0, 'faithfulness_reward': 0.0, 'prediction_reward': 1.0, 'consistency_reward': 0.0, 'latency_budget_reward': 1.0, 'vram_budget_reward': 1.0}
James VI and I was a major advocate of a single parliament for Scotland and England.	He was a major advocate of a single parliament for England and Scotland.	"[""He was a major advocate of a single parliament for England and Scotland . In his reign , the Plantation of Ulster and British colonization of the Americas began .   At 57 years and 246 days , James 's reign in Scotland was longer than those of any of his predecessors . He achieved most of his aims in Scotland but faced great difficulties in England , including the Gunpowder Plot in 1605 and repeated conflicts with the English Parliament .""
 'James VI and I ( 19 June 1566 -- 27 March 1625 ) was King of Scotland as James VI from 24 July 1567 and King of England and Ireland as James I from the union of the Scottish and English crowns on 24 March 1603 until his death . The kingdoms of Scotland and England were individual sovereign states , with their own parliaments , judiciary , and laws , though both were ruled by James in personal union .'
 'James was the son of Mary , Queen of Scots , and a great-great-grandson of Henry VII , King of England and Lord of Ireland , positioning him to eventually accede to all three thrones . James succeeded to the Scottish throne at the age of thirteen months , after his mother Mary was compelled to abdicate in his favour . Four different regents governed during his minority , which ended officially in 1578 , though he did not gain full control of his government until 1583 .']"	SUPPORTS	Was James VI and I an advocate of a single parliament for both Scotland and England?	SUPPORTS	MISSING	NEUTRAL	NEUTRAL	4.367021560668945	104.0537109375	9	{'retriever': 'dense', 'topk': 10, 'reranker': True, 'prompt_edit': 'WR', 'reindex': True}	NOTENOUGHINFO_FAILURE	3	{'total_reward': 1.0, 'failure_reward': 0.0, 'faithfulness_reward': 0.0, 'prediction_reward': 1.0, 'consistency_reward': 0.0, 'latency_budget_reward': 1.0, 'vram_budget_reward': 1.0}
James VI and I was a major advocate of a single parliament for Scotland and England.	He was a major advocate of a single parliament for England and Scotland.	"[""He was a major advocate of a single parliament for England and Scotland . In his reign , the Plantation of Ulster and British colonization of the Americas began .   At 57 years and 246 days , James 's reign in Scotland was longer than those of any of his predecessors . He achieved most of his aims in Scotland but faced great difficulties in England , including the Gunpowder Plot in 1605 and repeated conflicts with the English Parliament .""
 'James VI and I ( 19 June 1566 -- 27 March 1625 ) was King of Scotland as James VI from 24 July 1567 and King of England and Ireland as James I from the union of the Scottish and English crowns on 24 March 1603 until his death . The kingdoms of Scotland and England were individual sovereign states , with their own parliaments , judiciary , and laws , though both were ruled by James in personal union .'
 'James was the son of Mary , Queen of Scots , and a great-great-grandson of Henry VII , King of England and Lord of Ireland , positioning him to eventually accede to all three thrones . James succeeded to the Scottish throne at the age of thirteen months , after his mother Mary was compelled to abdicate in his favour . Four different regents governed during his minority , which ended officially in 1578 , though he did not gain full control of his government until 1583 .']"	SUPPORTS	Was James VI and I an advocate of a single parliament for both Scotland and England?	SUPPORTS	MISSING	NEUTRAL	NEUTRAL	3.0543739795684814	104.0537109375	6	{'retriever': 'dense', 'topk': 5, 'reranker': True, 'prompt_edit': 'WR', 'reindex': False}	NOTENOUGHINFO_FAILURE	4	{'total_reward': 1.0, 'failure_reward': 0.0, 'faithfulness_reward': 0.0, 'prediction_reward': 1.0, 'consistency_reward': 0.0, 'latency_budget_reward': 1.0, 'vram_budget_reward': 1.0}
James VI and I was a major advocate of a single parliament for Scotland and England.	He was a major advocate of a single parliament for England and Scotland.	"[""He was a major advocate of a single parliament for England and Scotland . In his reign , the Plantation of Ulster and British colonization of the Americas began .   At 57 years and 246 days , James 's reign in Scotland was longer than those of any of his predecessors . He achieved most of his aims in Scotland but faced great difficulties in England , including the Gunpowder Plot in 1605 and repeated conflicts with the English Parliament .""
 'James VI and I ( 19 June 1566 -- 27 March 1625 ) was King of Scotland as James VI from 24 July 1567 and King of England and Ireland as James I from the union of the Scottish and English crowns on 24 March 1603 until his death . The kingdoms of Scotland and England were individual sovereign states , with their own parliaments , judiciary , and laws , though both were ruled by James in personal union .'
 'James was the son of Mary , Queen of Scots , and a great-great-grandson of Henry VII , King of England and Lord of Ireland , positioning him to eventually accede to all three thrones . James succeeded to the Scottish throne at the age of thirteen months , after his mother Mary was compelled to abdicate in his favour . Four different regents governed during his minority , which ended officially in 1578 , though he did not gain full control of his government until 1583 .']"	SUPPORTS	Was James VI and I an advocate of a single parliament for both Scotland and England?	SUPPORTS	MISSING	NEUTRAL	NEUTRAL	3.0663015842437744	104.0537109375	8	{'retriever': 'dense', 'topk': 10, 'reranker': True, 'prompt_edit': 'WR', 'reindex': False}	NOTENOUGHINFO_FAILURE	5	{'total_reward': 1.0, 'failure_reward': 0.0, 'faithfulness_reward': 0.0, 'prediction_reward': 1.0, 'consistency_reward': 0.0, 'latency_budget_reward': 1.0, 'vram_budget_reward': 1.0}
Marcus Bentley is a broadcaster.	Marcus Bentley is described as a broadcaster in the provided context.	"[""Marcus Morgan Bentley ( born 4 October 1967 ) is a British actor , broadcaster and voice-over artist . Bentley is most famous for narrating the United Kingdom 's version of the Dutch reality television programme Big Brother since its inception in 2000 . He also did other continuity announcements for Channel 4 until he left in July 2011 to continue narrating the revived Big Brother on Channel 5 . Bentley 's voice-over work and Geordie accent has led to him becoming one of Britain 's most recognised voices .""
 ""Bentley has also appeared on stage and in The Bill and London 's Burning . Although he rarely makes public appearances , his public profile has been raised since Big Brothers revival on Channel 5 .""
 ""Horses in the subspecies caballus are domesticated , although some domesticated populations live in the wild as feral horses . These feral populations are not true wild horses , as this term is used to describe horses that have never been domesticated , such as the endangered Przewalski 's horse , a separate subspecies , and the only remaining true wild horse . There is an extensive , specialized vocabulary used to describe equine-related concepts , covering everything from anatomy to life stages , size , colors , markings , breeds , locomotion , and behavior .""
 'It popularized broadcasting on closed-circuit television and was financially successful . From 1987 , Starrcade was broadcast on pay-per-view , the first NWA event to do so .   The rights to the event now belong to WWE ( formerly the World Wrestling Federation ) . In November 2008 , WWE 24/7 Classics aired a special as a celebration of the 25th anniversary of the event called The Essential Starrcade . This five-part series counts down the top 25 matches in Starrcade history .'
 ""Poldark is a British-American drama television series that was first broadcast on BBC One on 8 March 2015 . The first eight-part series ( aired in seven parts in the USA ) was based on the first two Poldark novels by Winston Graham , adapted by Debbie Horsfield and directed by Edward Bazalgette and Will McGregor . An earlier television series of the same name was based on Graham 's first four Poldark novels , broadcast by BBC One between 1975 and 1977 .""]"	SUPPORTS	Is it true that Marcus Bentley is a broadcaster?	SUPPORTS	MISSING	ENTAILMENT	ENTAILMENT	2.9090025424957275	142.70703125	0	{'retriever': 'bm25', 'topk': 5, 'reranker': False, 'prompt_edit': False, 'reindex': False}	NO_FAILURE	0	{}
Saxony is in Ireland.	The provided context does not contain any information about Saxony's location relative to Ireland.	"[""Liberec and Ústí nad Labem Regions ) . Its capital is Dresden , and its largest city is Leipzig .   Saxony is the tenth largest of Germany 's sixteen states , with an area of 18,413 km2 , and the sixth most populous , with 4 million people .   Located in the middle of a large , formerly all German-speaking part of Europe , the history of the state of Saxony spans more than a millennium . It has been a medieval duchy , an electorate of the Holy Roman Empire , a kingdom , and twice a republic .""
 'The area of the modern state of Saxony should not be confused with Old Saxony , the area inhabited by Saxons . Old Saxony corresponds approximately to the modern German states of Lower Saxony , Saxony-Anhalt and the Westphalian part of North Rhine-Westphalia .'
 'The Free State of Saxony ( der Freistaat Sachsen [ ˈfʁaɪ̯ʃtaːt ˈzaksn̩ ] Swobodny stat Sakska ) is a landlocked federal state of Germany , bordering the federal states of Brandenburg , Saxony Anhalt , Thuringia , and Bavaria , as well as the countries of Poland ( Lower Silesian and Lubusz Voivodeships ) and the Czech Republic ( Karlovy Vary ,'
 ""Topman is the stand-alone fashion business counterpart of Topshop that caters exclusively to men 's clothing . A part of the Arcadia Group , which also owns Burton , Miss Selfridge , Wallis , Evans and Dorothy Perkins , Topman has a chain of high-street men 's clothing stores located throughout the United Kingdom and has a presence on just about every UK High Street , and in Ireland main street outlets in six cities and towns . Topman stores almost always share their premises with Topshop .""
 ""Horses in the subspecies caballus are domesticated , although some domesticated populations live in the wild as feral horses . These feral populations are not true wild horses , as this term is used to describe horses that have never been domesticated , such as the endangered Przewalski 's horse , a separate subspecies , and the only remaining true wild horse . There is an extensive , specialized vocabulary used to describe equine-related concepts , covering everything from anatomy to life stages , size , colors , markings , breeds , locomotion , and behavior .""]"	REFUTES	Is it true that Saxony is located in Ireland?	NOTENOUGHINFO	MISSING	CONTRADICTION	ENTAILMENT	3.1517088413238525	141.1787109375	0	{'retriever': 'bm25', 'topk': 5, 'reranker': False, 'prompt_edit': False, 'reindex': False}	NO_FAILURE	0	{}
In the End has baseball in it.	The provided context does not contain any information about the word 'baseball' or the document titled 'In the End'.	"['In 2012 , DOE discovered a leak also from a double-shell tank caused by construction flaws and corrosion in the bottom , and that 12 double-shell tanks have similar construction flaws . Since then , DOE changed to monitoring single-shell tanks monthly and double-shell tanks every 3 years , and also changed monitoring methods . In March 2014 , DOE announced further delays in the construction of the Waste Treatment Plant , which will affect the schedule for removing waste from the tanks .  Intermittent discoveries of undocumented contamination have slowed the pace and raised the cost of cleanup .'
 ""It does not have to be old or antiquated . It continues to be created , transmitted and in any group is used to differentiate between `` us '' and `` them '' .""
 'In 2011 , the federal agency charged with overseeing the site , the US Department of Energy ( DOE ) , emptied 149 single-shell tanks by pumping nearly all of the liquid waste out into 28 newer double-shell tanks . DOE later found water intruding into at least 14 single-shell tanks and that one of them had been leaking about 640 USgal per year into the ground since about 2010 .'
 ""In January 2016 , it had a population of 17,316 , making it one of the smallest capital cities in the world by population .   Nuuk is the Kalaallisut word for `` cape '' . It is so named because of its position at the end of the Nuup Kangerlua fjord on the eastern shore of the Labrador Sea . Its latitude , at 64 ° 10 ' N , makes it the world 's northernmost capital , located only a few kilometres farther north than the Icelandic capital Reykjavík .""
 ""Valencia is Spain 's third largest metropolitan area , with a population ranging from 1.7 to 2.5 million . The Port of Valencia is the 5th busiest container port in Europe and the busiest container port on the Mediterranean Sea . The city is ranked at Gamma in the Globalization and World Cities Research Network .   Valencia was founded as a Roman colony by the consul Decimus Junius Brutus Callaicus in 138 BC , and called Valentia Edetanorum .""]"	NOTENOUGHINFO	"Does ""In the End"" contain the word ""baseball""?"	NOTENOUGHINFO	MISSING	CONTRADICTION	ENTAILMENT	5.032200336456299	135.47607421875	0	{'retriever': 'bm25', 'topk': 5, 'reranker': False, 'prompt_edit': False, 'reindex': False}	NO_FAILURE	0	{}
Mel B released a song on Virgin Records in 2007.	Mel B released a song under the Virgin Records label in the year 2007.	"[""Brown began her solo career when she released `` I Want You Back '' with Missy Elliott on Virgin Records . The single charted at number one on the UK Singles Chart , followed by the release of her debut album , Hot ( 2000 ) . The album also saw the release of two top 10 singles `` Tell Me '' and `` Feels So Good '' . L.A. State of Mind was Brown 's second studio album , released in 2005 on the independent label Amber Café , which saw the release of one single , `` Today '' in June that year .""
 'It debuted at # 81 on the Top 100 Mexican Albums Chart . Bell released an EP in 2011 called A Reminder independently . In 2014 , Bell released his third album , Ready Steady Go ! under indie label Surfdog Records . Ready Steady Go ! debuted at # 182 on the Billboard 200 , and sold 2,000 copies in its first week of release .'
 ""Avenged Sevenfold is the eponymous fourth studio album by American heavy metal band Avenged Sevenfold , released on October 30 , 2007 by Warner Bros. . Records . The album , originally slated for an October 16 release , was delayed by two weeks in order to provide more time to complete bonus material and production for the record , including the making of the animated music video for the song `` A Little Piece of Heaven '' . The album debuted at number 4 on the Billboard 200 .""
 'In 1997 , to coincide with the release of Nimrod , Armstrong founded Adeline Records in Oakland to help support other bands releasing music and signed bands such as The Frustrators , AFI and Dillinger Four . The record company has since come under the management of Pat Magnarella .'
 ""`` I Kissed a Girl '' is a song recorded by American singer Katy Perry for her second studio album , One of the Boys ( 2008 ) . It was released on April 28 , 2008 , by Capitol Records as the lead single from the record . Perry co-wrote the song with its producers Dr. Luke and Benny Blanco , with additional songwriting provided by Max Martin and Cathy Dennis . `` I Kissed a Girl '' is a pop rock song with elements of new wave .""]"	SUPPORTS	Did Mel B release a song under the Virgin Records label in the year 2007?	SUPPORTS	CONSISTENT	NEUTRAL	NEUTRAL	5.058753252029419	149.3837890625	0	{'retriever': 'bm25', 'topk': 5, 'reranker': False, 'prompt_edit': False, 'reindex': False}	NOTENOUGHINFO_FAILURE	0	{}
Mel B released a song on Virgin Records in 2007.	Mel B released a song under the Virgin Records label in the year 2007.	"[""Brown began her solo career when she released `` I Want You Back '' with Missy Elliott on Virgin Records . The single charted at number one on the UK Singles Chart , followed by the release of her debut album , Hot ( 2000 ) . The album also saw the release of two top 10 singles `` Tell Me '' and `` Feels So Good '' . L.A. State of Mind was Brown 's second studio album , released in 2005 on the independent label Amber Café , which saw the release of one single , `` Today '' in June that year .""
 'It debuted at # 81 on the Top 100 Mexican Albums Chart . Bell released an EP in 2011 called A Reminder independently . In 2014 , Bell released his third album , Ready Steady Go ! under indie label Surfdog Records . Ready Steady Go ! debuted at # 182 on the Billboard 200 , and sold 2,000 copies in its first week of release .'
 ""Avenged Sevenfold is the eponymous fourth studio album by American heavy metal band Avenged Sevenfold , released on October 30 , 2007 by Warner Bros. . Records . The album , originally slated for an October 16 release , was delayed by two weeks in order to provide more time to complete bonus material and production for the record , including the making of the animated music video for the song `` A Little Piece of Heaven '' . The album debuted at number 4 on the Billboard 200 .""
 'In 1997 , to coincide with the release of Nimrod , Armstrong founded Adeline Records in Oakland to help support other bands releasing music and signed bands such as The Frustrators , AFI and Dillinger Four . The record company has since come under the management of Pat Magnarella .'
 ""`` I Kissed a Girl '' is a song recorded by American singer Katy Perry for her second studio album , One of the Boys ( 2008 ) . It was released on April 28 , 2008 , by Capitol Records as the lead single from the record . Perry co-wrote the song with its producers Dr. Luke and Benny Blanco , with additional songwriting provided by Max Martin and Cathy Dennis . `` I Kissed a Girl '' is a pop rock song with elements of new wave .""]"	SUPPORTS	Did Mel B release a song under the Virgin Records label in the year 2007?	SUPPORTS	CONSISTENT	NEUTRAL	NEUTRAL	5.603165864944458	149.3837890625	3	{'retriever': 'bm25', 'topk': 10, 'reranker': False, 'prompt_edit': False, 'reindex': True}	NOTENOUGHINFO_FAILURE	1	{'total_reward': 1.0, 'failure_reward': 0.0, 'faithfulness_reward': 0.0, 'prediction_reward': 1.0, 'consistency_reward': 1.0, 'latency_budget_reward': 1.0, 'vram_budget_reward': 1.0}
Mel B released a song on Virgin Records in 2007.	Mel B released a song under the Virgin Records label in the year 2007.	"[""In mid-2012 , Brown announced a return to her solo recording career with the release of her third studio album by signing with EMI Music Australia . The scope of the deal with EMI office includes concessions for global partnering with EMI . The first single from the album , `` For Once in My Life '' was released in September 2013 , becoming Brown 's first record to be released after eight years .   Since 2000 , Brown has concentrated on a variety of non-singing projects .""
 ""Brown began her solo career when she released `` I Want You Back '' with Missy Elliott on Virgin Records . The single charted at number one on the UK Singles Chart , followed by the release of her debut album , Hot ( 2000 ) . The album also saw the release of two top 10 singles `` Tell Me '' and `` Feels So Good '' . L.A. State of Mind was Brown 's second studio album , released in 2005 on the independent label Amber Café , which saw the release of one single , `` Today '' in June that year .""
 'The album was released in June 2013 .'
 ""Kesha Rose Sebert ( [ ˈkɛʃə_roʊz_ˈsɛbərt ] ; born March 1 , 1987 ; formerly stylized as Ke $ ha ) is an American singer , songwriter , and rapper . In 2005 , at age 18 , Kesha was signed to producer Dr. Luke 's label Kemosabe Records . Her breakthrough came in early 2009 after appearing on American rapper Flo Rida 's number-one single `` Right Round '' .""
 ""He released his first single , `` Frontin ' '' , in 2003 and followed up with his debut solo album , In My Mind in 2006 . His second album , Girl , was released on March 3 , 2014 . This album was preceded by the commercially successful single , `` Happy '' . As part of the Neptunes , Williams has produced numerous hit singles for various recording artists .""
 'As of November 2013 , she has reportedly sold over 33 million records ( albums , tracks , and ringtones ) in the United States and 60 million records worldwide .   Her recorded output has been curtailed since 2013 due to a legal dispute with her former producer Dr. Luke , in which a series of lawsuits ( known collectively as Kesha v. Dr. Luke ) were exchanged between the two parties . Kesha alleged physical and emotional abuse and employment discrimination against Dr. Luke , while Dr.'
 ""Her debut album , Animal , and her first extended play , Cannibal , were released in 2010 . Kesha 's music and image propelled her to immediate commercial success , with Animal debuting as the number-one album in the United States . She also achieved 3 more number-one singles , `` Tik Tok '' and `` We R Who We R '' as a solo artist , and `` Timber '' as a featured artist , and a string of top-ten singles from the album and its re-release .""
 ""Girl ( stylized as G I R L ) is the second studio album by American singer and record producer Pharrell Williams . The album was released on March 3 , 2014 , through Williams ' label i Am Other and Columbia Records . Girl was Williams ' first studio album since his 2006 debut , In My Mind . It contains appearances by Justin Timberlake , Miley Cyrus , Daft Punk , JoJo and Alicia Keys .   Girl received generally positive reviews from critics .""
 ""In 2005 he independently released his debut album , Telegraph , released under Bell 's own name . His second album , It 's Only Time , was released in 2006 after signing with Universal Motown Records and debuted at # 81 on the Billboard 200 , selling over 23,000 copies its first week of release . It 's Only Time has sold 178,000 copies in the United States as of 2012 . His first video album , Drake Bell In Concert , was released in 2008 .""
 ""She is best known for her song , `` Love or Lust , '' featured in Bill Duke 's film , Deep Cover , as well as for singing choruses to many classic West Coast rap songs such as Snoop Dogg 's `` Gin and Juice '' and Dr. Dre 's `` Let Me Ride '' .""]"	SUPPORTS	Did Mel B release a song under the Virgin Records label in the year 2007?	SUPPORTS	CONSISTENT	NEUTRAL	NEUTRAL	5.6045823097229	302.626953125	8	{'retriever': 'dense', 'topk': 10, 'reranker': False, 'prompt_edit': False, 'reindex': False}	NOTENOUGHINFO_FAILURE	2	{'total_reward': 1.0, 'failure_reward': 0.0, 'faithfulness_reward': 0.0, 'prediction_reward': 1.0, 'consistency_reward': 1.0, 'latency_budget_reward': 1.0, 'vram_budget_reward': 1.0}
Mel B released a song on Virgin Records in 2007.	Mel B released a song under the Virgin Records label in the year 2007.	"[""Brown began her solo career when she released `` I Want You Back '' with Missy Elliott on Virgin Records . The single charted at number one on the UK Singles Chart , followed by the release of her debut album , Hot ( 2000 ) . The album also saw the release of two top 10 singles `` Tell Me '' and `` Feels So Good '' . L.A. State of Mind was Brown 's second studio album , released in 2005 on the independent label Amber Café , which saw the release of one single , `` Today '' in June that year .""
 'It debuted at # 81 on the Top 100 Mexican Albums Chart . Bell released an EP in 2011 called A Reminder independently . In 2014 , Bell released his third album , Ready Steady Go ! under indie label Surfdog Records . Ready Steady Go ! debuted at # 182 on the Billboard 200 , and sold 2,000 copies in its first week of release .'
 ""Avenged Sevenfold is the eponymous fourth studio album by American heavy metal band Avenged Sevenfold , released on October 30 , 2007 by Warner Bros. . Records . The album , originally slated for an October 16 release , was delayed by two weeks in order to provide more time to complete bonus material and production for the record , including the making of the animated music video for the song `` A Little Piece of Heaven '' . The album debuted at number 4 on the Billboard 200 .""
 'In 1997 , to coincide with the release of Nimrod , Armstrong founded Adeline Records in Oakland to help support other bands releasing music and signed bands such as The Frustrators , AFI and Dillinger Four . The record company has since come under the management of Pat Magnarella .'
 ""`` I Kissed a Girl '' is a song recorded by American singer Katy Perry for her second studio album , One of the Boys ( 2008 ) . It was released on April 28 , 2008 , by Capitol Records as the lead single from the record . Perry co-wrote the song with its producers Dr. Luke and Benny Blanco , with additional songwriting provided by Max Martin and Cathy Dennis . `` I Kissed a Girl '' is a pop rock song with elements of new wave .""]"	SUPPORTS	Did Mel B release a song under the Virgin Records label in the year 2007?	SUPPORTS	CONSISTENT	NEUTRAL	NEUTRAL	4.626554012298584	149.3837890625	1	{'retriever': 'bm25', 'topk': 5, 'reranker': False, 'prompt_edit': False, 'reindex': True}	NOTENOUGHINFO_FAILURE	3	{'total_reward': 1.0, 'failure_reward': 0.0, 'faithfulness_reward': 0.0, 'prediction_reward': 1.0, 'consistency_reward': 1.0, 'latency_budget_reward': 1.0, 'vram_budget_reward': 1.0}
Mel B released a song on Virgin Records in 2007.	Mel B released a song under the Virgin Records label in the year 2007.	"[""Brown began her solo career when she released `` I Want You Back '' with Missy Elliott on Virgin Records . The single charted at number one on the UK Singles Chart , followed by the release of her debut album , Hot ( 2000 ) . The album also saw the release of two top 10 singles `` Tell Me '' and `` Feels So Good '' . L.A. State of Mind was Brown 's second studio album , released in 2005 on the independent label Amber Café , which saw the release of one single , `` Today '' in June that year .""
 'It debuted at # 81 on the Top 100 Mexican Albums Chart . Bell released an EP in 2011 called A Reminder independently . In 2014 , Bell released his third album , Ready Steady Go ! under indie label Surfdog Records . Ready Steady Go ! debuted at # 182 on the Billboard 200 , and sold 2,000 copies in its first week of release .'
 ""Avenged Sevenfold is the eponymous fourth studio album by American heavy metal band Avenged Sevenfold , released on October 30 , 2007 by Warner Bros. . Records . The album , originally slated for an October 16 release , was delayed by two weeks in order to provide more time to complete bonus material and production for the record , including the making of the animated music video for the song `` A Little Piece of Heaven '' . The album debuted at number 4 on the Billboard 200 .""
 'In 1997 , to coincide with the release of Nimrod , Armstrong founded Adeline Records in Oakland to help support other bands releasing music and signed bands such as The Frustrators , AFI and Dillinger Four . The record company has since come under the management of Pat Magnarella .'
 ""`` I Kissed a Girl '' is a song recorded by American singer Katy Perry for her second studio album , One of the Boys ( 2008 ) . It was released on April 28 , 2008 , by Capitol Records as the lead single from the record . Perry co-wrote the song with its producers Dr. Luke and Benny Blanco , with additional songwriting provided by Max Martin and Cathy Dennis . `` I Kissed a Girl '' is a pop rock song with elements of new wave .""]"	SUPPORTS	Did Mel B release a song under the Virgin Records label in the year 2007?	SUPPORTS	CONSISTENT	NEUTRAL	NEUTRAL	3.9221839904785156	149.3837890625	4	{'retriever': 'bm25', 'topk': 20, 'reranker': False, 'prompt_edit': False, 'reindex': False}	NOTENOUGHINFO_FAILURE	4	{'total_reward': 1.0, 'failure_reward': 0.0, 'faithfulness_reward': 0.0, 'prediction_reward': 1.0, 'consistency_reward': 1.0, 'latency_budget_reward': 1.0, 'vram_budget_reward': 1.0}
Mel B released a song on Virgin Records in 2007.	Mel B released a song under the Virgin Records label in the year 2007.	"[""In mid-2012 , Brown announced a return to her solo recording career with the release of her third studio album by signing with EMI Music Australia . The scope of the deal with EMI office includes concessions for global partnering with EMI . The first single from the album , `` For Once in My Life '' was released in September 2013 , becoming Brown 's first record to be released after eight years .   Since 2000 , Brown has concentrated on a variety of non-singing projects .""
 ""Brown began her solo career when she released `` I Want You Back '' with Missy Elliott on Virgin Records . The single charted at number one on the UK Singles Chart , followed by the release of her debut album , Hot ( 2000 ) . The album also saw the release of two top 10 singles `` Tell Me '' and `` Feels So Good '' . L.A. State of Mind was Brown 's second studio album , released in 2005 on the independent label Amber Café , which saw the release of one single , `` Today '' in June that year .""
 'The album was released in June 2013 .'
 ""Kesha Rose Sebert ( [ ˈkɛʃə_roʊz_ˈsɛbərt ] ; born March 1 , 1987 ; formerly stylized as Ke $ ha ) is an American singer , songwriter , and rapper . In 2005 , at age 18 , Kesha was signed to producer Dr. Luke 's label Kemosabe Records . Her breakthrough came in early 2009 after appearing on American rapper Flo Rida 's number-one single `` Right Round '' .""
 ""He released his first single , `` Frontin ' '' , in 2003 and followed up with his debut solo album , In My Mind in 2006 . His second album , Girl , was released on March 3 , 2014 . This album was preceded by the commercially successful single , `` Happy '' . As part of the Neptunes , Williams has produced numerous hit singles for various recording artists .""]"	SUPPORTS	Did Mel B release a song under the Virgin Records label in the year 2007?	SUPPORTS	CONSISTENT	NEUTRAL	NEUTRAL	3.518552541732788	131.1318359375	6	{'retriever': 'dense', 'topk': 5, 'reranker': False, 'prompt_edit': False, 'reindex': False}	NOTENOUGHINFO_FAILURE	5	{'total_reward': 1.0, 'failure_reward': 0.0, 'faithfulness_reward': 0.0, 'prediction_reward': 1.0, 'consistency_reward': 1.0, 'latency_budget_reward': 1.0, 'vram_budget_reward': 1.0}
Noah Cyrus is a younger sister of Macy Grey.	The provided context does not contain any information about the relationship between Noah Cyrus and Macy Grey.	"[""Noah Lindsey Cyrus ( born January 8 , 2000 ) is an American actress and singer . She voiced the title role in the English version of the 2009 animated feature film Ponyo . In 2016 , she released her debut single `` Make Me ( Cry ) '' , featuring vocals from Labrinth . Her debut album is set to be released in late 2017 . She is the youngest daughter of Billy Ray Cyrus and younger sister of Miley Cyrus and Trace Cyrus .""
 ""Horses in the subspecies caballus are domesticated , although some domesticated populations live in the wild as feral horses . These feral populations are not true wild horses , as this term is used to describe horses that have never been domesticated , such as the endangered Przewalski 's horse , a separate subspecies , and the only remaining true wild horse . There is an extensive , specialized vocabulary used to describe equine-related concepts , covering everything from anatomy to life stages , size , colors , markings , breeds , locomotion , and behavior .""
 'The brain is contained in , and protected by , the skull bones of the head .   The cerebrum is the largest part of the human brain . It is divided into two cerebral hemispheres which are covered by the cerebral cortex . The cortex is an outer layer of grey matter , that covers the core of white matter . The cortex is split into the neocortex and the much smaller allocortex . The neocortex is made up of six neuronal layers , and the allocortex has three or four such layers .'
 ""Hush is a 2016 American horror film directed and edited by Mike Flanagan , starring Kate Siegel , and written by both . The film co-stars John Gallagher Jr. , Michael Trucco , Samantha Sloyan , and Emilia `` Emma '' Graves . The film was produced by Trevor Macy , through Intrepid Pictures , and Jason Blum through his Blumhouse Productions banner .""
 ""Since then , she has taken on starring roles in The Perks of Being a Wallflower ( 2012 ) and The Bling Ring ( 2013 ) , made a brief appearance as an exaggerated version of herself in This Is the End ( 2013 ) , and portrayed the title character 's adopted daughter in Noah ( 2014 ) . In 2017 , she portrayed Belle in a live-action adaptation of Beauty and the Beast . Her other releases include Regression ( 2015 ) , Colonia ( 2015 ) and The Circle ( 2017 ) .""]"	REFUTES	Is it true that Noah Cyrus is a younger sister of Macy Grey?	NOTENOUGHINFO	MISSING	NEUTRAL	NEUTRAL	3.3889381885528564	157.60791015625	0	{'retriever': 'bm25', 'topk': 5, 'reranker': False, 'prompt_edit': False, 'reindex': False}	NOTENOUGHINFO_FAILURE	0	{}
Noah Cyrus is a younger sister of Macy Grey.	Noah Cyrus is described as the youngest daughter of Billy Ray Cyrus and younger sister of Miley Cyrus and Trace Cyrus.	"[""Noah Lindsey Cyrus ( born January 8 , 2000 ) is an American actress and singer . She voiced the title role in the English version of the 2009 animated feature film Ponyo . In 2016 , she released her debut single `` Make Me ( Cry ) '' , featuring vocals from Labrinth . Her debut album is set to be released in late 2017 . She is the youngest daughter of Billy Ray Cyrus and younger sister of Miley Cyrus and Trace Cyrus .""
 'When DC Comics adjusted its continuity , Black Canary was established as two separate entities : mother and daughter , Dinah Drake and Dinah Laurel Lance . Stories since the Silver Age have focused on the younger Black Canary , ascribing her superhuman abilities to a genetic mutation she uses as well as her amazing training in martial arts .'
 ""Richard Linklater 's daughter Lorelei plays Mason 's sister , Samantha .   Production began in 2002 and finished in 2013 , with Linklater 's goal to make a film about growing up . The project began without a completed script , with only basic plot points and the ending written initially . Linklater developed the script throughout production , writing the next year 's portion of the film after rewatching the previous year 's footage .""
 ""The show also features Ashleigh Murray as Josie McCoy , the lead singer of the Pussycats , and Madelaine Petsch as Cheryl Blossom , the twin sister of Jason Blossom , who is at the center of the series ' mystery . Other characters in the show include Fred Andrews , Alice Cooper and Hermione Lodge , the parents of Archie , Betty , and Veronica respectively .""
 ""Introduced in the show 's pilot as a naive runaway bride who reunites with her childhood best friend Monica and relocates to New York City , Rachel gradually evolves from a spoiled , inexperienced daddy 's girl into a successful businesswoman . During the show 's second season , the character becomes romantically involved with her friend Ross , with whom she maintains a complicated on-again , off-again relationship throughout the entire series . Together , the characters have a daughter , Emma .""]"	REFUTES	Is it true that Noah Cyrus is a younger sister of Macy Grey?	SUPPORTS	MISSING	CONTRADICTION	CONTRADICTION	5.015422105789185	134.0966796875	6	{'retriever': 'dense', 'topk': 5, 'reranker': False, 'prompt_edit': False, 'reindex': False}	WRONG_RESPONSE_FAILURE	1	{'total_reward': 0.0, 'failure_reward': 0.0, 'faithfulness_reward': 0.0, 'prediction_reward': 0.0, 'consistency_reward': 0.0, 'latency_budget_reward': 1.0, 'vram_budget_reward': 1.0}
Noah Cyrus is a younger sister of Macy Grey.	Macy Grey is mentioned as the younger sister of Miley Cyrus.	"[""Noah Lindsey Cyrus ( born January 8 , 2000 ) is an American actress and singer . She voiced the title role in the English version of the 2009 animated feature film Ponyo . In 2016 , she released her debut single `` Make Me ( Cry ) '' , featuring vocals from Labrinth . Her debut album is set to be released in late 2017 . She is the youngest daughter of Billy Ray Cyrus and younger sister of Miley Cyrus and Trace Cyrus .""
 ""Richard Linklater 's daughter Lorelei plays Mason 's sister , Samantha .   Production began in 2002 and finished in 2013 , with Linklater 's goal to make a film about growing up . The project began without a completed script , with only basic plot points and the ending written initially . Linklater developed the script throughout production , writing the next year 's portion of the film after rewatching the previous year 's footage .""
 ""The show also features Ashleigh Murray as Josie McCoy , the lead singer of the Pussycats , and Madelaine Petsch as Cheryl Blossom , the twin sister of Jason Blossom , who is at the center of the series ' mystery . Other characters in the show include Fred Andrews , Alice Cooper and Hermione Lodge , the parents of Archie , Betty , and Veronica respectively .""]"	REFUTES	Is it true that Noah Cyrus is a younger sister of Macy Grey?	SUPPORTS	MISSING	CONTRADICTION	NEUTRAL	3.9045164585113525	94.0341796875	3	{'retriever': 'dense', 'topk': 5, 'reranker': True, 'prompt_edit': False, 'reindex': False}	WRONG_RESPONSE_FAILURE	2	{'total_reward': 0.0, 'failure_reward': 0.0, 'faithfulness_reward': 0.0, 'prediction_reward': 0.0, 'consistency_reward': 0.0, 'latency_budget_reward': 1.0, 'vram_budget_reward': 1.0}
Noah Cyrus is a younger sister of Macy Grey.	Noah Cyrus is described as the youngest daughter of Billy Ray Cyrus and younger sister of Miley Cyrus and Trace Cyrus.	"[""Noah Lindsey Cyrus ( born January 8 , 2000 ) is an American actress and singer . She voiced the title role in the English version of the 2009 animated feature film Ponyo . In 2016 , she released her debut single `` Make Me ( Cry ) '' , featuring vocals from Labrinth . Her debut album is set to be released in late 2017 . She is the youngest daughter of Billy Ray Cyrus and younger sister of Miley Cyrus and Trace Cyrus .""
 ""Richard Linklater 's daughter Lorelei plays Mason 's sister , Samantha .   Production began in 2002 and finished in 2013 , with Linklater 's goal to make a film about growing up . The project began without a completed script , with only basic plot points and the ending written initially . Linklater developed the script throughout production , writing the next year 's portion of the film after rewatching the previous year 's footage .""
 ""The show also features Ashleigh Murray as Josie McCoy , the lead singer of the Pussycats , and Madelaine Petsch as Cheryl Blossom , the twin sister of Jason Blossom , who is at the center of the series ' mystery . Other characters in the show include Fred Andrews , Alice Cooper and Hermione Lodge , the parents of Archie , Betty , and Veronica respectively .""]"	REFUTES	Is it true that Noah Cyrus is a younger sister of Macy Grey?	SUPPORTS	MISSING	CONTRADICTION	CONTRADICTION	3.3403475284576416	110.06494140625	4	{'retriever': 'dense', 'topk': 5, 'reranker': True, 'prompt_edit': 'WP', 'reindex': False}	WRONG_RESPONSE_FAILURE	3	{'total_reward': 0.0, 'failure_reward': 0.0, 'faithfulness_reward': 0.0, 'prediction_reward': 0.0, 'consistency_reward': 0.0, 'latency_budget_reward': 1.0, 'vram_budget_reward': 1.0}
Noah Cyrus is a younger sister of Macy Grey.	Noah Cyrus is described as the youngest daughter of Billy Ray Cyrus and younger sister of Miley Cyrus and Trace Cyrus.	"[""Noah Lindsey Cyrus ( born January 8 , 2000 ) is an American actress and singer . She voiced the title role in the English version of the 2009 animated feature film Ponyo . In 2016 , she released her debut single `` Make Me ( Cry ) '' , featuring vocals from Labrinth . Her debut album is set to be released in late 2017 . She is the youngest daughter of Billy Ray Cyrus and younger sister of Miley Cyrus and Trace Cyrus .""
 'When DC Comics adjusted its continuity , Black Canary was established as two separate entities : mother and daughter , Dinah Drake and Dinah Laurel Lance . Stories since the Silver Age have focused on the younger Black Canary , ascribing her superhuman abilities to a genetic mutation she uses as well as her amazing training in martial arts .'
 ""Richard Linklater 's daughter Lorelei plays Mason 's sister , Samantha .   Production began in 2002 and finished in 2013 , with Linklater 's goal to make a film about growing up . The project began without a completed script , with only basic plot points and the ending written initially . Linklater developed the script throughout production , writing the next year 's portion of the film after rewatching the previous year 's footage .""
 ""The show also features Ashleigh Murray as Josie McCoy , the lead singer of the Pussycats , and Madelaine Petsch as Cheryl Blossom , the twin sister of Jason Blossom , who is at the center of the series ' mystery . Other characters in the show include Fred Andrews , Alice Cooper and Hermione Lodge , the parents of Archie , Betty , and Veronica respectively .""
 ""Introduced in the show 's pilot as a naive runaway bride who reunites with her childhood best friend Monica and relocates to New York City , Rachel gradually evolves from a spoiled , inexperienced daddy 's girl into a successful businesswoman . During the show 's second season , the character becomes romantically involved with her friend Ross , with whom she maintains a complicated on-again , off-again relationship throughout the entire series . Together , the characters have a daughter , Emma .""]"	REFUTES	Is it true that Noah Cyrus is a younger sister of Macy Grey?	SUPPORTS	MISSING	CONTRADICTION	CONTRADICTION	3.566955327987671	140.6708984375	2	{'retriever': 'dense', 'topk': 5, 'reranker': False, 'prompt_edit': 'WR', 'reindex': False}	WRONG_RESPONSE_FAILURE	4	{'total_reward': 0.0, 'failure_reward': 0.0, 'faithfulness_reward': 0.0, 'prediction_reward': 0.0, 'consistency_reward': 0.0, 'latency_budget_reward': 1.0, 'vram_budget_reward': 1.0}
Noah Cyrus is a younger sister of Macy Grey.	Macy Grey is mentioned as the younger sister of Miley Cyrus.	"[""Noah Lindsey Cyrus ( born January 8 , 2000 ) is an American actress and singer . She voiced the title role in the English version of the 2009 animated feature film Ponyo . In 2016 , she released her debut single `` Make Me ( Cry ) '' , featuring vocals from Labrinth . Her debut album is set to be released in late 2017 . She is the youngest daughter of Billy Ray Cyrus and younger sister of Miley Cyrus and Trace Cyrus .""
 ""Richard Linklater 's daughter Lorelei plays Mason 's sister , Samantha .   Production began in 2002 and finished in 2013 , with Linklater 's goal to make a film about growing up . The project began without a completed script , with only basic plot points and the ending written initially . Linklater developed the script throughout production , writing the next year 's portion of the film after rewatching the previous year 's footage .""
 ""The show also features Ashleigh Murray as Josie McCoy , the lead singer of the Pussycats , and Madelaine Petsch as Cheryl Blossom , the twin sister of Jason Blossom , who is at the center of the series ' mystery . Other characters in the show include Fred Andrews , Alice Cooper and Hermione Lodge , the parents of Archie , Betty , and Veronica respectively .""]"	REFUTES	Is it true that Noah Cyrus is a younger sister of Macy Grey?	SUPPORTS	MISSING	CONTRADICTION	NEUTRAL	3.799421787261963	100.66796875	5	{'retriever': 'dense', 'topk': 5, 'reranker': True, 'prompt_edit': 'WR', 'reindex': False}	WRONG_RESPONSE_FAILURE	5	{'total_reward': 0.0, 'failure_reward': 0.0, 'faithfulness_reward': 0.0, 'prediction_reward': 0.0, 'consistency_reward': 0.0, 'latency_budget_reward': 1.0, 'vram_budget_reward': 1.0}
Mohra is a truck.	The context states that Mohra is a 1994 Indian action thriller film directed by Rajiv Rai, starring Akshay Kumar, Sunil Shetty, Raveena Tandon, and Naseeruddin Shah.	"['Mohra ( Pawn ) is a 1994 Indian action thriller film directed by Rajiv Rai starring Akshay Kumar , Sunil Shetty , Raveena Tandon and Naseeruddin Shah in the lead roles with Paresh Rawal , Gulshan Grover , Raza Murad and Sadashiv Amrapurkar in supporting roles . The film was released on 1 July 1994 and went on to become the second highest grossing Indian film of 1994 .   The film got nine Filmfare nominations in 1995 .'
 ""The popularity of the song `` Tu Cheez Badi Hai Mast Mast '' , which was picturised on Raveena Tandon led to her being nicknamed `` The mast mast girl '' .""
 ""Horses in the subspecies caballus are domesticated , although some domesticated populations live in the wild as feral horses . These feral populations are not true wild horses , as this term is used to describe horses that have never been domesticated , such as the endangered Przewalski 's horse , a separate subspecies , and the only remaining true wild horse . There is an extensive , specialized vocabulary used to describe equine-related concepts , covering everything from anatomy to life stages , size , colors , markings , breeds , locomotion , and behavior .""
 'The film got nine Filmfare nominations in 1995 . It was the first time where the trio of Akshay Kumar , Sunil Shetty and Paresh Rawal worked together . Originally Divya Bharti was considered for the female lead and she also completed shooting for many scenes of the film , but after her death , Raveena Tandon was roped into the project as her replacement .   The film is also remembered for its songs which became chartbusters in that year .'
 ""Tata Motors entered the passenger vehicle market in 1991 with the launch of the Tata Sierra , becoming the first Indian manufacturer to achieve the capability of developing a competitive indigenous automobile . In 1998 , Tata launched the first fully indigenous Indian passenger car , the Indica , and in 2008 launched the Tata Nano , the world 's cheapest car . Tata Motors acquired the South Korean truck manufacturer Daewoo Commercial Vehicles Company in 2004 and purchased Jaguar Land Rover from Ford in 2008 .""]"	REFUTES	Is it true that Mohra is a truck?	REFUTES	CONSISTENT	CONTRADICTION	ENTAILMENT	4.246002674102783	138.0244140625	0	{'retriever': 'bm25', 'topk': 5, 'reranker': False, 'prompt_edit': False, 'reindex': False}	NO_FAILURE	0	{}
Hourglass is performed by a Russian singer-songwriter.	The provided context does not contain any information about an hourglass being performed by a Russian singer-songwriter.	"[""Hourglass is singer-songwriter James Taylor 's fourteenth studio album . Taylor 's first studio album in six years was released in 1997 to glowing notices . It built upon the success of his previous effort , New Moon Shine .   Hourglass was an introspective album that earned Taylor his best critical reviews in almost twenty years . The album 's lyrics focused largely on Taylor 's troubled past and family .""
 'Damon Albarn , OBE ( [ ˈdeɪmən_ˈælbɑrn ] born 23 March 1968 ) is an English musician , singer , songwriter , multi-instrumentalist and record producer . He is the lead singer of the British rock band Blur and co-founder , vocalist , instrumentalist and principal songwriter of the virtual band Gorillaz .'
 ""Samuel Timothy `` Tim '' McGraw ( born May 1 , 1967 ) is an American country singer , songwriter and actor . He has been married to singer Faith Hill since 1996 , and is the son of the late baseball player Tug McGraw .   McGraw began singing in a neotraditional country style , but starting with 1997 's Everywhere , he developed a more crossover-friendly , country pop sound , making him one of the first male Country singers of his generation to crossover to Pop .""
 'At the time the Family began to form , Manson was an unemployed former convict , who had spent half of his life in correctional institutions for a variety of offenses . Before the murders , he was a singer-songwriter on the fringe of the Los Angeles music industry , chiefly through a chance association with Dennis Wilson , drummer and founding member of the Beach Boys . After Manson was charged with the crimes of which he was later convicted , recordings of songs written and performed by him were released commercially . Various musicians have covered some of his songs .'
 ""Billie Joe Armstrong ( born February 17 , 1972 ) is an American musician , singer , songwriter and actor who is best known as the lead vocalist , primary songwriter , and guitarist of the punk rock band Green Day , which he co-founded with Mike Dirnt . He is also a guitarist and vocalist for the punk rock band Pinhead Gunpowder and provides lead vocals for Green Day 's side projects Foxboro Hot Tubs and The Network .""]"	REFUTES	Is it true that an hourglass is performed by a Russian singer-songwriter?	NOTENOUGHINFO	MISSING	CONTRADICTION	ENTAILMENT	3.5369913578033447	143.2177734375	0	{'retriever': 'bm25', 'topk': 5, 'reranker': False, 'prompt_edit': False, 'reindex': False}	NO_FAILURE	0	{}
Shane Black was born in 1961.	The context states that Shane Black was born on December 16, 1961.	"['Shane Black ( born December 16 , 1961 ) is an American screenwriter , director , producer and actor , known for writing the 1987 action film hit Lethal Weapon , and his directorial debut with the film Kiss Kiss Bang Bang in 2005 . His acting credits include appearing in Predator , the first film in the series of which he is currently set to write and direct the next installment , The Predator .'
 'Timothy Simon Roth ( born 14 May 1961 ) is an English actor and director . He made his debut role in the 1982 television film Made in Britain ( 1982 ) . He garnered critical acclaim for his role as Myron in the 1984 film The Hit ( 1984 ) , for which he was nominated for his first BAFTA Award .'
 'Stephen McDannell Hillenburg ( born August21 , 1961 ) is an American cartoonist , animator , director , producer , and writer . A former marine-biology teacher , he created SpongeBob SquarePants ( 1999 ) , which has gone on to become one of the longest-running American television series as well as the highest-rated show ever to air on Nickelodeon .   Born in Lawton , Oklahoma and raised in Anaheim , California , Hillenburg became fascinated with the ocean as a child and also developed an interest in art .'
 'Yara Sayeh Shahidi شهیدی [ jɑːɾɑː sɑːje ʃæhiːdiː ] ) ( born February 10 , 2000 ) is an American actress and model . She is best known for playing Zoey on the sitcom Black-ish .'
 ""Shane Lee Lindstrom ( born February 11 , 1994 ) , professionally known as Murda Beatz , is a Canadian hip hop record producer from Fort Erie , Ontario . He is noted for producing songs such as `` No Shopping '' by rapper French Montana , `` Back on Road '' by rapper Gucci Mane , Lindstrom has also produced several tracks for various artists such as Drake , Migos , Travis Scott and PartyNextDoor , among others .""]"	SUPPORTS	Was Shane Black born in the year 1961?	SUPPORTS	CONSISTENT	ENTAILMENT	ENTAILMENT	3.256436824798584	134.0966796875	0	{'retriever': 'bm25', 'topk': 5, 'reranker': False, 'prompt_edit': False, 'reindex': False}	NO_FAILURE	0	{}
A View to a Kill is an action movie.	The provided context does not contain any information about the movie 'A View to a Kill' or its genre.	"[""Colombiana is a 2011 French action film co-written and produced by Luc Besson and directed by Olivier Megaton . The French director 's best known other movies are the actions films Transporter 3 , Taken 2 and Taken 3 . The film stars Zoe Saldana in the lead role with supporting roles by Michael Vartan , Cliff Curtis , Lennie James , Callum Blue , and Jordi Mollà . `` Colombiana '' means a woman from Colombia , and is also a genus of orchids .""
 'Typically , the Congressional Space Medal of Honor is awarded for scientific discoveries or actions of tremendous benefit to mankind . The decoration may also be awarded for extreme bravery during a space emergency or in preventing a major space disaster . The Congressional Space Medal of Honor may also be presented posthumously to those astronauts who die while performing a US space mission ; and as of 2004 , all 17 astronauts killed on US missions have been awarded the medal .'
 ""and is guarded by many heavily armed gangsters , Cataleya uses every means at her disposal , including death threats to law enforcement officials , to find where Don Luis is hiding and avenge her family 's death . While the film received a mixed reception from critics , with more negative reviews than positive reviews , Saldana 's action sequences were praised and the movie earned $ 61 million against a $ 35 million budget .""
 'In the following seasons , Kaepernick lost and won back his starting job , with the 49ers missing the playoffs for three years consecutively .   In 2016 , Kaepernick gained national attention when he began protesting by not standing while the United States national anthem was being performed before the start of games , motivated by what he viewed as the oppression of non-white races in the U.S. His actions prompted a wide variety of responses , including additional athletes in the NFL and other U.S. sports leagues protesting the anthem in various ways .'
 ""Horses in the subspecies caballus are domesticated , although some domesticated populations live in the wild as feral horses . These feral populations are not true wild horses , as this term is used to describe horses that have never been domesticated , such as the endangered Przewalski 's horse , a separate subspecies , and the only remaining true wild horse . There is an extensive , specialized vocabulary used to describe equine-related concepts , covering everything from anatomy to life stages , size , colors , markings , breeds , locomotion , and behavior .""]"	NOTENOUGHINFO	"Is it true that ""A View to a Kill"" is an action movie?"	NOTENOUGHINFO	MISSING	CONTRADICTION	ENTAILMENT	3.6222004890441895	148.912109375	0	{'retriever': 'bm25', 'topk': 5, 'reranker': False, 'prompt_edit': False, 'reindex': False}	NO_FAILURE	0	{}
Papua comprised all of Indonesia.	The provided context does not contain any information about Papua being included within the territory of Indonesia.	"[""After France 's defeat in the French and Indian War in 1762 the region came under British rule , and was ceded to the newly independent United States after the British defeat in the American Revolutionary War . The area was organized as part of the larger Northwest Territory until 1800 , when western Michigan became part of the Indiana Territory . Eventually , in 1805 , the Michigan Territory was formed , which lasted until it was admitted into the Union on January 26 , 1837 , as the 26th state .""
 'was a grouping of French colonial territories in Southeast Asia .   A grouping of the three Vietnamese regions of Tonkin ( north ) , Annam ( centre ) , and Cochinchina ( south ) with Cambodia was formed in 1887 . Laos was added in 1893 and the leased Chinese territory of Guangzhouwan in 1898 . The capital was moved from Saigon ( in Cochinchina ) to Hanoi ( Tonkin ) in 1902 and again to Da Lat ( Annam ) in 1939 .'
 ""I.e. , including water that is part of state territory . Georgia is the largest state by land area east of the Mississippi and Michigan the second-largest . Its capital is Lansing , and its largest city is Detroit .   Michigan is the only state to consist of two peninsulas . The Lower Peninsula , to which the name Michigan was originally applied , is often noted to be shaped like a mitten . The Upper Peninsula ( often referred to as `` the U.P. ''""
 ""Michigan [ ˈmɪʃᵻgən ] is a state in the Great Lakes and Midwestern regions of the United States . The name Michigan is the French form of the Ojibwa word mishigamaa , meaning `` large water '' or `` large lake '' . Michigan is the tenth most populous of the 50 United States , with the 11th most extensive total area ( the largest state by total area east of the Mississippi River ) . I.e. , including water that is part of state territory .""
 ""Alexandra Anna Daddario ( born March 16 , 1986 ) is an American actress . She is best known for playing Annabeth Chase in the Percy Jackson film series , and Blake Gaines in San Andreas . She starred in the films Texas Chainsaw 3D and Hall Pass , and has guest starred on series including White Collar , It 's Always Sunny in Philadelphia , True Detective , and American Horror Story : Hotel .""]"	NOTENOUGHINFO	Was it true that Papua was entirely included within the territory of Indonesia?	NOTENOUGHINFO	MISSING	CONTRADICTION	ENTAILMENT	3.374635934829712	150.56494140625	0	{'retriever': 'bm25', 'topk': 5, 'reranker': False, 'prompt_edit': False, 'reindex': False}	NO_FAILURE	0	{}
